material_id;formula_pretty
mp-1000217;Sr2LiSc(B2O5)2
mp-1000500;BaAlGe
mp-1000517;Tm(CuGe)2
mp-1000691;Fe2P
mp-1000815;ThB2Ir3
mp-1001155;Te2Rh
mp-1001498;HgRhF6
mp-1001530;Er(NiP)2
mp-1001696;Tm(CuGe)2
mp-1001928;Er(GeRu)2
mp-1002183;TcB
mp-1002184;TcB
mp-1002187;TcB
mp-1002188;TcB
mp-1002194;TcB
mp-1002195;TcB
mp-1002199;TcB
mp-1002201;TcB
mp-1002204;TcB
mp-1002205;TcB
mp-1002212;TcB
mp-1002214;TcB
mp-1002215;TcB
mp-1002218;TcB
mp-1002225;TcB
mp-1002231;TcB
mp-1003061;DyAl3
mp-10039;Pr3AlC
mp-1004656;DyAl3
mp-1005343;MgCu
mp-1005370;MgCu
mp-1006366;Ce2Si3Rh
mp-10064;SiO2
mp-1006563;SiO2
mp-1006973;BaAlGe
mp-1006991;Tm(CuGe)2
mp-1007150;Fe2P
mp-1007266;ThB2Ir3
mp-1007530;Te2Rh
mp-1008018;HgRhF6
mp-1008033;Er(NiP)2
mp-1008143;Tm(CuGe)2
mp-1008264;Er(GeRu)2
mp-1010315;DyAl3
mp-1010825;MgCu
mp-1011371;SiO2
mp-10115;ThB2Ir3
mp-1011681;BaAlGe
mp-1011715;Tm(CuGe)2
mp-1011886;Fe2P
mp-1012020;ThB2Ir3
mp-1012292;Te2Rh
mp-1012354;HgRhF6
mp-1012359;Er(NiP)2
mp-1012461;Tm(CuGe)2
mp-1012577;Er(GeRu)2
mp-1018049;LaN
mp-1018148;ScAu2
mp-1018224;LaN
mp-1018346;ScAu2
mp-1018411;LaN
mp-1018454;ScAu2
mp-1018522;ScAu2
mp-1018593;LaN
mp-1018698;EuHgPb
mp-1018943;EuHgPb
mp-1019144;EuHgPb
mp-1019382;EuHgPb
mp-1021503;SiO2
mp-1023376;SiO2
mp-10426;Nb2O5
mp-1045083;CaCu(GeO3)2
mp-1045102;CaCu(GeO3)2
mp-1045138;CaCu(GeO3)2
mp-1045145;CaCu(GeO3)2
mp-1045282;CaCu(GeO3)2
mp-10464;CaF2
mp-1051901;DyAl3
mp-1051920;DyAl3
mp-1051925;DyAl3
mp-1056956;LaN
mp-1056964;LaN
mp-1056979;LaN
mp-1056981;LaN
mp-1057066;LaN
mp-1057078;LaN
mp-1057104;LaN
mp-1057107;LaN
mp-1057283;TcB
mp-1057291;TcB
mp-1057305;TcB
mp-1057314;TcB
mp-1057421;LaN
mp-1057432;LaN
mp-1057444;LaN
mp-1057448;LaN
mp-1057774;LaN
mp-1057783;LaN
mp-1057805;LaN
mp-1057807;LaN
mp-1057895;LaN
mp-1057903;LaN
mp-1057929;LaN
mp-1057931;LaN
mp-1058250;LaN
mp-1058260;LaN
mp-1058276;LaN
mp-1058277;LaN
mp-1058408;LaN
mp-1058423;LaN
mp-1058437;LaN
mp-1058443;LaN
mp-1058498;TcB
mp-1058510;TcB
mp-1058525;TcB
mp-1058529;TcB
mp-1058573;LaN
mp-1058582;LaN
mp-1058593;LaN
mp-1058600;LaN
mp-1058605;LaN
mp-1058608;LaN
mp-1058619;LaN
mp-1058621;LaN
mp-1058676;LaN
mp-1058685;LaN
mp-1058708;LaN
mp-1058709;LaN
mp-1058827;LaN
mp-1058841;LaN
mp-1058861;LaN
mp-1058865;LaN
mp-1059047;LaN
mp-1059054;LaN
mp-1059069;LaN
mp-1059073;LaN
mp-1059154;LaN
mp-1059169;LaN
mp-1059190;LaN
mp-1059194;LaN
mp-1059238;LaN
mp-1059247;LaN
mp-1059266;LaN
mp-1059268;LaN
mp-1059347;LaN
mp-1059358;LaN
mp-1059379;LaN
mp-1059380;LaN
mp-1059562;LaN
mp-1059573;LaN
mp-1059605;LaN
mp-1059607;LaN
mp-1059782;LaN
mp-1059797;LaN
mp-1059826;LaN
mp-1059832;LaN
mp-1059996;TcB
mp-1060025;LaN
mp-1060031;TcB
mp-1060034;LaN
mp-1060053;TcB
mp-1060061;LaN
mp-1060062;LaN
mp-1060065;LaN
mp-1060078;LaN
mp-1060080;TcB
mp-1060087;LaN
mp-1060094;LaN
mp-1060103;LaN
mp-1060109;LaN
mp-1060111;LaN
mp-1060116;LaN
mp-1060129;LaN
mp-1060133;LaN
mp-1060138;LaN
mp-1060146;LaN
mp-1060164;LaN
mp-1060186;LaN
mp-1060215;LaN
mp-1060218;LaN
mp-1060313;LaN
mp-1060326;LaN
mp-1060329;LaN
mp-1060342;LaN
mp-1060361;LaN
mp-1060368;LaN
mp-1060377;LaN
mp-1060381;LaN
mp-1060390;LaN
mp-1060405;LaN
mp-1060442;LaN
mp-1060444;LaN
mp-1060975;LaN
mp-1060987;LaN
mp-1061033;LaN
mp-1061037;LaN
mp-1061043;LaN
mp-1061051;TcB
mp-1061066;LaN
mp-1061074;TcB
mp-1061104;LaN
mp-1061105;TcB
mp-1061112;LaN
mp-1061121;TcB
mp-1061194;LaN
mp-1061215;LaN
mp-1061242;LaN
mp-1061253;LaN
mp-1061260;LaN
mp-1061261;LaN
mp-1061292;LaN
mp-1061296;LaN
mp-1061377;LaN
mp-1061393;LaN
mp-1061431;LaN
mp-1061433;LaN
mp-1062755;CaF2
mp-1062773;CaF2
mp-1062785;CaF2
mp-1062786;CaF2
mp-1063322;ThO2
mp-1063329;ThO2
mp-1063346;ThO2
mp-1063347;ThO2
mp-1063532;ScAu2
mp-1063568;ScAu2
mp-1063600;ScAu2
mp-1063625;ScAu2
mp-1064406;LaN
mp-1064412;LaN
mp-1064428;LaN
mp-1064442;LaN
mp-1064469;YbNiC2
mp-1064504;YbNiC2
mp-1064525;YbNiC2
mp-1064561;YbNiC2
mp-1064902;LaN
mp-1064912;LaN
mp-1064926;LaN
mp-1064938;LaN
mp-1066433;TcB
mp-1066444;TcB
mp-1066462;TcB
mp-1066469;TcB
mp-1066882;TbAu
mp-1066920;TbAu
mp-1066966;TbAu
mp-1067;LiAl
mp-1067012;TbAu
mp-1067024;TiAl3
mp-1067060;TiAl3
mp-1067079;TiAl3
mp-1067091;TiAl3
mp-1067383;TiAl3
mp-1067391;TiAl3
mp-1067395;TcB
mp-1067402;TiAl3
mp-1067406;TiAl3
mp-1067421;TcB
mp-1067440;TcB
mp-1067443;TiAl3
mp-1067450;TcB
mp-1067451;TcB
mp-1067478;TiAl3
mp-1067495;TiAl3
mp-1067507;TiAl3
mp-1067574;TcB
mp-1067704;TcB
mp-1067842;TcB
mp-1068572;Pr3AlC
mp-1068590;Pr3AlC
mp-1068612;Pr3AlC
mp-1068628;Pr3AlC
mp-1068632;Tm(CuGe)2
mp-1068701;Tm(CuGe)2
mp-1068790;Tm(CuGe)2
mp-1068806;Tm(CuGe)2
mp-1068822;Tm(CuGe)2
mp-1068878;Tm(CuGe)2
mp-1068947;Tm(CuGe)2
mp-1068960;Bi2Se3
mp-1068970;Tm(CuGe)2
mp-1068982;Bi2Se3
mp-1069013;Bi2Se3
mp-1069018;Bi2Se3
mp-1069330;Nd2AlNi2
mp-1069387;Nd2AlNi2
mp-1069431;Nd2AlNi2
mp-1069440;Bi2Se3
mp-1069448;Bi2Se3
mp-1069458;Bi2Se3
mp-1069459;Bi2Se3
mp-1069462;Yb(MnSi)2
mp-1069489;Nd2AlNi2
mp-1069512;Yb(MnSi)2
mp-1069527;Yb(MnSi)2
mp-1069563;Yb(MnSi)2
mp-1069565;Yb(MnSi)2
mp-1069606;Yb(MnSi)2
mp-1069621;Yb(MnSi)2
mp-1069629;Yb(MnSi)2
mp-1069657;Yb(MnSi)2
mp-1069686;Yb(MnSi)2
mp-1069731;Yb(MnSi)2
mp-1069757;Yb(MnSi)2
mp-1070237;Tm(CuGe)2
mp-1070282;Tm(CuGe)2
mp-1070324;Tm(CuGe)2
mp-1070362;Tm(CuGe)2
mp-1070408;Gd(SiIr)2
mp-1070470;Yb(MnSi)2
mp-1070522;Yb(MnSi)2
mp-1070577;Yb(MnSi)2
mp-1070583;ErAu4
mp-1070593;Gd(SiIr)2
mp-1070619;Yb(MnSi)2
mp-1070674;Gd(SiIr)2
mp-1070677;ErAu4
mp-1070712;Gd(SiIr)2
mp-1070717;ErAu4
mp-1070734;Bi2Se3
mp-1070756;Bi2Se3
mp-1070768;ErAu4
mp-1070776;Bi2Se3
mp-1070785;Bi2Se3
mp-1070842;LaPIr
mp-1070877;LaPIr
mp-1070942;LaPIr
mp-1070947;LaPIr
mp-1071471;NpSi2
mp-1071485;NpSi2
mp-1071526;NpSi2
mp-1071537;NpSi2
mp-1071747;SiO2
mp-1071749;SiO2
mp-1071752;SiO2
mp-1071755;SiO2
mp-1071820;SiO2
mp-1071825;SiO2
mp-1071830;SiO2
mp-1071833;SiO2
mp-1072073;TiBe2
mp-1072128;TiBe2
mp-1072147;TiBe2
mp-1072154;TiBe2
mp-1072352;SiO2
mp-1072364;SiO2
mp-1072367;SiO2
mp-1072372;SiO2
mp-1072615;TiSi2
mp-1072624;TiSi2
mp-1072643;TiSi2
mp-1072661;TiSi2
mp-1072922;TbSn2
mp-1072948;TbSn2
mp-1072977;TbSn2
mp-1076948;TbSn2
mp-1076957;SiO2
mp-1076978;SiO2
mp-1077213;KAuSe
mp-1077283;SiO2
mp-1077438;TbSn2
mp-1077503;TiSi2
mp-1077535;TiSi2
mp-1077573;TbSn2
mp-1077592;SiO2
mp-1077754;TiSi2
mp-1077777;Pr2Bi
mp-1077835;TiSi2
mp-1078094;Mn(GaS2)2
mp-1078110;Mn(GaS2)2
mp-1078485;UPt3
mp-1078701;SiO2
mp-1078921;BaTaS3
mp-1079060;SiO2
mp-1079240;LiAl
mp-1079291;SiO2
mp-1079639;UPt3
mp-1079814;Re3B
mp-1079865;SiO2
mp-1079868;CeAlCu
mp-1080398;TbSn2
mp-1080441;SiO2
mp-1080490;SiO2
mp-1080741;SiO2
mp-1080767;Eu(BiPd)2
mp-10851;SiO2
mp-1087536;SiO2
mp-1092253;UPt3
mp-1094058;SiO2
mp-10948;SiO2
mp-1095525;NdNiSn
mp-1095681;Te2Rh
mp-1096765;Nb2O5
mp-1097866;SiO2
mp-1101660;Nb2O5
mp-1101912;BaSiPt
mp-1101956;ZrCuSi
mp-1101984;TaMn2
mp-1102075;TbH2ClO2
mp-1102556;TaMn2
mp-1102569;ThO2
mp-1102572;TaMn2
mp-1102759;HoMn2
mp-1103078;HoMn2
mp-1103088;DyAl3
mp-1103163;CaF2
mp-1103192;TaMn2
mp-1103321;HoMn2
mp-1103350;TaMn2
mp-1103949;Cs2LiI3
mp-1103992;Nb2O5
mp-1104901;Nb2O5
mp-1105170;SnBr2
mp-1105380;CaSnO3
mp-1105588;Ba2LaTaO6
mp-1106237;DyAl3
mp-1114723;SiO2
mp-1114739;SiO2
mp-1114759;NbSbRu
mp-1114795;SiO2
mp-1114822;TbAgTe2
mp-1114896;SiO2
mp-1114899;SiO2
mp-1114903;SiO2
mp-1114904;SiO2
mp-1114907;SiO2
mp-1114911;SiO2
mp-1114912;SiO2
mp-1114925;SiO2
mp-1114941;SiO2
mp-1114955;SiO2
mp-1114969;CsIO3
mp-1115081;Mn(GaS2)2
mp-1115292;SiO2
mp-1115320;SiO2
mp-1115332;SiO2
mp-1115375;Rb3NbO8
mp-1115395;TcB
mp-1115501;EuHgPb
mp-1115637;Nb2O5
mp-1115706;LiYGa4
mp-1115739;Al2W
mp-1115786;BaAlGe
mp-1116021;SmInRh
mp-1116204;TbPbAu
mp-1116485;SiO2
mp-1116803;SiO2
mp-1116847;SiO2
mp-1117593;CaF2
mp-1117605;SiO2
mp-1117622;SiO2
mp-1117672;SiO2
mp-1117679;SiO2
mp-1117692;SiO2
mp-1117697;SiO2
mp-1117698;SiO2
mp-1117708;SiO2
mp-1117736;SiO2
mp-1117753;SiO2
mp-1117821;SiO2
mp-1117844;SiO2
mp-1117872;SiO2
mp-1117910;CaH2(CO2)2
mp-1117938;LiB(CN)4
mp-1118008;SiO2
mp-1118078;SiO2
mp-1118147;SiO2
mp-1118175;SiO2
mp-1118239;SiO2
mp-1119501;SiO2
mp-1119505;SiO2
mp-1119509;PNF2
mp-1119513;SeO2
mp-1119521;LaN
mp-1119775;SiO2
mp-1120976;LaN
mp-1121169;NdCl3
mp-1121422;ZrCuSi
mp-1121593;LaN
mp-1122042;Sr2NCl
mp-1122558;ThO2
mp-1123226;P2Pt
mp-1123624;TmInCu2
mp-1124355;RbHSO4
mp-1124562;RhF3
mp-1124804;Sc2AlC
mp-1124908;SiO2
mp-1124913;SiO2
mp-1124936;SiO2
mp-1124947;Yb(MnSi)2
mp-1124971;SiO2
mp-1124983;SiO2
mp-1124986;SiO2
mp-1124997;SiO2
mp-1125004;SiO2
mp-1125019;SiO2
mp-1125024;SiO2
mp-1125042;SiO2
mp-1125049;SiO2
mp-1125058;SiO2
mp-1125063;SiO2
mp-1125069;SiO2
mp-1125083;SiO2
mp-1125101;SiO2
mp-1125114;SiO2
mp-1125139;SiO2
mp-1125164;SiO2
mp-1125168;SiO2
mp-1125177;SiO2
mp-1125182;SiO2
mp-1125185;SiO2
mp-1125186;U6Fe16Si7
mp-1125201;SiO2
mp-1125231;SiO2
mp-1125237;SiO2
mp-1125244;SiO2
mp-1125252;SiO2
mp-1125283;SiO2
mp-1125300;SiO2
mp-1125308;SiO2
mp-1125312;SiO2
mp-1125336;SiO2
mp-1125542;Nb2O5
mp-1125632;Nb2O5
mp-11258;TbAu
mp-1126122;Ni2H
mp-1126182;Ho2(GePt3)3
mp-1126411;Li2CeSb2
mp-1126574;CsIO3
mp-1126775;TiSi2
mp-1126860;PNF2
mp-1126963;PNF2
mp-1126994;MnGaPt
mp-1127129;KAuSe
mp-1127229;YClO
mp-1127261;DyAl3
mp-1127337;YClO
mp-1127643;Tm(CuGe)2
mp-1127825;Pr3AlC
mp-1128069;Rb3NbO8
mp-1128435;Li3UO4
mp-1128688;PrB2Ir3
mp-1128740;Ba2LaTaO6
mp-1128755;Ba2LaTaO6
mp-1129248;SeO2
mp-1129310;SeO2
mp-1129375;SeO2
mp-1129403;SiO2
mp-1129442;SiO2
mp-1129472;SiO2
mp-1129842;UReB3
mp-1130024;KAg3Se2
mp-1130071;SeO2
mp-1130155;DyAl3
mp-1130205;TlP(HO2)2
mp-1130281;TlP(HO2)2
mp-1130862;LiB(CN)4
mp-1131180;K2NaAlAs2
mp-1131610;BaTaS3
mp-1131932;LaPIr
mp-1132271;PNF2
mp-1132304;PNF2
mp-1132520;K2SnCl6
mp-1132565;SiO2
mp-1132589;SiO2
mp-1132592;NaHCO3
mp-1132631;CaSnO3
mp-1132749;Yb(MnSi)2
mp-1132893;SiO2
mp-1132983;K2SnCl6
mp-1133067;CaH2(CO2)2
mp-1133280;SiO2
mp-1133292;SiO2
mp-1133301;SiO2
mp-1133304;SiO2
mp-1133313;SiO2
mp-1133340;Gd(SiIr)2
mp-1133348;SiO2
mp-1134314;LiAl
mp-1135635;Fe2P
mp-1135693;Er(NiP)2
mp-1135790;LiBiF6
mp-1136368;U6Fe16Si7
mp-1136389;Nb3Ir
mp-1136493;Na4IrO4
mp-1136732;Sr2VO4
mp-1136738;TbAgTe2
mp-1136903;SnSe2
mp-1136937;SrCuF4
mp-1137740;CaCu(GeO3)2
mp-1138225;SiO2
mp-1138244;SiO2
mp-1138245;SiO2
mp-1138250;SiO2
mp-1138251;SiO2
mp-1138267;SiO2
mp-1138305;SiO2
mp-1138311;SiO2
mp-1138565;SiO2
mp-1138566;SiO2
mp-1138580;SiO2
mp-1138589;SiO2
mp-1138590;SiO2
mp-1138593;SiO2
mp-1138596;SiO2
mp-1138599;SiO2
mp-1138605;SiO2
mp-1138606;SiO2
mp-1138607;SiO2
mp-1138611;SiO2
mp-1138623;SiO2
mp-1138628;SiO2
mp-1138629;SiO2
mp-1138631;SiO2
mp-1138646;SiO2
mp-1138647;SiO2
mp-1138654;SiO2
mp-1138656;SiO2
mp-1138657;NpSi2
mp-1138691;SiO2
mp-1138694;SiO2
mp-1138695;SiO2
mp-1138697;SiO2
mp-1138704;SiO2
mp-1138714;TiSi2
mp-1138715;SiO2
mp-1138717;SiO2
mp-1138726;SiO2
mp-1138727;SiO2
mp-1138737;SiO2
mp-1138744;SiO2
mp-1138751;SiO2
mp-1138754;SiO2
mp-1138767;SiO2
mp-1138772;SiO2
mp-1138775;SiO2
mp-1138785;SiO2
mp-1138792;SiO2
mp-1139074;CeC2
mp-1139489;SiO2
mp-1139951;CuAuSe4
mp-1139966;SiO2
mp-1139988;SiO2
mp-1140039;IBr
mp-1140062;BaPdS2
mp-1140139;SiO2
mp-1140173;SiO2
mp-1140308;SiO2
mp-1140309;LiBiF6
mp-1140317;SiO2
mp-1140380;SiO2
mp-1140543;NbSbRu
mp-1140564;K2SnCl6
mp-1140585;SiO2
mp-1140604;SiO2
mp-1140644;SiO2
mp-1140645;SiO2
mp-1140668;SnSe2
mp-1140676;SiO2
mp-1140687;TlP(HO2)2
mp-1140734;Rb2As3
mp-1140802;SiO2
mp-1140820;SiO2
mp-1140846;SiO2
mp-1140868;PNF2
mp-1140886;PtS
mp-1140938;KAuSe
mp-1141018;SiO2
mp-1141033;CrHgF6
mp-1141036;PNF2
mp-1141046;SiO2
mp-1141084;SiO2
mp-1141117;YClO
mp-1141240;SiO2
mp-1141296;Na4IrO4
mp-1141332;SiO2
mp-1141387;P2Pt
mp-1141446;SiO2
mp-1141491;CaF2
mp-1141505;SiO2
mp-1141506;SiO2
mp-1141517;Bi2Se3
mp-1141621;SiO2
mp-1141660;SiO2
mp-1141782;Sr2NCl
mp-1141811;SiO2
mp-1141817;LaN
mp-1141822;SiO2
mp-1141868;SiO2
mp-1141974;SiO2
mp-1142035;Li2CuAs
mp-1142154;InBr
mp-11422;GdHg
mp-1142254;Nb2O5
mp-1142260;RhF3
mp-1142265;SiO2
mp-1142301;Bi2Se3
mp-1142668;CaF2
mp-1142704;HoCd
mp-1142729;Sb2(SO4)3
mp-1142778;SiO2
mp-1142803;SiO2
mp-1142942;SiO2
mp-1142971;ScAu2
mp-1143014;SiO2
mp-1143133;CaH2(CO2)2
mp-1143153;SiO2
mp-1143164;SiO2
mp-1143207;SiO2
mp-1143230;Te2Rh
mp-1143327;SiO2
mp-1143354;SiO2
mp-1143387;SiO2
mp-1143390;TcB
mp-1143442;SiO2
mp-1143769;SiO2
mp-1143913;SiO2
mp-1143925;Bi2Se3
mp-1143929;SiO2
mp-1143941;SiO2
mp-1143965;SiO2
mp-1144032;Li2CuAs
mp-1144127;ErSiRu
mp-1144158;CaH2(CO2)2
mp-1144400;B5H9N
mp-1144407;ZrCuSi
mp-1144908;IBr
mp-1145149;Nb2O5
mp-1145581;SiO2
mp-1145587;SiO2
mp-1145627;SiO2
mp-1145648;SiO2
mp-1145665;SiO2
mp-1145680;PNF2
mp-1145692;SiO2
mp-1145712;SiO2
mp-1145729;SiO2
mp-1145805;SiO2
mp-1145822;SiO2
mp-1145831;SiO2
mp-1145847;SiO2
mp-1145860;SiO2
mp-1145880;SiO2
mp-1145925;CsK(ClO4)2
mp-1145931;SiO2
mp-1145952;SiO2
mp-1145964;SiO2
mp-1145981;SiO2
mp-1146019;TiSi2
mp-1146082;SiO2
mp-1146098;SiO2
mp-1146153;PNF2
mp-1146204;SiO2
mp-1146241;SiO2
mp-1146293;SiO2
mp-1146298;SiO2
mp-1146305;NpSi2
mp-1146331;SiO2
mp-1146362;SiO2
mp-1146382;SiO2
mp-1146409;SiO2
mp-1146419;SiO2
mp-1146449;SiO2
mp-1146451;SiO2
mp-1146491;SiO2
mp-1146519;SiO2
mp-1146541;SiO2
mp-1146587;SiO2
mp-1146613;SiO2
mp-1146617;SiO2
mp-1146634;SiO2
mp-1146648;SiO2
mp-1146650;SiO2
mp-1146759;SiO2
mp-1146762;SiO2
mp-1146781;SiO2
mp-1146785;SiO2
mp-1146992;InCu2
mp-1147949;CaAsAu
mp-1148158;Ce2TeO2
mp-11483;TmIr
mp-1148649;Er(GeRu)2
mp-1148899;TbAu
mp-1149395;TiBe2
mp-1149410;Yb3SnC
mp-1149426;DyAl3
mp-1149643;TbPbAu
mp-11501;MnNi3
mp-1150351;NaAg3O2
mp-1150570;CaF2
mp-1150574;CaF2
mp-1150821;LiYGa4
mp-1150839;BaAlGe
mp-1150929;NbRu3C
mp-1151014;SnBr2
mp-1151079;Te2Rh
mp-1151080;NdNiSn
mp-1151715;Rb2RhF6
mp-1151844;NaGdCl4
mp-1152929;Yb(MnSi)2
mp-1153266;BaNdMn2O5
mp-1153847;NiI2
mp-1153988;Mn(GaS2)2
mp-1154275;HoMn2
mp-1155366;LaN
mp-1155505;LaN
mp-1156513;CaSnO3
mp-1156942;K3Ni2F7
mp-1157347;TaMn2
mp-1157954;Sr2LiSc(B2O5)2
mp-1158591;TiAl3
mp-1158914;Sr2Cu2Ni(SO)2
mp-1159009;TiAl3
mp-1159142;HgPt
mp-1159225;Sc2C
mp-1159363;TcB
mp-11594;PrB2Ir3
mp-1159485;Ba2LaTaO6
mp-1159503;ThB2Ir3
mp-1159545;NdOs2
mp-1159573;Rh3F
mp-1159602;Mn(GaS2)2
mp-1159720;H2Se
mp-1159890;TiSi2
mp-1160151;NbSbRu
mp-1160475;Nb2O5
mp-1160814;TcB
mp-1160848;TbAu
mp-1160881;MgCu
mp-1161266;Nb2O5
mp-1161454;TlP(HO2)2
mp-1161468;Mn(GaS2)2
mp-1162057;PNF2
mp-1162416;SnBr2
mp-1162708;PtS
mp-1162985;PtS
mp-1163178;Sb2(SO4)3
mp-1163515;HgRhF6
mp-1163593;Sr2VO4
mp-1163639;Sb2(SO4)3
mp-1163742;RhF3
mp-1163797;CrHgF6
mp-1164114;Rb2As3
mp-1164360;InBr
mp-1164488;Tm(CuGe)2
mp-1164932;GdHg
mp-1164935;GdTl3
mp-1164954;TcB
mp-1164955;TiRu
mp-1164992;K3Hg
mp-1165001;ErIr
mp-1165068;TmIr
mp-1165126;K3Hg
mp-1165179;TcB
mp-1165207;TcB
mp-1165733;Ba2S3
mp-1165827;CaCu(GeO3)2
mp-1165985;Li7P3S11
mp-1166043;Zr2SnC
mp-1166045;LuTiGe
mp-1166065;Al2W
mp-1166275;CaF2
mp-1166566;Re3B
mp-1167195;BaPdS2
mp-1167347;K2SnCl6
mp-1167348;Cs2Pt3Se4
mp-1167517;EuZn5
mp-1167708;CaSnO3
mp-1167716;CaSnO3
mp-1168157;CsIO3
mp-11684;SiO2
mp-1168702;MnGaPt
mp-1169558;Sb2(SO4)3
mp-1169621;Sb2(SO4)3
mp-1169996;BaAgTeF
mp-1170099;ErSiRu
mp-1170147;Sr(GaAu)2
mp-1170763;Ce2Si3Rh
mp-1170968;B7H10
mp-1171233;H4C(N2O)2
mp-1171575;Gd(SiIr)2
mp-1172005;MnNi3
mp-1172312;SiO2
mp-1172357;SiO2
mp-1172414;SiO2
mp-1172415;SiO2
mp-1172416;SiO2
mp-1172446;TiSi2
mp-1172469;SiO2
mp-1172472;SiO2
mp-1172526;CaFeF5
mp-1172836;SiO2
mp-1172845;SeO2
mp-1173296;SiO2
mp-1173301;SiO2
mp-1173310;SiO2
mp-1173404;SiO2
mp-11743;LiYGa4
mp-1178935;TiSi2
mp-1179092;TiSi2
mp-1179447;SiO2
mp-1179448;SiO2
mp-1179452;SiO2
mp-1179454;SiO2
mp-1179457;SiO2
mp-1179463;SiO2
mp-1179464;SiO2
mp-1179465;SiO2
mp-1179466;SiO2
mp-1179467;SiO2
mp-1179470;SiO2
mp-1179479;SiO2
mp-1179480;SiO2
mp-1179483;SiO2
mp-1179488;SiO2
mp-1179496;SiO2
mp-1179508;SiO2
mp-1179529;SiO2
mp-1179546;SiO2
mp-1179658;RhF3
mp-1179720;RhF3
mp-1179757;RbHSO4
mp-1179814;PNF2
mp-1179821;PNF2
mp-1179829;PNF2
mp-1180370;Mn3Bi
mp-1180424;Mn3Bi
mp-1180994;IBr
mp-1181285;Mn(GaS2)2
mp-1181584;H4C(N2O)2
mp-1182583;Bi2Se3
mp-1182670;CaSnO3
mp-1185410;LiRe3
mp-1185582;Mg149Rh
mp-1185674;Mg16Al12N
mp-1185859;MgCu
mp-1186271;NaMg149
mp-1186728;Pr3Sc
mp-1186730;Pr3Sc
mp-1186771;SrYb3
mp-1186774;SrYb3
mp-1186780;SrYb3
mp-1188220;SiO2
mp-1188642;DyAl3
mp-1188764;CaSnO3
mp-1189340;Fe2P
mp-1190449;SiO2
mp-1190510;SiO2
mp-1190602;SiO2
mp-1190706;SiO2
mp-1190709;SiO2
mp-1190826;SiO2
mp-1190881;SiO2
mp-1190883;SiO2
mp-1191035;Ce2Si3Rh
mp-1191522;SiO2
mp-1191737;LiAl
mp-1191865;SiO2
mp-1191904;SiO2
mp-1192056;SiO2
mp-1192213;NaHCO3
mp-1194463;CaFeF5
mp-1194893;SiO2
mp-1195265;SiO2
mp-1195338;SiO2
mp-1195896;RbHSO4
mp-1196113;TlP(HO2)2
mp-1196544;SiO2
mp-1196728;SiO2
mp-1196833;Sr2VO4
mp-1197174;H4C(N2O)2
mp-1197814;Mn(GaS2)2
mp-1197989;RbHSO4
mp-1198061;SiO2
mp-1198150;Bi2Se3
mp-1199998;SiO2
mp-1200011;SiO2
mp-1200292;SiO2
mp-1200453;PNF2
mp-1200685;SiO2
mp-1201065;Li15H9N8
mp-1201242;SiO2
mp-1201738;SiO2
mp-1201742;SiO2
mp-1201852;Nb2O5
mp-1201887;SiO2
mp-1202835;RbHSO4
mp-1202969;Tc3Se4I
mp-1203044;SiO2
mp-1203133;TlP(HO2)2
mp-1203327;SiO2
mp-1203655;SiO2
mp-1203704;SiO2
mp-1204026;SiO2
mp-1204057;SiO2
mp-1204070;SiO2
mp-1204418;SiO2
mp-1204989;H4C(N2O)2
mp-1205213;SiO2
mp-1205262;SiO2
mp-1205321;PtS
mp-12118;InCu2
mp-1214364;BaSiPt
mp-1216736;TlP(HO2)2
mp-1217027;TiAl3
mp-1220079;Ni2H
mp-1221975;Mn(GaS2)2
mp-12265;SrCuF4
mp-1226850;Ce3Sn
mp-1230039;Nb2O5
mp-1230498;ZrCuSi
mp-1230500;CaF2
mp-1230698;DyAl3
mp-1230762;Cs2LiI3
mp-1231296;CuAuSe4
mp-1231663;K2NaAlAs2
mp-1232297;BaPdS2
mp-12350;SiO2
mp-1237143;Mn(GaS2)2
mp-1237221;Bi2Se3
mp-1237237;HoMn2
mp-1237534;Sr2VO4
mp-1237570;SeO2
mp-1237643;TiSi2
mp-1237800;CaSnO3
mp-1237920;BaSiPt
mp-1238951;RhF3
mp-1239745;TlP(HO2)2
mp-1239912;BaAlGe
mp-1239961;ThO2
mp-1239965;CaF2
mp-1240044;LaN
mp-1240391;Pr3AlC
mp-1240448;TcB
mp-1240547;TiSi2
mp-1240549;DyAl3
mp-1240586;H2Se
mp-1240632;TcB
mp-1240717;LaN
mp-1240938;RhF3
mp-1241051;LiBiF6
mp-1241435;Sb2(SO4)3
mp-1241698;BaTaS3
mp-1242119;CaSnO3
mp-1242307;TbAu
mp-1242371;TcB
mp-1242404;LaN
mp-1242497;Sb2(SO4)3
mp-1242540;CaF2
mp-1242792;TcB
mp-1243095;PtS
mp-1243177;TiRu
mp-1243249;Bi2Se3
mp-1243250;ScAu2
mp-1243840;Sc2C
mp-1248130;NpSi2
mp-1248793;CeAlCu
mp-1249069;Ce2Si3Rh
mp-1249821;K2NaAlAs2
mp-1249955;Ce2Si3Rh
mp-1250024;Nd2AlNi2
mp-1250030;NpSi2
mp-1250704;K2NaAlAs2
mp-1251192;LiAl
mp-12524;Al2W
mp-1252832;DyAl3
mp-1252998;TiAl3
mp-1253103;Nd2AlNi2
mp-1253282;Sc2AlC
mp-1253380;DyAl3
mp-1253523;ErSiRu
mp-1253944;Ce2Si3Rh
mp-1255012;TiAl3
mp-1255664;Al2W
mp-1256345;K2NaAlAs2
mp-1256381;LiAl
mp-1256437;TiAl3
mp-1257315;Sc2AlC
mp-1257336;LiAl
mp-1257574;Yb(MnSi)2
mp-1258108;NpSi2
mp-1258159;LiAl
mp-1258160;ZrCuSi
mp-1258282;DyAl3
mp-1258423;Yb(MnSi)2
mp-1258426;LiAl
mp-1258485;Yb(MnSi)2
mp-1258627;Pr3AlC
mp-1258971;BaAlGe
mp-1259078;BaAlGe
mp-1259208;LiAl
mp-1259341;TiAl3
mp-1259882;Al2W
mp-1260400;ErSiRu
mp-1260453;DyAl3
mp-1260568;ZrCuSi
mp-1260592;NpSi2
mp-1260898;DyAl3
mp-1260934;TiSi2
mp-1261195;TiAl3
mp-1261378;DyAl3
mp-1262105;Sc2AlC
mp-1262134;DyAl3
mp-1262833;Pr3AlC
mp-1263028;TiSi2
mp-1263034;TiSi2
mp-1263063;DyAl3
mp-1263090;BaAlGe
mp-1263208;CeAlCu
mp-1263233;DyAl3
mp-1263347;Ce2Si3Rh
mp-1263821;Pr3AlC
mp-1264161;Ce2Si3Rh
mp-1264539;TiAl3
mp-1264673;Ce2Si3Rh
mp-1264832;CeAlCu
mp-1265510;Nd2AlNi2
mp-1266111;Al2W
mp-1266667;NpSi2
mp-1266702;DyAl3
mp-1267114;ZrCuSi
mp-1267146;DyAl3
mp-1267306;NpSi2
mp-12678;TaMn2
mp-1267849;DyAl3
mp-1268018;ErSiRu
mp-1272139;SnBr2
mp-12780;Sr(GaAu)2
mp-12787;SiO2
mp-12919;LaPIr
mp-1299942;UPt3
mp-1300101;Ba2LaTaO6
mp-1300125;Mn(GaS2)2
mp-1300137;CeAlCu
mp-1300278;Pr3AlC
mp-1300305;LiBiF6
mp-1300309;TbSn2
mp-1300341;TiSi2
mp-13004;SiO2
mp-1300528;CeCrS2O
mp-1300666;CaF2
mp-1300906;NpSi2
mp-1300992;KAuSe
mp-13055;Ba2LaTaO6
mp-13056;Ba2LaTaO6
mp-13070;Sc2AlC
mp-13132;LaN
mp-1324129;Nb2O5
mp-1325397;Sr2VO4
mp-1326047;Sr2VO4
mp-1326599;Ni2H
mp-1326726;Sb2(SO4)3
mp-13272;BaAlGe
mp-1327240;PNF2
mp-1327891;Li15H9N8
mp-1329705;Nb2O5
mp-1334065;B5H9N
mp-1336733;B7H10
mp-1336758;Li22Pb5
mp-1337168;PNF2
mp-1337737;Sb2(SO4)3
mp-13398;Yb(MnSi)2
mp-1340982;Li7P3S11
mp-1346666;H4C(N2O)2
mp-1349404;LuMn5
mp-1350424;Sr2LiSc(B2O5)2
mp-1351082;Sb2(SO4)3
mp-1353639;Mn(GaS2)2
mp-1354069;Sr2VO4
mp-1354679;TlP(HO2)2
mp-1354952;Nb2O5
mp-1355968;Sb2(SO4)3
mp-1357271;Nb2O5
mp-1358032;Bi2Se3
mp-1358106;Sb2(SO4)3
mp-1358739;TlP(HO2)2
mp-13590;LiB(CN)4
mp-1359029;TlP(HO2)2
mp-1359931;Sb2(SO4)3
mp-1360255;RbHSO4
mp-1362111;CaH2(CO2)2
mp-1363587;TcB
mp-1364247;Nb2O5
mp-1364516;PNF2
mp-1367497;Mn3Bi
mp-1369030;H4C(N2O)2
mp-1369150;Mn(GaS2)2
mp-1370416;Tc3Se4I
mp-1371561;PNF2
mp-1371741;U6Fe16Si7
mp-1375264;Nb2O5
mp-1379056;RbHSO4
mp-1380263;RbHSO4
mp-1380882;PtS
mp-1380926;Ba2S3
mp-1381268;Na2US3
mp-1381430;K3Ni2F7
mp-1381575;NaGdCl4
mp-1382008;TcB
mp-1382615;ZrCuSi
mp-1382997;BaTaS3
mp-1383045;CaF2
mp-1385379;TlP(HO2)2
mp-1385514;Bi12PtCl12
mp-1387417;PNF2
mp-1388362;H4C(N2O)2
mp-1389473;SrYb3
mp-1390078;K3Hg
mp-1390129;Ce3Sn
mp-1392416;CaFeF5
mp-1393028;CaH2(CO2)2
mp-1393343;PNF2
mp-1393412;Pr3Sc
mp-1394352;DyAl3
mp-1394765;TlP(HO2)2
mp-1395203;SnBr2
mp-1398178;CaCu(GeO3)2
mp-1401963;YClO
mp-1402673;CaH2(CO2)2
mp-1403313;Ho2(GePt3)3
mp-1403972;Sc2AlC
mp-1404866;TiAl3
mp-1406726;SrYb3
mp-1408910;Pr3Sc
mp-1409391;SrYb3
mp-1411251;K3Hg
mp-14113;CaSnO3
mp-1412944;GdTl3
mp-1413775;LuTiGe
mp-1414460;SnBr2
mp-1414588;BaPdS2
mp-1414595;BaAgTeF
mp-1415188;SrCuF4
mp-1415216;EuHgPb
mp-1415337;BaPdS2
mp-1415482;Rb2As3
mp-1415528;DyAl3
mp-1415629;CaAsAu
mp-1415922;NaHCO3
mp-1416025;PrB2Ir3
mp-1416057;TiAl3
mp-1416220;Li3UO4
mp-1416501;Nb2O5
mp-1417290;LiRe3
mp-1417347;Ce2Si3Rh
mp-1417382;BaSiPt
mp-1417397;Mn(GaS2)2
mp-1417399;Ba2LaTaO6
mp-1417981;K2SnCl6
mp-1418009;TcB
mp-1418275;CaF2
mp-1419032;ThB2Ir3
mp-1419172;K2SnCl6
mp-1419355;Yb3SnC
mp-1419423;PNF2
mp-1419904;NdNiSn
mp-1420131;K2NaAlAs2
mp-1420488;Pr2Bi
mp-1420609;Na4IrO4
mp-1420624;DyAl3
mp-1421122;Li2CuAs
mp-1421875;Ba2LaTaO6
mp-1422184;YClO
mp-1422530;CsIO3
mp-1422758;Al2W
mp-1423010;SmInRh
mp-1423214;Re3B
mp-1423276;HgRhF6
mp-1423383;NdOs2
mp-1423394;LiAl
mp-1423455;Er(GeRu)2
mp-1423501;TcB
mp-1423504;TbAgTe2
mp-1423949;IBr
mp-1423999;Bi2Se3
mp-1424093;LaN
mp-1424169;RhF3
mp-1424479;Rb2RhF6
mp-1424480;ErAu4
mp-1424503;SeO2
mp-1424686;BaNdMn2O5
mp-1424688;CaSnO3
mp-1424781;Sr(GaAu)2
mp-1424809;CaFeF5
mp-1424813;NdCl3
mp-1425159;Mn3Bi
mp-1425463;Sr2Cu2Ni(SO)2
mp-1425688;DyAl3
mp-1425788;U6Fe16Si7
mp-1426124;NaHCO3
mp-1426323;Nb3Ir
mp-1426436;K2SnCl6
mp-1426587;NaAg3O2
mp-1426726;Li2CeSb2
mp-1426778;LaPIr
mp-1427148;LiB(CN)4
mp-1427159;LiYGa4
mp-1427353;CaSnO3
mp-1427452;ErSiRu
mp-1427770;LiAl
mp-1428520;Nb2O5
mp-1428636;TbCl
mp-1428897;RhF3
mp-1429242;Zr2SnC
mp-1429770;Rb3NbO8
mp-1430061;CaF2
mp-1430311;TcB
mp-1430450;CaSnO3
mp-1431294;Cs2Pt3Se4
mp-1431396;LiYbPb
mp-1431723;Ce2Si3Rh
mp-1432078;Tm(CuGe)2
mp-1432218;Rh3F
mp-1432625;CsIO3
mp-1433310;CaCu(GeO3)2
mp-14338;Cs2Pt3Se4
mp-1433824;TaMn2
mp-1434144;MnGaPt
mp-1434395;MgCu
mp-1434695;TbH2ClO2
mp-1434771;LaN
mp-1434885;UReB3
mp-1434913;Nd2AlNi2
mp-1435116;CuAuSe4
mp-1435200;SnBr2
mp-1435213;YClO
mp-1435609;P2Pt
mp-1435813;Eu(BiPd)2
mp-1436117;Nb2O5
mp-1436276;TcB
mp-1437009;TcB
mp-1437302;SeO2
mp-1437574;ScAu2
mp-1437618;U2SeN2
mp-1437698;LaN
mp-1437701;Tm(CuGe)2
mp-1437735;MnGaPt
mp-1437838;Sc2C
mp-1437929;Ce3Sn
mp-1438086;TmInCu2
mp-1438131;DyAl3
mp-1438502;Er(NiP)2
mp-1438579;MnNi3
mp-1438602;Sr2NCl
mp-1438603;Te2Rh
mp-1438773;NbSbRu
mp-1438908;YbNiC2
mp-1438909;BaAlGe
mp-1438941;TiSi2
mp-1439037;Ni2H
mp-1439159;H2Se
mp-1439221;TmIr
mp-1439300;HoCd
mp-1439568;Yb(MnSi)2
mp-1439596;TbAu
mp-1439600;HgPt
mp-1439644;PtS
mp-1439661;TiBe2
mp-1439681;GdHg
mp-1439727;TiSi2
mp-1439862;Bi2Se3
mp-1439888;Gd(SiIr)2
mp-1439933;ErIr
mp-1440081;SnSe2
mp-1440348;InBr
mp-1440498;EuZn5
mp-1440579;TiAl3
mp-1440601;LaN
mp-1440661;LiAl
mp-1440664;ThO2
mp-1440844;CeC2
mp-1440877;HoMn2
mp-1441104;TbAu
mp-1441142;InCu2
mp-1441168;NbRu3C
mp-1441246;TbPbAu
mp-1441265;DyAl3
mp-1441306;CaSnO3
mp-1441500;NiI2
mp-1441994;Ce2TeO2
mp-1442231;TiRu
mp-1442345;Fe2P
mp-1442657;CsK(ClO4)2
mp-1443089;Mn(GaS2)2
mp-1458;Nb3Ir
mp-1475462;Te2Rh
mp-1475631;CrHgF6
mp-1476132;TbCl
mp-1504074;SeO2
mp-1504180;SeO2
mp-1504860;KAg3Se2
mp-15078;SiO2
mp-1514554;NaHCO3
mp-1523487;GdHg
mp-1523489;TiSi2
mp-1523708;TbSn2
mp-1523871;LiAl
mp-1524021;TbAu
mp-1524096;ScAu2
mp-1524249;TmIr
mp-1524286;MnNi3
mp-1524347;SnBr2
mp-1524450;Re3B
mp-1524505;UPt3
mp-1524546;SnBr2
mp-1524549;SnBr2
mp-1524573;SnBr2
mp-1524654;SnBr2
mp-1524911;SnSe2
mp-1525065;SnBr2
mp-1525302;SnBr2
mp-1525371;NiI2
mp-1525389;CaSnO3
mp-1525473;Ba2LaTaO6
mp-1525571;SnBr2
mp-1525584;Mn(GaS2)2
mp-1525605;Fe2P
mp-1525606;YClO
mp-1525670;SnBr2
mp-1525721;NdOs2
mp-1536189;PtS
mp-1536366;TiBe2
mp-1536391;ThO2
mp-1536506;IBr
mp-1536520;Bi2Se3
mp-1536828;TiRu
mp-1536848;CaSnO3
mp-1536987;InBr
mp-1537105;Nb3Ir
mp-1537143;TiSi2
mp-1537406;Sr2VO4
mp-1537492;ErIr
mp-1537516;TiAl3
mp-1537649;Ce3Sn
mp-1537716;RhF3
mp-1537755;Sc2C
mp-1537785;HoCd
mp-1537849;CaF2
mp-1537925;LaN
mp-1538077;Te2Rh
mp-1538103;YClO
mp-1538185;GdTl3
mp-1538194;NpSi2
mp-1538260;ErAu4
mp-1538292;NdCl3
mp-1538325;TbAu
mp-1538351;EuZn5
mp-1538397;LaN
mp-1538446;P2Pt
mp-1538566;TiAl3
mp-1538596;PNF2
mp-1538601;DyAl3
mp-1539829;Cs2Pt3Se4
mp-1539847;Ba2LaTaO6
mp-1539959;CaFeF5
mp-1540007;CaSnO3
mp-1540039;K2SnCl6
mp-1540102;SrCuF4
mp-1540109;CaFeF5
mp-1540190;K2NaAlAs2
mp-1540450;Cs2Pt3Se4
mp-1540587;K2SnCl6
mp-1540818;SrCuF4
mp-1540927;SnSe2
mp-1541485;CaF2
mp-1541632;K2NaAlAs2
mp-1541720;CaF2
mp-1541907;SnSe2
mp-1542458;BaAgTeF
mp-1542479;Ba2LaTaO6
mp-1542804;CaSnO3
mp-1543137;BaAgTeF
mp-1543389;NaHCO3
mp-1543407;NaHCO3
mp-1543730;PNF2
mp-1544052;Ba2LaTaO6
mp-1544107;SeO2
mp-1544239;PtS
mp-1545437;TaMn2
mp-1545732;Rb2As3
mp-1545874;Te2Rh
mp-1546074;Bi2Se3
mp-1546451;SeO2
mp-1546727;Nb2O5
mp-1546821;Mn(GaS2)2
mp-15556;Rb2As3
mp-15639;HgRhF6
mp-15671;Re3B
mp-15686;Li2CuAs
mp-1583518;TcB
mp-1583528;Nb2O5
mp-1586185;Nb2O5
mp-1586297;TmIr
mp-1586312;TiRu
mp-1586761;CaH2(CO2)2
mp-1587192;HgRhF6
mp-1587320;GdTl3
mp-1587511;PtS
mp-1587569;CaF2
mp-1587664;Yb3SnC
mp-1587791;LuTiGe
mp-1587830;DyAl3
mp-1587841;TbSn2
mp-1587911;TbAu
mp-1588222;BaPdS2
mp-1588250;MnNi3
mp-1588332;U2SeN2
mp-1588421;Mn(GaS2)2
mp-1588436;CeC2
mp-1588467;ErAu4
mp-1588535;IBr
mp-15886;Na2US3
mp-1588652;Mn3Bi
mp-1588690;GdHg
mp-1588808;TbCl
mp-1588913;ThB2Ir3
mp-1589006;CaAsAu
mp-1589567;TiSi2
mp-1589692;ThO2
mp-1589748;PrB2Ir3
mp-1589843;Ce3Sn
mp-1589846;NbSbRu
mp-1590137;Er(NiP)2
mp-1590342;Bi2Se3
mp-1590383;BaAlGe
mp-1590563;Tm(CuGe)2
mp-1590986;TbAu
mp-1591057;Nb3Ir
mp-1591182;MnGaPt
mp-1591286;LaPIr
mp-1591344;Yb(MnSi)2
mp-1591644;Pr3AlC
mp-1591681;NbRu3C
mp-1591702;BaNdMn2O5
mp-1591833;Sr2NCl
mp-1591856;EuHgPb
mp-1591990;Ni2H
mp-1592000;HgPt
mp-1592077;CaSnO3
mp-1592138;Pr2Bi
mp-1592201;CsIO3
mp-1592257;CeC2
mp-1592306;UReB3
mp-1592329;Al2W
mp-1592548;Tm(CuGe)2
mp-1592681;Re3B
mp-1592815;CrHgF6
mp-1592929;InBr
mp-1592934;YClO
mp-1593030;DyAl3
mp-1593117;HoMn2
mp-1593146;YbNiC2
mp-1593292;TmInCu2
mp-1593485;InCu2
mp-1593514;TiAl3
mp-1593517;Ce2TeO2
mp-1593518;HoMn2
mp-1593550;CaF2
mp-1593890;ScAu2
mp-1593897;PNF2
mp-1593919;CaSnO3
mp-1593945;P2Pt
mp-1593983;Gd(SiIr)2
mp-1593994;H2Se
mp-1594194;Fe2P
mp-1594233;TbCl
mp-1594331;MnGaPt
mp-1594397;TiBe2
mp-1594766;CaSnO3
mp-1594775;TbPbAu
mp-1595;Nb2O5
mp-1595115;LaN
mp-1595146;LaN
mp-1595178;Sc2C
mp-1595200;Na4IrO4
mp-1595485;NdCl3
mp-1595559;Er(GeRu)2
mp-1595664;UPt3
mp-1595692;EuZn5
mp-1595997;HoCd
mp-1596058;ErIr
mp-1596097;Nd2AlNi2
mp-1596177;ThO2
mp-1596260;TiAl3
mp-1596462;K2SnCl6
mp-1596493;TiSi2
mp-1596498;Nb2O5
mp-1596550;RhF3
mp-1596632;LaN
mp-1596668;KAuSe
mp-1596882;TiSi2
mp-1596967;TaMn2
mp-1596991;Zr2SnC
mp-1597037;SnSe2
mp-1597063;NiI2
mp-1597180;YClO
mp-1597237;RhF3
mp-1597279;Ce2Si3Rh
mp-1597295;TbH2ClO2
mp-1597297;BaSiPt
mp-1597723;CaSnO3
mp-1597838;ErSiRu
mp-1597924;SrCuF4
mp-1598264;NaGdCl4
mp-1598367;Rb3NbO8
mp-1598430;CsK(ClO4)2
mp-1598774;Cs2Pt3Se4
mp-1598944;DyAl3
mp-1599172;Sr(GaAu)2
mp-1599245;Ba2S3
mp-1599329;Nb2O5
mp-1599397;Na2US3
mp-1599708;Rb2As3
mp-1599731;KAg3Se2
mp-1599746;ZrCuSi
mp-1599763;NaAg3O2
mp-1599768;Te2Rh
mp-1599787;BaAgTeF
mp-1599888;Ba2LaTaO6
mp-1599931;LuMn5
mp-1599995;BaTaS3
mp-1600404;Ba2LaTaO6
mp-1600787;SmInRh
mp-1600789;CsIO3
mp-1601011;DyAl3
mp-1601231;CeAlCu
mp-1601468;Sr2Cu2Ni(SO)2
mp-1601744;SeO2
mp-1601791;Rb2RhF6
mp-1601930;K3Ni2F7
mp-1602237;NdNiSn
mp-1602333;CeCrS2O
mp-1602400;CaF2
mp-1602496;Mn(GaS2)2
mp-1602706;TbAgTe2
mp-1603464;PtS
mp-1603586;K2NaAlAs2
mp-1604315;CuAuSe4
mp-1604665;SnBr2
mp-1605083;CaCu(GeO3)2
mp-1605868;NaHCO3
mp-1606037;NaHCO3
mp-1606298;K2SnCl6
mp-1607666;DyAl3
mp-1608289;NdOs2
mp-1608950;Ba2LaTaO6
mp-1609282;Eu(BiPd)2
mp-1609434;Ni2H
mp-1609620;LaN
mp-1609765;TcB
mp-1610120;TiAl3
mp-1610445;Bi2Se3
mp-1610550;K2SnCl6
mp-1610750;TcB
mp-1610772;TcB
mp-1610876;TcB
mp-1611047;SeO2
mp-1611533;CaF2
mp-1611785;TcB
mp-1611951;SnBr2
mp-1612053;SeO2
mp-1612626;TcB
mp-1615632;BaPdS2
mp-1616585;CaFeF5
mp-1617211;Rh3F
mp-1617444;LaN
mp-1619829;Mn(GaS2)2
mp-1620671;SnBr2
mp-1620738;Sc2AlC
mp-1621931;DyAl3
mp-1623102;CaH2(CO2)2
mp-1623559;PNF2
mp-1624219;Ce3Sn
mp-1624491;CaCu(GeO3)2
mp-1624542;K3Hg
mp-1624822;Pr3Sc
mp-1625463;YClO
mp-1626319;SrYb3
mp-1626730;TlP(HO2)2
mp-1627315;TlP(HO2)2
mp-1627579;TiAl3
mp-1628025;K3Hg
mp-1628042;Ho2(GePt3)3
mp-1628297;SrYb3
mp-1629253;B5H9N
mp-1637561;Sb2(SO4)3
mp-1637964;SeO2
mp-1638303;CaF2
mp-1638417;Te2Rh
mp-1638420;NpSi2
mp-1654458;Bi12PtCl12
mp-1660018;U6Fe16Si7
mp-1667949;BaAlGe
mp-1667959;Te2Rh
mp-1667988;NbSbRu
mp-1667995;Sr2NCl
mp-1668261;InBr
mp-1668304;Ba2LaTaO6
mp-1668524;TiAl3
mp-1668873;LaN
mp-1668878;LiAl
mp-1670241;CuAuSe4
mp-1670325;NaHCO3
mp-1670465;Sr2Cu2Ni(SO)2
mp-1670740;TbAu
mp-1670809;SnBr2
mp-1670891;TiSi2
mp-1670948;K2SnCl6
mp-1670955;K2SnCl6
mp-1671253;Fe2P
mp-1671836;ErIr
mp-1672056;Ba2LaTaO6
mp-1672060;TcB
mp-1672085;KAuSe
mp-1672136;PtS
mp-1672509;NaHCO3
mp-1672603;NpSi2
mp-1672945;H2Se
mp-1673092;TcB
mp-1673844;CaCu(GeO3)2
mp-1674159;DyAl3
mp-16742;BaAgTeF
mp-1674211;Ce3Sn
mp-1674216;TiBe2
mp-1674252;ScAu2
mp-1674280;Tm(CuGe)2
mp-1674528;SeO2
mp-1675118;Bi2Se3
mp-1675661;CaF2
mp-1675698;TcB
mp-1676059;CsK(ClO4)2
mp-1676084;ZrCuSi
mp-1676597;K3Ni2F7
mp-1676817;Na2US3
mp-1676820;Ba2S3
mp-1677079;PtS
mp-1677234;NaGdCl4
mp-1677343;YbNiC2
mp-1677429;LaN
mp-1677535;MnNi3
mp-1677614;TbPbAu
mp-1677668;CaF2
mp-1677669;U2SeN2
mp-1677678;Er(NiP)2
mp-1677684;BaTaS3
mp-1678400;LuMn5
mp-1678519;CeCrS2O
mp-1680054;Sb2(SO4)3
mp-1680082;U6Fe16Si7
mp-1683392;RbHSO4
mp-1683744;Sb2(SO4)3
mp-1684908;TlP(HO2)2
mp-1685416;RbHSO4
mp-1686422;SnSe2
mp-1686586;HoMn2
mp-1686764;ThO2
mp-1686884;CeC2
mp-1687400;TmIr
mp-1687436;LaN
mp-1687544;HoCd
mp-1687640;TbSn2
mp-1687680;CaF2
mp-1687777;UPt3
mp-1687927;SeO2
mp-1687940;Ni2H
mp-1687996;Pr3AlC
mp-1688026;TcB
mp-1688035;TiSi2
mp-1688177;CeAlCu
mp-1688396;Mn(GaS2)2
mp-1688512;TiSi2
mp-1688523;HgPt
mp-1688571;LiBiF6
mp-1688658;TiRu
mp-1690511;Sc2C
mp-1694953;NaAg3O2
mp-1695483;EuZn5
mp-1695562;SmInRh
mp-1695618;InCu2
mp-1695812;Tm(CuGe)2
mp-1695937;CaSnO3
mp-1696036;MnGaPt
mp-1696052;LiYGa4
mp-1696299;RhF3
mp-1696379;CrHgF6
mp-16964;SiO2
mp-1696411;Nb2O5
mp-1696565;Ce2Si3Rh
mp-1696611;TbAgTe2
mp-1696619;DyAl3
mp-1696625;ThB2Ir3
mp-1696652;SrCuF4
mp-1696995;RhF3
mp-1697149;LiAl
mp-1697169;Rb3NbO8
mp-1697200;NiI2
mp-1697485;CaAsAu
mp-1697602;Li2CeSb2
mp-1697689;CaSnO3
mp-1697860;Sr(GaAu)2
mp-1697870;Pr2Bi
mp-1697969;BaPdS2
mp-1698329;BaNdMn2O5
mp-1698594;Nb3Ir
mp-1698627;LiB(CN)4
mp-1698685;Li2CuAs
mp-1698686;Al2W
mp-1698820;TmInCu2
mp-1699041;TbH2ClO2
mp-1699068;TbAu
mp-1699098;TaMn2
mp-1699140;IBr
mp-1699830;Nb2O5
mp-1699889;TbCl
mp-1699934;Li3UO4
mp-170;HoCd
mp-1700102;Na4IrO4
mp-1700298;UReB3
mp-1700485;ErAu4
mp-1700490;LiYbPb
mp-1700636;Er(GeRu)2
mp-1700652;Yb3SnC
mp-1700673;P2Pt
mp-1700842;K2SnCl6
mp-1700851;Eu(BiPd)2
mp-1700880;CsIO3
mp-1700908;HgRhF6
mp-1700957;LaPIr
mp-1700968;TbCl
mp-1701087;DyAl3
mp-1701205;Mn(GaS2)2
mp-1701254;LuTiGe
mp-1701657;Te2Rh
mp-1701665;Mn3Bi
mp-1702013;Ce2TeO2
mp-1702018;NbRu3C
mp-1702109;EuHgPb
mp-1702445;ErSiRu
mp-1702478;YClO
mp-1702633;CaSnO3
mp-1702657;PrB2Ir3
mp-1702786;NdOs2
mp-1702835;Re3B
mp-1702852;Nb2O5
mp-1703303;DyAl3
mp-1703535;GdTl3
mp-1703572;Zr2SnC
mp-1703590;BaAgTeF
mp-1703740;NdCl3
mp-1703818;Rb2RhF6
mp-1703829;NdNiSn
mp-1703998;Cs2Pt3Se4
mp-1704150;Ba2LaTaO6
mp-1704417;SeO2
mp-1704457;PNF2
mp-1704499;CaSnO3
mp-1704716;Nd2AlNi2
mp-1704790;CsIO3
mp-1704968;YClO
mp-1705260;DyAl3
mp-1708022;KAg3Se2
mp-1708335;Rb2As3
mp-1708554;BaSiPt
mp-1709113;K2NaAlAs2
mp-1709129;SeO2
mp-1712385;LaN
mp-1716449;BaPdS2
mp-1718331;K3Hg
mp-1726783;CaFeF5
mp-1727476;H4C(N2O)2
mp-17279;SiO2
mp-1730339;TiAl3
mp-1731093;TcB
mp-1732095;Ho2(GePt3)3
mp-1733455;SrYb3
mp-1733832;DyAl3
mp-1733988;CaH2(CO2)2
mp-1734098;TlP(HO2)2
mp-1734989;Ce2Si3Rh
mp-1741419;Pr3Sc
mp-1742601;Bi12PtCl12
mp-1742624;PNF2
mp-1743672;CaH2(CO2)2
mp-1746458;SrYb3
mp-1751163;TlP(HO2)2
mp-1752084;Mn(GaS2)2
mp-1752813;K3Hg
mp-1754451;Sc2AlC
mp-1754558;SnBr2
mp-1754641;PNF2
mp-1757691;SrYb3
mp-1760264;Ce3Sn
mp-1760944;YClO
mp-1760968;CaCu(GeO3)2
mp-1761275;CaF2
mp-1761636;Pr3Sc
mp-1764290;Rh3F
mp-1764757;TcB
mp-1765090;Ni2H
mp-1766311;U6Fe16Si7
mp-1766749;SnBr2
mp-1767393;CaFeF5
mp-1767701;TiAl3
mp-1768633;GdTl3
mp-1768902;NaGdCl4
mp-1771522;Mn3Bi
mp-1772703;CrHgF6
mp-1773285;CaFeF5
mp-1773879;EuHgPb
mp-1775581;BaTaS3
mp-1776106;DyAl3
mp-1776133;Li2CeSb2
mp-1776789;NdNiSn
mp-1777361;NaHCO3
mp-1777610;TbAgTe2
mp-1777623;LiYbPb
mp-1779415;DyAl3
mp-1779601;SrCuF4
mp-1780759;Bi2Se3
mp-1780867;Mn(GaS2)2
mp-1781329;YbNiC2
mp-1781982;CsIO3
mp-1782186;CaSnO3
mp-1782230;CaF2
mp-1782244;Sr2NCl
mp-1782675;BaAlGe
mp-1782765;Ce2TeO2
mp-1783291;TiBe2
mp-1783358;NbRu3C
mp-1783380;RhF3
mp-1783466;Sc2C
mp-1783794;LiAl
mp-1783848;SnSe2
mp-1783983;Gd(SiIr)2
mp-1784340;NiI2
mp-1784531;Mn3Bi
mp-1784808;Nb3Ir
mp-1784890;NdCl3
mp-1785017;Pr3Sc
mp-1785252;K3Hg
mp-1785662;LiBiF6
mp-1786009;LuTiGe
mp-1786048;InBr
mp-1787009;Ba2LaTaO6
mp-1787034;K3Ni2F7
mp-1787500;BaAgTeF
mp-1787543;Na4IrO4
mp-1788009;YClO
mp-1788345;CsIO3
mp-1788569;ZrCuSi
mp-1788680;BaPdS2
mp-1788924;CrHgF6
mp-1788973;Pr3AlC
mp-1789133;Al2W
mp-1789221;TbCl
mp-1789267;Rb3NbO8
mp-17909;SiO2
mp-1791003;GdHg
mp-1791293;LiRe3
mp-1791337;TmIr
mp-1791981;MgCu
mp-1792016;Ni2H
mp-1792103;TiRu
mp-1792244;TcB
mp-1792270;Ni2H
mp-1792650;MnGaPt
mp-1792726;ErIr
mp-1792790;LaN
mp-1792994;HgPt
mp-1793106;TcB
mp-1793300;CaF2
mp-1793446;NbSbRu
mp-1793857;TcB
mp-1794169;TiAl3
mp-1794317;LaN
mp-1794389;TiSi2
mp-1794576;CaF2
mp-1794589;MnNi3
mp-1794662;TiAl3
mp-1794692;HoCd
mp-1794768;TbAu
mp-1794883;CeC2
mp-1794891;ScAu2
mp-1794896;H2Se
mp-1795008;TiAl3
mp-1795425;TcB
mp-1795512;TcB
mp-1795618;ThO2
mp-1795736;Nb2O5
mp-1795869;MnGaPt
mp-1796073;Fe2P
mp-1796451;InCu2
mp-1796508;ErAu4
mp-1796749;TbAu
mp-1797166;HoMn2
mp-1797236;Re3B
mp-1797243;BaPdS2
mp-1797591;Nd2AlNi2
mp-1798568;ThB2Ir3
mp-1798653;Li3UO4
mp-1798811;DyAl3
mp-1798899;Tm(CuGe)2
mp-1799060;TmInCu2
mp-1799360;Er(GeRu)2
mp-1799646;PtS
mp-1799723;Nb2O5
mp-1800736;TbPbAu
mp-1801227;Er(NiP)2
mp-1801348;LaN
mp-1801468;CaSnO3
mp-1801470;TiSi2
mp-1801499;Te2Rh
mp-1801569;LaN
mp-1801604;TiSi2
mp-1801655;PrB2Ir3
mp-1801658;DyAl3
mp-1802266;Yb(MnSi)2
mp-1802415;LiYGa4
mp-1802529;UReB3
mp-1802543;TbCl
mp-1803167;Ce3Sn
mp-1803507;GdTl3
mp-1803574;Ce3Sn
mp-1803794;EuZn5
mp-1804000;PNF2
mp-1804769;SnBr2
mp-1805285;NpSi2
mp-1805312;HgRhF6
mp-1805402;Li2CuAs
mp-1806407;Ba2S3
mp-1807145;NaGdCl4
mp-1809759;Ba2LaTaO6
mp-1810115;DyAl3
mp-1811094;K2NaAlAs2
mp-1811389;Mn3Bi
mp-1812814;KAg3Se2
mp-1813569;BaSiPt
mp-1816090;TlP(HO2)2
mp-1816535;TlP(HO2)2
mp-1816760;CaH2(CO2)2
mp-1819282;CaFeF5
mp-1819337;H4C(N2O)2
mp-1820012;CaH2(CO2)2
mp-1820266;LiAl
mp-1820573;SnBr2
mp-1820911;TlP(HO2)2
mp-1824997;Nb2O5
mp-1826230;CaCu(GeO3)2
mp-1826597;Ho2(GePt3)3
mp-1826799;PNF2
mp-1826824;K2SnCl6
mp-1827458;NaAg3O2
mp-1827646;IBr
mp-1827995;Pr2Bi
mp-18280;SiO2
mp-1828399;HoMn2
mp-1828473;Ba2LaTaO6
mp-1828485;EuHgPb
mp-1829004;SmInRh
mp-1829198;SrYb3
mp-1829206;ErSiRu
mp-1829478;P2Pt
mp-1829736;CaSnO3
mp-1829781;SrYb3
mp-1830078;CeAlCu
mp-1832650;Bi2Se3
mp-1832928;CeCrS2O
mp-1832933;Nb2O5
mp-1833227;KAuSe
mp-1833255;Yb3SnC
mp-1834037;SeO2
mp-1834194;LiB(CN)4
mp-1834524;CaFeF5
mp-1834902;Fe2P
mp-1835089;Nb2O5
mp-1835695;Pu3Co
mp-1835808;K3Hg
mp-1836630;DyAl3
mp-1837931;Rb2As3
mp-1839295;SeO2
mp-1839337;SeO2
mp-1840863;U6Fe16Si7
mp-1841835;SrYb3
mp-1842058;H4C(N2O)2
mp-1842664;U6Fe16Si7
mp-1843418;SeO2
mp-1848078;Nb2O5
mp-1849494;B5H9N
mp-1849910;B7H10
mp-1850198;Sb2(SO4)3
mp-1851483;PNF2
mp-1860717;U2SeN2
mp-1860969;SnBr2
mp-1863325;Mg16Al12N
mp-1864470;CsK(ClO4)2
mp-1864472;CaAsAu
mp-1864493;CaSnO3
mp-1865297;TiSi2
mp-1867946;Mn(GaS2)2
mp-1868807;Sr2Cu2Ni(SO)2
mp-1868900;TbSn2
mp-1870475;Sr(GaAu)2
mp-1870640;YClO
mp-1871338;NdOs2
mp-1872016;Mn(GaS2)2
mp-1872275;H4C(N2O)2
mp-1872861;Sb2(SO4)3
mp-1873928;Zr2SnC
mp-1875672;Ce2Si3Rh
mp-1875917;Na2US3
mp-1876575;Rh3F
mp-1877199;RbHSO4
mp-1878535;Sc2AlC
mp-1880274;TaMn2
mp-1881977;CaF2
mp-1882995;ThO2
mp-1887073;SnBr2
mp-1887301;Bi2Se3
mp-1889274;Sb2(SO4)3
mp-1890073;PNF2
mp-1891763;Cs2LiI3
mp-1894207;PNF2
mp-1894766;Sb2(SO4)3
mp-1894768;Sr2VO4
mp-1895271;TlP(HO2)2
mp-1895506;TlP(HO2)2
mp-1895847;PNF2
mp-1896231;Nb2O5
mp-1896279;RbHSO4
mp-1896600;Mn(GaS2)2
mp-18972;Sr2VO4
mp-1897512;Sr2LiSc(B2O5)2
mp-1897837;Bi12PtCl12
mp-1902455;RbHSO4
mp-1919726;Nb2O5
mp-1920053;Nb2O5
mp-1920060;Tc3Se4I
mp-1920487;Li7P3S11
mp-1921231;Sr2VO4
mp-1921369;Te2Rh
mp-1922852;Rb2RhF6
mp-1922879;RhF3
mp-1923093;Eu(BiPd)2
mp-1923932;RhF3
mp-1924018;YClO
mp-1924376;BaNdMn2O5
mp-1924669;UPt3
mp-1928483;LaPIr
mp-1929487;Mn(GaS2)2
mp-1929731;Li15H9N8
mp-1930644;Sb2(SO4)3
mp-1930795;K2SnCl6
mp-1930863;TbH2ClO2
mp-1931161;Tm(CuGe)2
mp-1932256;TcB
mp-1932957;LiAl
mp-1933931;CaCu(GeO3)2
mp-1934014;Ce2Si3Rh
mp-1934051;CaSnO3
mp-1935076;PtS
mp-1939249;Cs2Pt3Se4
mp-1982639;ThO2
mp-1982799;HoMn2
mp-19959;LuTiGe
mp-20025;Mn(GaS2)2
mp-20269;MnGaPt
mp-20490;NdNiSn
mp-20503;GdTl3
mp-2068;RhF3
mp-20700;Gd(SiIr)2
mp-20735;Ce3Sn
mp-20779;Li2CeSb2
mp-20789;SmInRh
mp-21208;RhF3
mp-21242;LiYbPb
mp-21298;NpSi2
mp-22214;Rb2RhF6
mp-22247;ErSiRu
mp-22263;Yb3SnC
mp-22351;NbRu3C
mp-22522;ZrCuSi
mp-2256;LiAl
mp-228;Te2Rh
mp-22870;InBr
mp-23033;Sr2NCl
mp-23164;Bi2Se3
mp-23183;NdCl3
mp-23200;InBr
mp-23499;K2SnCl6
mp-23685;CaH2(CO2)2
mp-2436;EuZn5
mp-24420;H2Se
mp-256;LaN
mp-2582;TiSi2
mp-2713;ErIr
mp-27303;NaAg3O2
mp-27339;Sb2(SO4)3
mp-2741;CaF2
mp-27419;LiBiF6
mp-2749;TiBe2
mp-27638;NiI2
mp-27639;IBr
mp-2769;HoMn2
mp-27820;B7H10
mp-27893;B5H9N
mp-27923;TbCl
mp-27985;YClO
mp-28156;NaGdCl4
mp-28295;CsIO3
mp-2839;CeC2
mp-28607;UReB3
mp-28698;Na4IrO4
mp-288;PtS
mp-28978;Ba2S3
mp-29862;SnBr2
mp-29941;Sc2C
mp-30151;CuAuSe4
mp-30413;TbPbAu
mp-3048;U2SeN2
mp-30770;LuMn5
mp-30855;UPt3
mp-31163;Ce2Si3Rh
mp-31178;DyAl3
mp-31489;PNF2
mp-32163;Rb3NbO8
mp-32241;Nb2O5
mp-32274;Nb2O5
mp-32277;Nb2O5
mp-32667;SiO2
mp-32895;SiO2
mp-34150;SiO2
mp-3455;Er(NiP)2
mp-3551;TbAgTe2
mp-3927;CaAsAu
mp-4001;BaTaS3
mp-4009;BaPdS2
mp-4190;CaSnO3
mp-4438;CaSnO3
mp-4613;Zr2SnC
mp-4873;Ce2TeO2
mp-504757;TbCl
mp-504786;YClO
mp-505297;NbSbRu
mp-505611;Sr2Cu2Ni(SO)2
mp-510140;Pu3Co
mp-510703;PNF2
mp-530546;SiO2
mp-532105;SiO2
mp-541507;Sr2VO4
mp-541837;Bi2Se3
mp-542232;CaFeF5
mp-542814;SiO2
mp-542915;TiAl3
mp-545488;SiO2
mp-545569;SiO2
mp-545597;SiO2
mp-545719;SiO2
mp-545995;SiO2
mp-546546;SiO2
mp-546665;BaNdMn2O5
mp-546794;SiO2
mp-546910;CaSnO3
mp-547211;SiO2
mp-547960;SiO2
mp-548081;SiO2
mp-548266;SiO2
mp-548401;SiO2
mp-548583;SiO2
mp-548735;SiO2
mp-548913;SiO2
mp-549166;SiO2
mp-551214;CeCrS2O
mp-551675;Li3UO4
mp-552120;YClO
mp-553881;SiO2
mp-553945;SiO2
mp-553993;SiO2
mp-554015;CsK(ClO4)2
mp-554089;SiO2
mp-554151;SiO2
mp-554175;SiO2
mp-554243;SiO2
mp-554258;SiO2
mp-554267;SiO2
mp-554355;CaF2
mp-554397;SiO2
mp-554498;SiO2
mp-554543;SiO2
mp-554573;SiO2
mp-554665;SiO2
mp-554682;SiO2
mp-554755;SiO2
mp-554776;PNF2
mp-554926;Sr2VO4
mp-554946;SiO2
mp-555147;SiO2
mp-555165;SiO2
mp-555211;SiO2
mp-555235;SiO2
mp-555251;SiO2
mp-555292;PNF2
mp-555355;SiO2
mp-555382;Sr2VO4
mp-555394;SiO2
mp-555411;SiO2
mp-555443;PNF2
mp-555483;SiO2
mp-555497;SiO2
mp-555521;SiO2
mp-555544;SiO2
mp-555556;SiO2
mp-555676;SiO2
mp-555700;SiO2
mp-555740;SiO2
mp-555791;SiO2
mp-555823;SiO2
mp-555891;SiO2
mp-555960;SiO2
mp-556027;SiO2
mp-556044;SiO2
mp-556048;Nb2O5
mp-556068;SiO2
mp-556088;SiO2
mp-556110;CaH2(CO2)2
mp-556132;SiO2
mp-556218;SiO2
mp-556257;SiO2
mp-556262;SiO2
mp-556274;SiO2
mp-556319;SiO2
mp-556376;SiO2
mp-556454;SiO2
mp-556464;SiO2
mp-556469;SiO2
mp-556537;SiO2
mp-556553;SiO2
mp-556564;SiO2
mp-556588;SiO2
mp-556591;SiO2
mp-556611;CaFeF5
mp-556654;SiO2
mp-556662;SiO2
mp-556788;SiO2
mp-556812;SiO2
mp-556880;SiO2
mp-556882;SiO2
mp-556961;SiO2
mp-556963;SiO2
mp-556985;SiO2
mp-556994;SiO2
mp-557004;SiO2
mp-557017;SiO2
mp-557024;SiO2
mp-557076;SiO2
mp-557118;SiO2
mp-557134;SiO2
mp-557182;CaFeF5
mp-557194;SiO2
mp-557211;SiO2
mp-557223;SiO2
mp-557244;SiO2
mp-557264;SiO2
mp-557316;SiO2
mp-557465;SiO2
mp-557591;SiO2
mp-557653;SiO2
mp-557713;Ba2LaTaO6
mp-557723;SiO2
mp-557771;SiO2
mp-557814;SiO2
mp-557837;SiO2
mp-557873;SiO2
mp-557881;SiO2
mp-557894;SiO2
mp-557930;SiO2
mp-557933;SiO2
mp-558025;SiO2
mp-558115;SiO2
mp-558200;SiO2
mp-558203;SiO2
mp-558301;SiO2
mp-558326;SiO2
mp-558351;SiO2
mp-558366;SiO2
mp-558374;SiO2
mp-558564;SiO2
mp-558569;SiO2
mp-558598;SiO2
mp-558733;SiO2
mp-558811;PtS
mp-558864;CrHgF6
mp-558891;SiO2
mp-558931;SiO2
mp-558947;SiO2
mp-559091;SiO2
mp-559273;SiO2
mp-559313;SiO2
mp-559347;SiO2
mp-559360;SiO2
mp-559389;SiO2
mp-559545;SeO2
mp-559550;SiO2
mp-559605;SiO2
mp-559655;PNF2
mp-559740;SiO2
mp-559741;SiO2
mp-559829;SiO2
mp-559860;SiO2
mp-559872;SiO2
mp-559928;SiO2
mp-559962;SiO2
mp-560008;PNF2
mp-560030;CaF2
mp-560064;SiO2
mp-560131;SiO2
mp-560152;SiO2
mp-560155;SiO2
mp-560203;SiO2
mp-560210;CaH2(CO2)2
mp-560252;SiO2
mp-560275;PNF2
mp-560336;SiO2
mp-560449;K3Ni2F7
mp-560511;CaH2(CO2)2
mp-560527;SiO2
mp-560708;SiO2
mp-560754;SiO2
mp-560809;SiO2
mp-560826;SiO2
mp-560836;SiO2
mp-560882;SeO2
mp-560920;SiO2
mp-560922;SiO2
mp-560941;SiO2
mp-560954;SiO2
mp-560973;SiO2
mp-560998;SiO2
mp-561090;SiO2
mp-561116;SiO2
mp-561181;SiO2
mp-561291;SiO2
mp-561301;SiO2
mp-561351;SiO2
mp-561488;SiO2
mp-561628;CeCrS2O
mp-561634;BaNdMn2O5
mp-562490;SiO2
mp-565780;Sr2VO4
mp-567290;LaN
mp-567589;DyAl3
mp-567808;Tm(CuGe)2
mp-567840;Tm(CuGe)2
mp-568342;TbCl
mp-569151;MnGaPt
mp-569630;NdOs2
mp-569981;DyAl3
mp-570173;K2SnCl6
mp-570397;Ho2(GePt3)3
mp-570991;TiSi2
mp-571112;TaMn2
mp-571296;Er(GeRu)2
mp-571453;K2SnCl6
mp-572283;SiO2
mp-573327;InCu2
mp-573651;Li22Pb5
mp-581967;Nb2O5
mp-582988;Bi12PtCl12
mp-592;TiRu
mp-600000;SiO2
mp-600001;SiO2
mp-600002;SiO2
mp-600003;SiO2
mp-600004;SiO2
mp-600005;SiO2
mp-600006;SiO2
mp-600007;SiO2
mp-600014;SiO2
mp-600015;SiO2
mp-600016;SiO2
mp-600018;SiO2
mp-600022;SiO2
mp-600023;SiO2
mp-600024;SiO2
mp-600026;SiO2
mp-600027;SiO2
mp-600028;SiO2
mp-600029;SiO2
mp-600031;SiO2
mp-600032;SiO2
mp-600033;SiO2
mp-600037;SiO2
mp-600038;SiO2
mp-600039;SiO2
mp-600041;SiO2
mp-600045;SiO2
mp-600049;SiO2
mp-600050;SiO2
mp-600051;SiO2
mp-600052;SiO2
mp-600053;SiO2
mp-600054;SiO2
mp-600055;SiO2
mp-600057;SiO2
mp-600059;SiO2
mp-600060;SiO2
mp-600061;SiO2
mp-600063;SiO2
mp-600065;SiO2
mp-600067;SiO2
mp-600068;SiO2
mp-600070;SiO2
mp-600071;SiO2
mp-600072;SiO2
mp-600076;SiO2
mp-600078;SiO2
mp-600080;SiO2
mp-600083;SiO2
mp-600084;SiO2
mp-600085;SiO2
mp-600091;SiO2
mp-600096;SiO2
mp-600098;SiO2
mp-600109;SiO2
mp-600111;SiO2
mp-604;Nb2O5
mp-604637;SiO2
mp-604717;SiO2
mp-611406;CrHgF6
mp-613384;CsIO3
mp-613509;PtS
mp-614918;YClO
mp-615993;SiO2
mp-618578;Sr2VO4
mp-622375;Mn(GaS2)2
mp-622636;TmInCu2
mp-623;HgPt
mp-623452;Mn3Bi
mp-6297;CaCu(GeO3)2
mp-630865;CaFeF5
mp-638005;SeO2
mp-638033;SiO2
mp-638035;SiO2
mp-638038;SiO2
mp-638049;SiO2
mp-639463;SiO2
mp-639478;SiO2
mp-639480;SiO2
mp-639506;SiO2
mp-639511;SiO2
mp-639512;SiO2
mp-639558;SiO2
mp-639682;SiO2
mp-639695;SiO2
mp-639705;SiO2
mp-639724;SiO2
mp-639733;SiO2
mp-639734;SiO2
mp-639741;SiO2
mp-639748;SiO2
mp-640556;SiO2
mp-640909;SiO2
mp-640917;SiO2
mp-641703;Li7P3S11
mp-642279;U6Fe16Si7
mp-643;ThO2
mp-643701;TlP(HO2)2
mp-644923;SiO2
mp-646895;SiO2
mp-651707;SiO2
mp-6537;CaCu(GeO3)2
mp-653763;SiO2
mp-654462;SiO2
mp-654463;SiO2
mp-654464;SiO2
mp-654465;SiO2
mp-654466;SiO2
mp-654467;SiO2
mp-654468;SiO2
mp-654469;SiO2
mp-654470;SiO2
mp-654471;SiO2
mp-654472;SiO2
mp-654473;SiO2
mp-654474;SiO2
mp-654475;SiO2
mp-654476;SiO2
mp-654477;SiO2
mp-654478;SiO2
mp-654479;SiO2
mp-654480;SiO2
mp-654481;SiO2
mp-654482;SiO2
mp-654483;SiO2
mp-654484;SiO2
mp-654485;SiO2
mp-654486;SiO2
mp-654487;SiO2
mp-654488;SiO2
mp-654489;SiO2
mp-654490;SiO2
mp-654491;SiO2
mp-654492;SiO2
mp-654493;SiO2
mp-654494;SiO2
mp-654495;SiO2
mp-654496;SiO2
mp-654497;SiO2
mp-654498;SiO2
mp-654499;SiO2
mp-654500;SiO2
mp-654501;SiO2
mp-654502;SiO2
mp-654503;SiO2
mp-654504;SiO2
mp-654505;SiO2
mp-654506;SiO2
mp-654507;SiO2
mp-654508;SiO2
mp-654509;SiO2
mp-654510;SiO2
mp-654511;SiO2
mp-654512;SiO2
mp-654513;SiO2
mp-654514;SiO2
mp-654515;SiO2
mp-654516;SiO2
mp-654517;SiO2
mp-654518;SiO2
mp-654519;SiO2
mp-654520;SiO2
mp-654521;SiO2
mp-654522;SiO2
mp-654523;SiO2
mp-654524;SiO2
mp-654525;SiO2
mp-654526;SiO2
mp-654527;SiO2
mp-654528;SiO2
mp-654529;SiO2
mp-654530;SiO2
mp-654531;SiO2
mp-654532;SiO2
mp-654533;SiO2
mp-654534;SiO2
mp-654535;SiO2
mp-654536;SiO2
mp-654537;SiO2
mp-654538;SiO2
mp-654539;SiO2
mp-654540;SiO2
mp-654541;SiO2
mp-654542;SiO2
mp-654543;SiO2
mp-654544;SiO2
mp-654545;SiO2
mp-654546;SiO2
mp-654547;SiO2
mp-654548;SiO2
mp-654549;SiO2
mp-654550;SiO2
mp-654551;SiO2
mp-654552;SiO2
mp-654553;SiO2
mp-654554;SiO2
mp-654555;SiO2
mp-654556;SiO2
mp-654557;SiO2
mp-654558;SiO2
mp-654559;SiO2
mp-654560;SiO2
mp-654561;SiO2
mp-654562;SiO2
mp-654563;SiO2
mp-654564;SiO2
mp-654565;SiO2
mp-654566;SiO2
mp-654567;SiO2
mp-654568;SiO2
mp-654569;SiO2
mp-654570;SiO2
mp-654571;SiO2
mp-654572;SiO2
mp-654573;SiO2
mp-654574;SiO2
mp-654575;SiO2
mp-654576;SiO2
mp-654577;SiO2
mp-654578;SiO2
mp-654579;SiO2
mp-654580;SiO2
mp-654581;SiO2
mp-654582;SiO2
mp-654583;SiO2
mp-654584;SiO2
mp-654585;SiO2
mp-654586;SiO2
mp-654587;SiO2
mp-654588;SiO2
mp-654589;SiO2
mp-654590;SiO2
mp-654591;SiO2
mp-654592;SiO2
mp-654593;SiO2
mp-654594;SiO2
mp-654595;SiO2
mp-654596;SiO2
mp-654597;SiO2
mp-654598;SiO2
mp-654599;SiO2
mp-654600;SiO2
mp-654601;SiO2
mp-654602;SiO2
mp-654603;SiO2
mp-654606;SiO2
mp-654607;SiO2
mp-654611;SiO2
mp-654618;SiO2
mp-654619;SiO2
mp-654620;SiO2
mp-654621;SiO2
mp-654622;SiO2
mp-654623;SiO2
mp-654624;SiO2
mp-654625;SiO2
mp-654626;SiO2
mp-654627;SiO2
mp-654628;SiO2
mp-654630;SiO2
mp-654631;SiO2
mp-654640;SiO2
mp-654654;SiO2
mp-654657;SiO2
mp-654658;SiO2
mp-654659;SiO2
mp-654660;SiO2
mp-654665;SiO2
mp-654672;SiO2
mp-654678;SiO2
mp-654679;SiO2
mp-654681;SiO2
mp-654685;SiO2
mp-654692;SiO2
mp-654703;SiO2
mp-654740;SiO2
mp-654752;SiO2
mp-655002;CaSnO3
mp-655006;Ba2LaTaO6
mp-655054;SiO2
mp-655163;SiO2
mp-655230;YClO
mp-655324;NbSbRu
mp-655326;NbSbRu
mp-655431;TiRu
mp-655484;CaH2(CO2)2
mp-655495;SiO2
mp-655510;LaN
mp-655513;SiO2
mp-655516;SiO2
mp-655548;SiO2
mp-655551;SiO2
mp-655559;SiO2
mp-655599;SeO2
mp-655639;CaF2
mp-655688;SiO2
mp-655828;LiB(CN)4
mp-655843;ThO2
mp-655844;SiO2
mp-655937;SiO2
mp-656158;CaF2
mp-656253;Mn(GaS2)2
mp-656282;SiO2
mp-656283;BaAgTeF
mp-656285;SiO2
mp-656303;SiO2
mp-656314;SiO2
mp-656478;InBr
mp-656498;ThO2
mp-656554;CaF2
mp-656576;ThO2
mp-656709;K2SnCl6
mp-656831;Ba2LaTaO6
mp-656898;NbSbRu
mp-657130;TiRu
mp-657137;TiRu
mp-657159;CaF2
mp-657164;CaF2
mp-657165;CaF2
mp-657235;SiO2
mp-657249;CaH2(CO2)2
mp-657663;Ba2LaTaO6
mp-657683;B5H9N
mp-657718;SiO2
mp-657725;SiO2
mp-657726;SiO2
mp-657736;SiO2
mp-657871;CaSnO3
mp-657908;SiO2
mp-657976;Ba2LaTaO6
mp-657986;Bi12PtCl12
mp-658055;P2Pt
mp-658068;CaH2(CO2)2
mp-658231;CaH2(CO2)2
mp-658377;LaN
mp-658380;SiO2
mp-658400;SiO2
mp-658457;SiO2
mp-658530;SiO2
mp-658537;SiO2
mp-658538;SiO2
mp-658542;SiO2
mp-658543;SiO2
mp-658546;SiO2
mp-658572;SiO2
mp-658607;PNF2
mp-658724;SiO2
mp-659018;LiB(CN)4
mp-659032;SiO2
mp-659115;SiO2
mp-659418;Mn(GaS2)2
mp-659433;BaAgTeF
mp-659434;SiO2
mp-659440;SiO2
mp-659459;SiO2
mp-659479;SiO2
mp-659525;TbAgTe2
mp-659616;InBr
mp-659913;PNF2
mp-659939;CaSnO3
mp-659940;YClO
mp-660001;SiO2
mp-660008;SiO2
mp-660023;SiO2
mp-660029;CsK(ClO4)2
mp-660110;K2SnCl6
mp-660175;CaSnO3
mp-660209;RhF3
mp-660577;NaGdCl4
mp-660581;LiBiF6
mp-660590;Ba2LaTaO6
mp-660654;YClO
mp-660758;SiO2
mp-660772;SiO2
mp-660811;Ba2S3
mp-660880;CaSnO3
mp-661020;SiO2
mp-661142;SiO2
mp-661226;P2Pt
mp-661374;YClO
mp-661560;SiO2
mp-661614;Rb3NbO8
mp-662249;SnBr2
mp-662272;SnBr2
mp-662281;SnBr2
mp-662322;Nb2O5
mp-662343;Nb2O5
mp-662353;Nb2O5
mp-662388;CaF2
mp-662395;CaF2
mp-662399;CaF2
mp-662581;SiO2
mp-662706;SiO2
mp-662779;SiO2
mp-662808;SiO2
mp-662815;Mn(GaS2)2
mp-662873;CaH2(CO2)2
mp-662881;SiO2
mp-662883;SiO2
mp-662899;IBr
mp-662972;CaSnO3
mp-663370;SiO2
mp-663371;SiO2
mp-663372;SiO2
mp-663375;SiO2
mp-663377;SiO2
mp-663378;SiO2
mp-663380;SiO2
mp-663390;SeO2
mp-663422;SiO2
mp-663450;CaCu(GeO3)2
mp-663539;LaN
mp-663541;Sr2NCl
mp-663544;SiO2
mp-663557;SiO2
mp-663622;SiO2
mp-663625;SiO2
mp-663697;SiO2
mp-663951;SiO2
mp-663966;SiO2
mp-663990;SiO2
mp-663992;SiO2
mp-663996;SiO2
mp-664029;Rb2RhF6
mp-664056;SiO2
mp-664078;Nb2O5
mp-664169;Sr2NCl
mp-664171;CaCu(GeO3)2
mp-664173;SiO2
mp-664231;Li7P3S11
mp-664770;SiO2
mp-664908;Mn(GaS2)2
mp-664911;BaAgTeF
mp-664912;SiO2
mp-665;SnSe2
mp-665027;TbAgTe2
mp-665120;InBr
mp-665150;NdCl3
mp-665179;PtS
mp-665212;PtS
mp-665229;PtS
mp-665298;CsIO3
mp-665302;Bi2Se3
mp-665338;Ba2LaTaO6
mp-665365;B5H9N
mp-665380;SiO2
mp-665511;NaAg3O2
mp-665602;SiO2
mp-665741;SiO2
mp-665806;SiO2
mp-665869;Sr2LiSc(B2O5)2
mp-665923;Ba2LaTaO6
mp-665992;SiO2
mp-666015;Bi12PtCl12
mp-666158;SiO2
mp-666162;SiO2
mp-666166;SiO2
mp-666169;SiO2
mp-666247;SeO2
mp-666343;Ba2LaTaO6
mp-666415;SiO2
mp-666437;CaH2(CO2)2
mp-666517;Nb2O5
mp-666550;SiO2
mp-666554;PNF2
mp-667071;CaF2
mp-667368;SiO2
mp-667371;SiO2
mp-667373;SiO2
mp-667376;SiO2
mp-667377;SiO2
mp-667383;SiO2
mp-667448;SiO2
mp-667456;SiO2
mp-667783;CaH2(CO2)2
mp-667992;SiO2
mp-668137;SiO2
mp-668138;SiO2
mp-668143;SiO2
mp-668145;SiO2
mp-668148;SiO2
mp-668149;SiO2
mp-668151;SiO2
mp-668152;SiO2
mp-668155;SiO2
mp-668156;SiO2
mp-668158;SiO2
mp-668159;SiO2
mp-668160;SiO2
mp-668161;SiO2
mp-668162;SiO2
mp-668164;SiO2
mp-668165;SiO2
mp-668166;SiO2
mp-668167;SiO2
mp-668168;SiO2
mp-668169;SiO2
mp-668170;SiO2
mp-668171;SiO2
mp-668173;SiO2
mp-668178;SiO2
mp-668180;SiO2
mp-668189;SiO2
mp-668310;SiO2
mp-668402;SiO2
mp-668406;SiO2
mp-668409;SiO2
mp-668415;SiO2
mp-668512;SiO2
mp-668541;SiO2
mp-668693;SiO2
mp-668723;SiO2
mp-668849;SiO2
mp-668883;SiO2
mp-668936;SiO2
mp-668945;SiO2
mp-668980;SiO2
mp-669096;SiO2
mp-669283;NdCl3
mp-669316;CsIO3
mp-669332;Mn3Bi
mp-669426;SiO2
mp-669499;Ba2LaTaO6
mp-669531;SiO2
mp-669673;PNF2
mp-669740;SiO2
mp-669744;BaPdS2
mp-669750;YClO
mp-669752;CaSnO3
mp-669755;SiO2
mp-669776;SiO2
mp-669782;CsK(ClO4)2
mp-669845;K2SnCl6
mp-669916;RhF3
mp-670210;LiBiF6
mp-670351;SiO2
mp-670357;SiO2
mp-670367;NaGdCl4
mp-670416;Ba2S3
mp-670551;K2NaAlAs2
mp-670592;SiO2
mp-670681;SiO2
mp-670754;P2Pt
mp-671087;Rb3NbO8
mp-671112;SiO2
mp-671159;KAuSe
mp-671218;SnSe2
mp-671867;SiO2
mp-672093;SiO2
mp-672114;SiO2
mp-672408;SiO2
mp-672480;SeO2
mp-672869;SiO2
mp-672873;LiB(CN)4
mp-672949;SiO2
mp-673168;SiO2
mp-677991;SiO2
mp-678011;SiO2
mp-678065;SiO2
mp-678071;CaH2(CO2)2
mp-678081;SiO2
mp-678082;IBr
mp-678140;CaSnO3
mp-678209;SiO2
mp-678441;SiO2
mp-678482;SiO2
mp-678488;SiO2
mp-678490;SiO2
mp-678491;SiO2
mp-678498;SiO2
mp-678501;SiO2
mp-678508;SeO2
mp-678511;SiO2
mp-678654;SiO2
mp-678656;SiO2
mp-678749;SiO2
mp-678918;SiO2
mp-678966;SiO2
mp-679005;Rb2RhF6
mp-679009;Nb2O5
mp-679086;Sr2NCl
mp-679160;CaCu(GeO3)2
mp-679202;Li7P3S11
mp-679346;PNF2
mp-679354;SiO2
mp-679359;SiO2
mp-679774;TbAgTe2
mp-679964;Bi2Se3
mp-680204;SiO2
mp-680222;SiO2
mp-680346;B5H9N
mp-680353;SiO2
mp-680651;NaAg3O2
mp-680894;SrCuF4
mp-680944;Nb2O5
mp-680971;SiO2
mp-681095;SiO2
mp-681203;Ba2LaTaO6
mp-681216;Sr2LiSc(B2O5)2
mp-681307;SiO2
mp-681335;Bi12PtCl12
mp-681348;Sr2VO4
mp-681509;SiO2
mp-681510;SiO2
mp-681518;SiO2
mp-681528;SiO2
mp-681608;SeO2
mp-681857;CaH2(CO2)2
mp-681858;SiO2
mp-681923;Nb2O5
mp-682001;SiO2
mp-682035;PNF2
mp-682547;CaF2
mp-682646;SiO2
mp-682789;YClO
mp-682905;SiO2
mp-682913;SiO2
mp-683103;SiO2
mp-683539;SiO2
mp-683541;SiO2
mp-683542;SiO2
mp-683557;SiO2
mp-683558;SiO2
mp-683559;SiO2
mp-683560;SiO2
mp-683568;SiO2
mp-683569;SiO2
mp-683570;SiO2
mp-683947;SiO2
mp-683952;SiO2
mp-683953;SiO2
mp-683970;SiO2
mp-684232;SiO2
mp-685184;SiO2
mp-686886;SiO2
mp-686987;SiO2
mp-687347;SiO2
mp-687762;SnSe2
mp-687863;SnSe2
mp-688147;NaGdCl4
mp-688197;SiO2
mp-688216;SiO2
mp-688354;LiBiF6
mp-688483;SiO2
mp-688601;SiO2
mp-688640;SiO2
mp-688875;CaSnO3
mp-688878;CsK(ClO4)2
mp-688918;YClO
mp-688999;PNF2
mp-689025;BaPdS2
mp-689049;YClO
mp-689384;SiO2
mp-689410;SiO2
mp-689455;CsIO3
mp-689552;SiO2
mp-689560;NdCl3
mp-689724;SiO2
mp-690228;SiO2
mp-690711;TlP(HO2)2
mp-691068;SiO2
mp-691089;SiO2
mp-691624;SiO2
mp-691625;SiO2
mp-691628;SiO2
mp-691632;SiO2
mp-691635;SiO2
mp-691637;SiO2
mp-691638;SiO2
mp-691639;SiO2
mp-691641;SiO2
mp-691643;SiO2
mp-691645;SiO2
mp-691646;SiO2
mp-691647;SiO2
mp-691648;SiO2
mp-691649;SiO2
mp-691650;SiO2
mp-691651;SiO2
mp-691652;SiO2
mp-691653;SiO2
mp-691655;SiO2
mp-691656;SiO2
mp-691662;SiO2
mp-691664;SiO2
mp-691782;SiO2
mp-691853;SiO2
mp-691857;SiO2
mp-691860;SiO2
mp-691939;SiO2
mp-692097;SiO2
mp-6922;SiO2
mp-692264;SiO2
mp-692407;SiO2
mp-6930;SiO2
mp-693085;SiO2
mp-693220;SiO2
mp-693242;SiO2
mp-693672;PNF2
mp-693690;PNF2
mp-694033;SiO2
mp-694134;PNF2
mp-694179;Nb2O5
mp-694188;SiO2
mp-694216;Nb2O5
mp-694361;SeO2
mp-6945;SiO2
mp-6947;SiO2
mp-695752;SiO2
mp-696396;NaHCO3
mp-697267;TlP(HO2)2
mp-697384;SiO2
mp-697433;SiO2
mp-697443;SiO2
mp-697453;SiO2
mp-697462;SiO2
mp-697498;SiO2
mp-697519;SiO2
mp-697583;SiO2
mp-697584;SiO2
mp-698897;SiO2
mp-698942;SiO2
mp-698955;SiO2
mp-698959;IBr
mp-699004;CaSnO3
mp-699197;SiO2
mp-699292;SiO2
mp-699732;SiO2
mp-699743;SiO2
mp-699746;SiO2
mp-699750;SiO2
mp-699755;SeO2
mp-699873;SiO2
mp-699879;SiO2
mp-7000;SiO2
mp-700210;Nb2O5
mp-700211;Rb2RhF6
mp-700377;Li7P3S11
mp-700519;SiO2
mp-700896;Bi2Se3
mp-701092;SrCuF4
mp-701310;SiO2
mp-701541;Sr2VO4
mp-701702;SiO2
mp-701726;SiO2
mp-701977;SiO2
mp-702006;Nb2O5
mp-702119;SiO2
mp-702535;CaF2
mp-702638;SiO2
mp-702663;SiO2
mp-702728;YClO
mp-702830;SiO2
mp-7029;SiO2
mp-702968;SiO2
mp-703242;SiO2
mp-703244;SiO2
mp-703357;SiO2
mp-703358;SiO2
mp-703402;SiO2
mp-703587;SiO2
mp-703699;SiO2
mp-703788;SiO2
mp-704127;SiO2
mp-704128;SiO2
mp-704395;SiO2
mp-705546;Sb2(SO4)3
mp-705764;SiO2
mp-706365;SiO2
mp-706883;CaFeF5
mp-707377;RbHSO4
mp-707535;H4C(N2O)2
mp-708220;KAuSe
mp-708268;K2NaAlAs2
mp-7087;SiO2
mp-708733;SiO2
mp-708874;YClO
mp-709043;SiO2
mp-709049;SiO2
mp-709402;SiO2
mp-709526;SiO2
mp-709531;SiO2
mp-709559;SiO2
mp-709568;SiO2
mp-709570;SiO2
mp-709571;SiO2
mp-709572;SiO2
mp-709573;SiO2
mp-709574;SiO2
mp-709576;SiO2
mp-709579;SiO2
mp-709582;SiO2
mp-709609;SiO2
mp-709614;SiO2
mp-709615;SiO2
mp-709619;SiO2
mp-709622;SiO2
mp-709627;SiO2
mp-709630;SiO2
mp-709662;SiO2
mp-709668;SiO2
mp-709675;SiO2
mp-709679;SiO2
mp-709716;SiO2
mp-709786;SiO2
mp-709806;SiO2
mp-709908;SiO2
mp-709923;SiO2
mp-710009;SiO2
mp-710243;SiO2
mp-710319;SiO2
mp-710411;SiO2
mp-710767;PNF2
mp-710978;SiO2
mp-711386;SiO2
mp-711420;Nb2O5
mp-711512;SeO2
mp-711576;Nb2O5
mp-711878;SiO2
mp-711895;SiO2
mp-711898;SiO2
mp-712464;SrCuF4
mp-712945;Sr2VO4
mp-712986;SiO2
mp-713054;SiO2
mp-713124;SiO2
mp-713433;SiO2
mp-713436;SiO2
mp-713438;SiO2
mp-713510;SiO2
mp-713528;SiO2
mp-713529;SiO2
mp-714767;SiO2
mp-714948;Nb2O5
mp-715000;SiO2
mp-715001;SiO2
mp-715002;SiO2
mp-715074;SiO2
mp-715430;SiO2
mp-715665;SiO2
mp-715820;SiO2
mp-716155;SiO2
mp-716231;SiO2
mp-716362;SiO2
mp-716364;SiO2
mp-716371;SiO2
mp-716375;PNF2
mp-716427;PNF2
mp-716815;SiO2
mp-716915;SiO2
mp-717079;SiO2
mp-717412;PNF2
mp-718401;Nb2O5
mp-718432;SiO2
mp-718441;SiO2
mp-718534;SiO2
mp-718799;SiO2
mp-719089;SeO2
mp-719128;SiO2
mp-719365;SeO2
mp-719442;Sb2(SO4)3
mp-719542;SiO2
mp-719616;SeO2
mp-721763;SiO2
mp-721764;SiO2
mp-723209;SiO2
mp-723443;SiO2
mp-723857;Nb2O5
mp-724003;SiO2
mp-724004;SiO2
mp-724018;SiO2
mp-724019;SiO2
mp-724022;SiO2
mp-724026;SiO2
mp-724049;SiO2
mp-724481;SiO2
mp-724506;SiO2
mp-724525;SiO2
mp-724529;SiO2
mp-724531;SiO2
mp-724532;SiO2
mp-724613;SiO2
mp-724629;SiO2
mp-724654;SiO2
mp-724657;SiO2
mp-724715;SiO2
mp-725370;SiO2
mp-725538;TlP(HO2)2
mp-726;SeO2
mp-727083;TlP(HO2)2
mp-728758;SiO2
mp-728775;H4C(N2O)2
mp-728790;SiO2
mp-728791;SiO2
mp-728804;SiO2
mp-728812;SiO2
mp-728817;PNF2
mp-728904;SiO2
mp-729356;SiO2
mp-729367;RbHSO4
mp-729371;SiO2
mp-729376;SiO2
mp-729378;SiO2
mp-729382;SiO2
mp-729385;SiO2
mp-729406;SiO2
mp-729852;SiO2
mp-730;P2Pt
mp-730386;SiO2
mp-730831;SiO2
mp-731058;SiO2
mp-731066;SiO2
mp-731286;SiO2
mp-731569;SiO2
mp-731570;SiO2
mp-731959;TlP(HO2)2
mp-732171;NaHCO3
mp-732312;TlP(HO2)2
mp-733325;H4C(N2O)2
mp-733371;SiO2
mp-733790;SiO2
mp-734763;SiO2
mp-734775;SiO2
mp-735284;SiO2
mp-735288;SiO2
mp-735720;SiO2
mp-735793;SiO2
mp-735811;SiO2
mp-736281;SiO2
mp-736282;SiO2
mp-736301;SiO2
mp-736586;SiO2
mp-736590;SiO2
mp-736648;SiO2
mp-736678;SiO2
mp-736680;SiO2
mp-736768;SiO2
mp-737055;H4C(N2O)2
mp-738074;RbHSO4
mp-738808;SiO2
mp-738825;Nb2O5
mp-739106;SiO2
mp-740591;K2SnCl6
mp-740608;K2SnCl6
mp-740634;PNF2
mp-740636;SiO2
mp-740642;SiO2
mp-740864;SiO2
mp-740891;SiO2
mp-740909;SiO2
mp-740912;SiO2
mp-740917;SiO2
mp-741656;SiO2
mp-742031;SiO2
mp-742194;SiO2
mp-742223;SiO2
mp-742332;SiO2
mp-742416;SiO2
mp-742438;SiO2
mp-742564;SiO2
mp-742633;SiO2
mp-742673;SiO2
mp-742998;TlP(HO2)2
mp-743058;SiO2
mp-743385;SiO2
mp-743476;SiO2
mp-744506;SiO2
mp-744705;SiO2
mp-744833;SiO2
mp-745014;B7H10
mp-745031;SiO2
mp-745295;SiO2
mp-746110;SiO2
mp-746148;SiO2
mp-746234;SiO2
mp-746244;SiO2
mp-746271;SiO2
mp-746368;SiO2
mp-746480;SiO2
mp-746484;SiO2
mp-746563;SiO2
mp-746689;Nb2O5
mp-746750;SiO2
mp-746861;SiO2
mp-746880;SiO2
mp-746894;SiO2
mp-747357;SiO2
mp-747412;SiO2
mp-747728;K2SnCl6
mp-747989;SiO2
mp-748218;SiO2
mp-748542;SiO2
mp-748553;SiO2
mp-748591;SiO2
mp-748594;PNF2
mp-748603;SiO2
mp-748692;SiO2
mp-748794;SiO2
mp-748799;SiO2
mp-748806;SiO2
mp-749152;SiO2
mp-749158;SiO2
mp-749180;SiO2
mp-749272;SiO2
mp-749706;TlP(HO2)2
mp-749825;SiO2
mp-749834;NaHCO3
mp-749863;B7H10
mp-749993;SiO2
mp-750177;SiO2
mp-750239;SiO2
mp-750429;TlP(HO2)2
mp-750604;K2SnCl6
mp-750689;K2SnCl6
mp-750829;SiO2
mp-750903;B7H10
mp-750983;SiO2
mp-753890;Ni2H
mp-754;Te2Rh
mp-7648;SiO2
mp-766361;Nb2O5
mp-768457;Sb2(SO4)3
mp-768484;Sb2(SO4)3
mp-768486;Sb2(SO4)3
mp-768500;Sb2(SO4)3
mp-776896;Nb2O5
mp-777615;Sb2(SO4)3
mp-778;Fe2P
mp-788100;Nb2O5
mp-7905;SiO2
mp-792571;Sb2(SO4)3
mp-794067;Nb2O5
mp-794420;Sb2(SO4)3
mp-794671;Nb2O5
mp-795162;Sb2(SO4)3
mp-795178;SiO2
mp-795179;SiO2
mp-795180;SiO2
mp-795359;SiO2
mp-795364;SiO2
mp-795369;SiO2
mp-796400;CaFeF5
mp-7986;CaSnO3
mp-8059;SiO2
mp-820505;CaFeF5
mp-821582;CaFeF5
mp-825465;K3Ni2F7
mp-8342;SiO2
mp-835041;K3Ni2F7
mp-8352;SiO2
mp-835825;K3Ni2F7
mp-842099;CaFeF5
mp-842340;CaFeF5
mp-842511;BaPdS2
mp-842611;Ba2S3
mp-842625;SiO2
mp-842665;SiO2
mp-842673;KAuSe
mp-842765;SiO2
mp-842768;SiO2
mp-842828;SiO2
mp-842878;RhF3
mp-842883;NaAg3O2
mp-842910;SiO2
mp-842967;SiO2
mp-842993;K2NaAlAs2
mp-842995;BaPdS2
mp-843035;KAuSe
mp-843149;SiO2
mp-843150;SiO2
mp-843161;SeO2
mp-843440;K2NaAlAs2
mp-843515;SiO2
mp-843517;SiO2
mp-843518;SiO2
mp-843519;SiO2
mp-843520;SiO2
mp-843581;SiO2
mp-843600;SiO2
mp-843702;SiO2
mp-843721;SiO2
mp-845410;SiO2
mp-845458;SiO2
mp-845476;SiO2
mp-845526;SiO2
mp-845528;SiO2
mp-845548;SiO2
mp-845670;SiO2
mp-845689;SiO2
mp-845693;SiO2
mp-845694;SiO2
mp-845696;SiO2
mp-845697;SiO2
mp-845704;SiO2
mp-845778;SiO2
mp-845930;SiO2
mp-846106;PNF2
mp-846296;SiO2
mp-846297;SiO2
mp-846360;SiO2
mp-846373;Sb2(SO4)3
mp-846537;SiO2
mp-846546;SiO2
mp-846558;PNF2
mp-846578;SiO2
mp-846681;SiO2
mp-846683;SiO2
mp-846725;SiO2
mp-846753;SiO2
mp-846760;SiO2
mp-846838;SiO2
mp-846944;SiO2
mp-846992;Sb2(SO4)3
mp-847215;SiO2
mp-847216;SiO2
mp-847217;SiO2
mp-847219;K2SnCl6
mp-847221;SiO2
mp-847223;SiO2
mp-847232;SiO2
mp-847233;SiO2
mp-847252;SiO2
mp-847253;SiO2
mp-847459;SiO2
mp-847461;SiO2
mp-847778;SiO2
mp-847780;SiO2
mp-847801;SiO2
mp-847802;SiO2
mp-847803;SiO2
mp-847810;SiO2
mp-847907;SiO2
mp-847964;SiO2
mp-848394;SiO2
mp-848395;SiO2
mp-848429;SiO2
mp-848430;SiO2
mp-848431;SiO2
mp-848807;TlP(HO2)2
mp-852455;Nb2O5
mp-852681;Sb2(SO4)3
mp-852685;Sb2(SO4)3
mp-852695;Sb2(SO4)3
mp-852696;Sb2(SO4)3
mp-855364;Nb2O5
mp-855570;Sb2(SO4)3
mp-855571;Sb2(SO4)3
mp-855577;Sb2(SO4)3
mp-855635;Sb2(SO4)3
mp-855879;Nb2O5
mp-856457;Sb2(SO4)3
mp-859306;SiO2
mp-859313;SiO2
mp-860047;TlP(HO2)2
mp-860170;NaHCO3
mp-8602;SiO2
mp-863989;SiO2
mp-863990;SiO2
mp-864017;TlP(HO2)2
mp-864146;RbHSO4
mp-864462;RbHSO4
mp-864995;DyAl3
mp-8796;Sr2LiSc(B2O5)2
mp-888376;Ni2H
mp-902243;Ni2H
mp-903003;Ni2H
mp-905039;TaMn2
mp-905538;CaSnO3
mp-905889;LaPIr
mp-906027;RhF3
mp-906090;Sc2AlC
mp-906162;Zr2SnC
mp-906261;LaN
mp-906284;LaN
mp-9069;K2NaAlAs2
mp-907150;TbCl
mp-907151;TbCl
mp-907187;TiSi2
mp-907274;NpSi2
mp-907386;Li2CeSb2
mp-907438;CsIO3
mp-907519;Ce2TeO2
mp-907835;CeC2
mp-908100;CrHgF6
mp-908203;UReB3
mp-908395;Te2Rh
mp-909050;BaTaS3
mp-909604;CaAsAu
mp-909639;KAg3Se2
mp-909797;U2SeN2
mp-909870;Bi2Se3
mp-910029;Re3B
mp-910061;Pr3AlC
mp-910160;TiSi2
mp-910466;ZrCuSi
mp-910564;ErSiRu
mp-910583;LuTiGe
mp-910909;Sc2C
mp-911411;CuAuSe4
mp-911555;LiAl
mp-911956;NiI2
mp-912079;TbPbAu
mp-912080;TbAu
mp-912109;TiBe2
mp-912228;Ce3Sn
mp-912434;MnGaPt
mp-912580;HgPt
mp-912590;Nb3Ir
mp-912653;LuMn5
mp-912684;NdNiSn
mp-912856;PrB2Ir3
mp-913040;LiYGa4
mp-913241;DyAl3
mp-913248;DyAl3
mp-913863;InCu2
mp-913971;SiO2
mp-913975;SiO2
mp-913978;SiO2
mp-913990;CaCu(GeO3)2
mp-914218;Al2W
mp-914501;NdOs2
mp-914525;DyAl3
mp-914556;Sr(GaAu)2
mp-914803;Ho2(GePt3)3
mp-914973;U6Fe16Si7
mp-915289;SiO2
mp-915290;SiO2
mp-915291;SiO2
mp-915469;Yb(MnSi)2
mp-916509;Mn(GaS2)2
mp-916997;TmInCu2
mp-917021;Mn3Bi
mp-917578;Na2US3
mp-918402;TaMn2
mp-918649;CaSnO3
mp-918835;LaPIr
mp-918919;RhF3
mp-918943;Sc2AlC
mp-918995;Zr2SnC
mp-919032;LaN
mp-919051;LaN
mp-919393;TaMn2
mp-919645;CaSnO3
mp-919836;LaPIr
mp-919913;RhF3
mp-919951;Sc2AlC
mp-919989;Zr2SnC
mp-920034;LaN
mp-920050;LaN
mp-920632;TbCl
mp-920633;TbCl
mp-920661;TiSi2
mp-920731;NpSi2
mp-920798;Li2CeSb2
mp-920812;CsIO3
mp-920926;Rb2As3
mp-921648;TbCl
mp-921655;TbCl
mp-921679;TiSi2
mp-921755;NpSi2
mp-921823;Li2CeSb2
mp-921863;CsIO3
mp-921924;Ce2TeO2
mp-922154;Ce2TeO2
mp-922378;CeC2
mp-922571;CrHgF6
mp-922643;UReB3
mp-922743;Te2Rh
mp-923170;CeC2
mp-923359;CrHgF6
mp-923405;UReB3
mp-923525;Te2Rh
mp-923937;BaTaS3
mp-924572;BaTaS3
mp-924701;CaAsAu
mp-924731;KAg3Se2
mp-924829;U2SeN2
mp-924887;Bi2Se3
mp-925248;CaAsAu
mp-925288;KAg3Se2
mp-925356;U2SeN2
mp-925566;Pr3AlC
mp-925598;TiSi2
mp-925639;Re3B
mp-9258;SiO2
mp-925855;Bi2Se3
mp-925986;Re3B
mp-926004;Pr3AlC
mp-926081;TiSi2
mp-926287;ZrCuSi
mp-926329;ErSiRu
mp-926337;LuTiGe
mp-926400;Na2US3
mp-926547;Sc2C
mp-926810;ZrCuSi
mp-926867;ErSiRu
mp-926876;Na2US3
mp-926882;LuTiGe
mp-927083;Sc2C
mp-927372;CuAuSe4
mp-927451;LiAl
mp-927806;CuAuSe4
mp-927902;LiAl
mp-928042;NiI2
mp-928134;TbPbAu
mp-928152;TbAu
mp-928216;TiBe2
mp-928241;Ce3Sn
mp-928613;NiI2
mp-928676;TbPbAu
mp-928695;TbAu
mp-928715;TiBe2
mp-928778;Ce3Sn
mp-928936;MnGaPt
mp-928982;HgPt
mp-929024;Nb3Ir
mp-929104;NdNiSn
mp-929143;LuMn5
mp-929178;PrB2Ir3
mp-929258;LiYGa4
mp-929319;MnGaPt
mp-929368;HgPt
mp-929391;Nb3Ir
mp-929445;NdNiSn
mp-929525;LuMn5
mp-929545;PrB2Ir3
mp-929760;DyAl3
mp-929782;DyAl3
mp-930125;LiYGa4
mp-930252;DyAl3
mp-930290;DyAl3
mp-930621;InCu2
mp-930699;SiO2
mp-930711;SiO2
mp-930713;SiO2
mp-930767;CaCu(GeO3)2
mp-930804;Al2W
mp-931076;Ho2(GePt3)3
mp-931137;SiO2
mp-931139;SiO2
mp-931141;SiO2
mp-931197;Yb(MnSi)2
mp-931877;Mn(GaS2)2
mp-932107;SiO2
mp-932108;SiO2
mp-932109;SiO2
mp-932179;Yb(MnSi)2
mp-932790;UPt3
mp-933192;Ce2Si3Rh
mp-934105;MnGaPt
mp-934823;ErIr
mp-935016;HoMn2
mp-935050;TmIr
mp-935110;Li22Pb5
mp-937115;Pu3Co
mp-937225;Mn(GaS2)2
mp-939398;H2Se
mp-941220;Pu3Co
mp-941280;ErIr
mp-941526;Pu3Co
mp-941572;ErIr
mp-941712;HoMn2
mp-941737;TmIr
mp-941771;Li22Pb5
mp-941862;HoMn2
mp-941881;TmIr
mp-941957;Li22Pb5
mp-942062;UPt3
mp-942295;TmInCu2
mp-942317;Mn3Bi
mp-942384;Rb2As3
mp-942690;TmInCu2
mp-942729;Mn3Bi
mp-942782;Rb2As3
mp-943077;UPt3
mp-943390;Ce2Si3Rh
mp-943539;Ce2Si3Rh
mp-944162;MnGaPt
mp-944788;MnGaPt
mp-949867;H2Se
mp-950661;H2Se
mp-972808;SiO2
mp-972824;SiO2
mp-972854;SiO2
mp-972865;SiO2
mp-972916;MgCu
mp-974386;Rh3F
mp-974404;Rh3F
mp-974428;Rh3F
mp-974443;Rh3F
mp-977693;SiO2
mp-977698;SiO2
mp-977905;NdOs2
mp-977910;DyAl3
mp-977932;Sr(GaAu)2
mp-978155;NdOs2
mp-978159;DyAl3
mp-9782;KAg3Se2
mp-978985;SnBr2
mp-979734;SnBr2
mp-9808;Rb3NbO8
mp-983365;K3Hg
mp-983388;K3Hg
mp-983455;K3Hg
mp-983546;K3Hg
mp-983547;K3Hg
mp-983549;K3Hg
mp-983554;K3Hg
mp-984063;K3Hg
mp-985570;SiO2
mp-985590;SiO2
mp-985611;SiO2
mp-985621;SiO2
mp-985653;SiO2
mp-985658;SiO2
mp-985662;SiO2
mp-985665;SiO2
mp-985669;Nb2O5
mp-987036;Na4IrO4
mp-988040;Na4IrO4
mp-9881;KAuSe
mp-988186;Mn3Bi
mp-988285;Na4IrO4
mp-988806;Mn3Bi
mp-988943;Li2CuAs
mp-989028;Mn3Bi
mp-989143;Li2CuAs
mp-989219;Li2CuAs
mp-990480;Yb3SnC
mp-990719;NbRu3C
mp-990735;InCu2
mp-990750;SiO2
mp-990778;Al2W
mp-991054;HoCd
mp-991352;LiYbPb
mp-991515;MnNi3
mp-991626;TiAl3
mp-991766;Li3UO4
mp-991956;EuZn5
mp-992087;U6Fe16Si7
mp-992305;Li3UO4
mp-992320;U6Fe16Si7
mp-992401;SmInRh
mp-992512;Sr(GaAu)2
mp-993039;HoCd
mp-993293;LiYbPb
mp-993467;MnNi3
mp-993536;TiAl3
mp-993700;EuZn5
mp-993921;Li3UO4
mp-993976;SmInRh
mp-994035;U6Fe16Si7
mp-994299;HoCd
mp-994606;LiYbPb
mp-994798;MnNi3
mp-994834;TiAl3
mp-995013;EuZn5
mp-995072;SmInRh
mp-995262;Sb2(SO4)3
mp-995913;Sb2(SO4)3
mp-996692;SiO2
mp-996693;SiO2
mp-996694;SiO2
mp-996696;SiO2
mp-996700;SiO2
mp-996709;SiO2
mp-996710;SiO2
mp-996711;SiO2
mp-996712;SiO2
mp-996713;SiO2
mp-996714;SiO2
mp-996715;SiO2
mp-996716;SiO2
mp-996717;SiO2
mp-996718;SiO2
mp-996719;SiO2
mp-996720;SiO2
mp-996721;SiO2
mp-996722;SiO2
mp-996723;SiO2
mp-996724;SiO2
mp-996725;SiO2
mp-996726;SiO2
mp-996727;SiO2
mp-996781;SiO2
mp-996843;SiO2
mp-996847;SiO2
mp-996848;SiO2
mp-996852;SiO2
mp-996853;SiO2
mp-996854;SiO2
mp-996855;SiO2
mp-996856;SiO2
mp-996857;SiO2
mp-996858;SiO2
mp-996859;SiO2
mp-996860;SiO2
mp-996884;CaCu(GeO3)2
mp-997072;SiO2
mp-997073;SiO2
mp-997075;SiO2
mp-997076;SiO2
mp-997077;SiO2
mp-997078;SiO2
mp-997079;SiO2
mp-997080;SiO2
mp-997081;SiO2
mp-997138;SiO2
mp-997141;SiO2
mp-997559;SiO2
mp-998280;SiO2
mp-998981;TiAl3
mp-999013;TiAl3
mp-999024;TiAl3
mp-999026;TiAl3
mp-999118;TcB
mp-999120;TcB
mp-999131;TcB
mp-999141;TbAu
mp-999146;TcB
mp-999149;TcB
mp-999153;TcB
mp-999157;TbAu
mp-999162;TcB
mp-999165;TbAu
mp-999172;TcB
mp-999175;TbAu
mvc-11613;CaFeF5
mvc-14316;CaFeF5
mvc-16368;CaCu(GeO3)2
mvc-16376;CaCu(GeO3)2