graduateStudentID;graduateCourseID
2;162
2;502
2;642
12;332
12;342
12;652
22;242
22;482
32;222
32;402
42;132
42;572
52;142
62;162
62;292
62;472
72;292
82;112
82;342
82;562
92;212
92;312
102;32
102;492
112;42
122;42
122;542
132;222
142;292
142;372
152;262
152;292
152;552
162;322
162;542
172;402
182;42
192;92
192;622
202;492
212;302
212;642
222;162
222;602
232;242
232;422
242;262
242;402
252;292
252;552
262;92
272;642
282;22
282;582
282;632
292;172
292;192
302;182
302;542
312;622
312;662
322;22
322;192
332;182
332;372
332;582
342;182
342;332
342;632
352;462
362;92
372;212
372;382
382;142
382;552
392;502
392;532
392;602
402;192
402;602
412;52
412;652
422;662
432;52
442;2
442;192
442;462
452;112
452;212
462;262
472;312
472;372
472;652
482;592
492;362
502;552
512;332
512;432
522;162
532;432
542;52
552;522
562;92
562;192
562;572
572;242
582;392
592;542
602;112
602;382
602;522
612;372
612;442
612;482
622;112
622;282
632;252
642;202
642;502
642;602
652;62
652;632
662;102
672;122
672;592
682;652
692;52
702;242
702;422
712;32
712;652
722;62
722;312
722;512
732;462
732;652
742;282
742;382
752;292
752;422
752;542
762;342
762;462
762;552
772;212
782;242
782;362
782;582
792;492
802;132
802;272
802;532
812;42
812;272
812;622
822;122
822;232
822;542
832;62
832;372
842;642
852;622
862;382
862;582
872;252
872;422
872;512
882;262
892;22
902;92
902;382
912;32
912;492
922;182
922;492
922;642
932;522
942;422
942;592
942;602
952;382
962;422
962;482
962;612
972;582
982;642
992;342
992;392
992;532
1002;42
1012;2
1012;652
1022;562
1032;152
1042;82
1042;282
1042;662
1052;452
1062;172
1072;12
1072;202
1072;312
1082;222
1092;652
1102;252
1102;292
1112;162
1112;182
1122;312
1122;362
1132;252
1132;382
1132;492
1142;82
1142;162
1142;662
1152;22
1152;122
1162;442
1162;582
1172;12
1172;462
1182;372
1182;432
1182;552
1192;462
1202;632
1212;202
1222;32
1232;112
1232;642
1242;2
1242;132
1242;662
1252;312
1252;582
1262;142
1262;402
1262;592
1272;322
1282;262
1282;432
1282;542
1292;402
1292;542
1292;652
1302;32
1312;352
1312;442
1322;372
1332;212
1332;532
1332;582
1342;182
1342;432
1342;572
1352;62
1352;92
1352;112
1362;552
1372;62
1372;452
1382;152
1382;522
1382;642
1392;112
1402;12
1402;662
1412;422
1412;602
1422;2
1422;402
1422;642
1432;242
1432;482
1432;532
1442;112
1442;222
1452;32
1452;52
1452;272
10002;1202
10012;1352
10012;1442
10022;1202
10022;1382
10022;1412
10032;1392
10042;1172
10042;1342
10042;1452
10052;1152
10052;1262
10062;1232
10072;1272
10082;1342
10092;1192
10092;1332
10102;1132
10102;1272
10102;1282
10112;1072
10112;1102
10112;1172
10122;1402
10132;1222
10142;1242
10142;1282
10152;1002
10152;1072
10152;1142
10162;1082
10162;1142
10172;1242
10182;1052
10182;1092
10182;1342
10192;1092
10192;1192
10192;1402
10202;1052
10202;1142
10202;1412
10212;1282
10212;1292
10212;1362
10222;1282
10222;1332
10222;1432
10232;1422
10242;1442
10252;1252
10262;1042
10262;1082
10262;1332
10272;1022
10282;1172
10282;1332
10282;1392
10292;1112
10302;1062
10302;1322
10312;1192
10322;1042
10332;1112
10332;1152
10342;1022
10342;1032
10342;1192
10352;1202
10352;1222
10352;1302
10362;1202
10362;1392
10372;1062
10382;1102
10382;1432
10392;1032
10392;1092
10402;1332
10412;1362
10412;1412
10422;1042
10432;1272
10432;1412
10442;1402
10452;1172
10462;1092
10462;1352
10472;1312
10482;1102
10492;1062
10492;1192
10502;1352
10512;1172
10522;1342
10532;1142
10532;1352
10542;1152
10542;1222
10542;1402
10552;1002
10552;1282
10562;1082
10562;1302
10572;1062
10572;1232
10572;1252
10582;1172
10582;1302
10592;1032
10592;1132
10592;1302
10602;1202
10602;1412
10602;1432
10612;1362
10622;1422
10632;1052
10642;1272
10652;1132
10652;1362
10652;1422
10662;1222
10672;1002
10672;1162
10672;1302
10682;1152
10682;1382
10692;1012
10692;1032
10692;1162
10702;1352
10702;1452
10712;1052
10712;1182
10712;1412
10722;1292
10722;1392
10732;1132
10732;1292
10742;1282
10742;1302
10742;1432
10752;1002
10752;1262
10762;1112
10762;1142
10762;1302
10772;1022
10772;1292
10782;1112
10782;1132
10782;1142
10792;1172
10792;1242
10792;1292
10802;1322
10812;1072
10812;1322
10822;1222
10832;1192
10832;1362
10842;1132
10842;1342
10852;1242
10862;1262
10862;1442
10872;1012
10872;1212
10882;1192
10882;1442
10892;1052
10892;1242
10892;1352
10902;1292
10902;1322
10912;1412
10922;1062
10922;1072
10922;1222
10932;1172
10932;1392
10942;1112
10942;1272
10942;1332
10952;1092
10962;1392
10972;1252
10972;1272
10972;1432
10982;1052
10992;1142
10992;1452
11002;1252
11002;1292
11002;1332
11012;1082
11012;1232
11022;1072
11022;1272
11022;1302
11032;1142
11032;1432
11042;1092
11042;1102
11052;1122
11062;1102
11062;1362
11072;1062
11072;1122
11072;1392
11082;1302
11092;1122
11092;1342
20002;2372
20012;2002
20012;2082
20022;2092
20022;2212
20022;2442
20032;2192
20032;2292
20032;2422
20042;2262
20042;2292
20042;2362
20052;2202
20052;2252
20062;2002
20062;2202
20062;2222
20072;2202
20082;2032
20092;2122
20102;2212
20102;2282
20112;2182
20122;2282
20122;2452
20132;2032
20132;2152
20132;2352
20142;2222
20142;2252
20152;2312
20152;2452
20162;2162
20162;2352
20172;2102
20182;2102
20182;2202
20182;2332
20192;2052
20192;2232
20202;2282
20212;2202
20212;2212
20212;2392
20222;2322
20222;2432
20232;2372
20242;2412
20252;2312
20262;2122
20262;2322
20262;2372
20272;2022
20272;2222
20272;2382
20282;2062
20282;2192
20282;2352
20292;2102
20292;2152
20292;2292
20302;2112
20302;2422
20312;2122
20312;2342
20312;2422
20322;2262
20332;2452
20342;2182
20342;2422
20352;2202
20362;2032
20362;2172
20362;2392
20372;2302
20382;2112
20382;2242
20382;2292
20392;2322
20402;2162
20412;2202
20422;2452
20432;2242
20432;2262
20442;2032
20442;2102
20442;2322
20452;2042
20452;2222
20452;2332
20462;2262
20472;2072
20472;2152
20472;2322
20482;2032
20482;2142
20492;2292
20502;2442
20512;2112
20512;2252
20512;2292
20522;2172
20522;2442
20532;2212
20542;2462
20552;2082
20552;2242
20552;2412
20562;2152
20572;2172
20572;2272
20572;2362
20582;2162
20582;2342
20582;2372
20592;2382
20602;2372
20612;2122
20612;2292
20612;2452
20622;2152
20622;2442
20632;2172
20632;2422
20632;2452
20642;2312
20642;2332
20642;2442
20652;2142
20652;2172
20662;2072
20672;2002
20672;2312
20672;2402
20682;2032
20682;2242
20682;2322
20692;2042
20692;2172
20692;2322
20702;2382
20702;2462
20712;2162
20712;2282
20722;2102
20722;2462
20732;2402
20742;2002
20752;2032
20752;2082
20762;2042
20762;2102
20762;2412
20772;2112
20772;2262
20782;2032
20782;2152
20782;2312
20792;2002
20792;2292
20802;2152
20812;2062
20812;2332
20822;2272
20832;2442
20842;2182
20842;2402
20852;2012
20852;2362
20862;2132
20872;2042
20872;2282
20872;2312
20882;2142
20892;2022
20892;2142
20892;2432
20902;2222
20902;2362
20902;2392
20912;2232
20912;2352
20912;2442
20922;2232
20922;2402
20932;2462
20942;2182
20942;2262
20942;2422
20952;2222
20952;2362
20962;2142
20972;2242
20982;2272
20982;2342
20992;2042
20992;2162
20992;2322
21002;2042
21002;2142
21012;2032
21012;2062
21022;2322
21022;2422
21032;2292
21042;2042
21042;2082
21042;2272
21052;2192
21052;2302
21052;2452
21062;2232
21062;2422
30002;3142
30012;3052
30012;3182
30012;3542
30022;3012
30022;3162
30022;3542
30032;3032
30032;3452
30042;3002
30042;3252
30042;3412
30052;3012
30062;3522
30072;3002
30072;3112
30072;3322
30082;3002
30082;3252
30082;3302
30092;3082
30092;3482
30102;3372
30102;3482
30102;3552
30112;3332
30112;3392
30122;3512
30132;3062
30132;3432
30142;3062
30142;3092
30142;3262
30152;3412
30152;3542
30162;3062
30162;3142
30172;3072
30172;3092
30172;3112
30182;3552
30182;3572
30192;3572
30202;3172
30202;3282
30212;3432
30222;3082
30222;3302
30222;3362
30232;3172
30232;3302
30242;3012
30242;3132
30242;3452
30252;3182
30252;3192
30252;3552
30262;3112
30272;3572
30282;3152
30282;3262
30292;3302
30292;3322
30292;3402
30302;3232
30302;3372
30302;3402
30312;3312
30322;3142
30322;3462
30332;3072
30332;3282
30332;3522
30342;3192
30342;3202
30352;3082
30362;3182
30362;3492
30372;3002
30372;3072
30382;3112
30382;3362
30382;3572
30392;3212
30402;3392
30412;3052
30412;3482
30422;3102
30422;3162
30422;3552
30432;3312
30432;3472
30442;3152
30442;3162
30442;3372
30452;3552
30462;3302
30462;3562
30472;3252
30482;3052
30482;3182
30492;3292
30492;3432
30492;3542
30502;3102
30502;3342
30512;3122
30522;3092
30522;3212
30522;3372
30532;3112
30542;3562
30552;3362
30562;3252
30562;3352
30562;3382
30572;3172
30582;3452
30592;3282
30592;3462
30592;3512
30602;3002
30602;3172
30602;3352
30612;3262
30612;3432
30612;3442
30622;3502
30632;3002
30642;3092
30642;3362
30642;3392
30652;3262
30652;3352
30652;3442
30662;3222
30672;3542
30682;3242
30682;3312
30682;3462
30692;3302
30692;3442
30702;3242
30702;3382
30712;3212
30722;3362
30732;3002
30732;3572
30742;3162
30742;3322
30752;3532
30762;3002
30762;3162
30762;3322
30772;3092
30772;3152
30772;3352
30782;3112
30792;3022
30792;3332
30802;3062
30802;3432
30802;3472
30812;3262
30822;3222
30822;3532
30832;3182
30842;3252
30852;3222
30852;3462
30852;3532
30862;3332
30862;3412
30872;3342
30872;3572
30882;3082
30892;3052
30902;3352
30902;3432
30912;3502
30922;3002
30922;3042
30922;3222
30932;3212
30932;3462
30942;3172
30942;3242
30942;3452
30952;3392
30962;3512
30972;3012
30972;3512
30982;3322
30982;3482
30992;3512
31002;3122
31002;3262
31012;3222
31012;3322
31012;3382
31022;3082
31022;3422
31032;3252
31042;3542
31052;3012
31052;3272
31052;3502
31062;3162
31062;3432
31072;3162
31082;3142
31092;3182
31092;3462
31102;3052
31112;3072
31112;3352
31112;3452
31122;3082
31122;3112
31132;3412
31132;3542
31142;3182
31142;3482
31152;3362
31162;3072
31162;3362
31162;3422
31172;3002
31172;3192
31172;3532
31182;3092
31182;3352
31182;3382
31192;3032
31192;3362
40002;4082
40002;4192
40002;4412
40012;4132
40012;4372
40012;4422
40022;4102
40022;4382
40032;4222
40032;4362
40042;4322
40042;4422
40042;4472
40052;4072
40052;4212
40052;4232
40062;4012
40062;4082
40062;4232
40072;4132
40072;4492
40072;4502
40082;4042
40082;4472
40092;4162
40092;4252
40092;4502
40102;4032
40102;4212
40112;4192
40112;4292
40112;4352
40122;4162
40122;4232
40122;4452
40132;4232
40132;4362
40132;4452
40142;4172
40152;4232
40152;4462
40162;4012
40162;4342
40162;4482
40172;4192
40182;4102
40182;4502
40192;4292
40192;4462
40192;4482
40202;4032
40202;4072
40202;4322
40212;4242
40222;4062
40222;4172
40232;4382
40242;4022
40242;4062
40252;4192
40252;4272
40262;4362
40272;4202
40282;4342
40292;4012
40292;4272
40292;4402
40302;4122
40312;4222
40312;4412
40322;4072
40322;4362
40332;4312
40342;4082
40342;4142
40352;4422
40352;4432
40362;4182
40362;4292
40372;4062
40382;4052
40382;4102
40392;4132
40392;4242
40392;4492
40402;4132
40402;4412
40412;4022
40412;4052
40422;4302
40422;4322
40432;4382
40442;4142
40442;4462
40452;4312
40452;4422
40462;4082
40472;4142
40472;4212
40472;4412
40482;4392
40482;4502
40492;4222
40492;4272
40502;4062
40502;4192
40502;4382
40512;4032
40512;4132
40512;4202
40522;4112
40522;4482
40532;4322
40532;4502
40542;4242
40542;4252
40552;4152
40552;4192
40552;4332
40562;4062
40562;4262
40562;4412
40572;4062
40572;4292
40572;4472
40582;4422
40592;4152
40592;4252
40592;4302
40602;4432
40612;4252
40612;4312
40622;4042
40632;4012
40632;4392
40632;4412
40642;4192
40642;4292
40642;4482
40652;4492
40662;4242
40672;4132
40672;4172
40682;4092
40682;4452
40692;4362
40702;4192
40702;4362
40712;4082
40722;4012
40722;4472
40732;4432
40732;4482
40742;4272
40752;4002
40762;4032
40762;4132
40762;4212
40772;4202
40772;4432
40772;4492
40782;4032
40782;4442
40782;4452
40792;4132
40802;4112
40802;4432
40812;4232
40812;4372
40822;4362
40822;4472
40822;4492
40832;4162
40832;4372
40842;4102
40842;4422
40842;4472
40852;4012
40852;4452
40862;4472
40872;4082
40882;4122
40882;4482
40892;4282
40892;4352
40902;4082
40902;4392
40902;4422
40912;4442
40912;4472
40912;4502
40922;4082
40932;4012
40942;4042
40942;4082
40942;4482
40952;4172
40952;4232
40952;4372
40962;4222
40962;4232
40962;4352
40972;4082
40972;4372
40972;4492
40982;4122
40982;4162
40982;4502
40992;4052
40992;4112
40992;4412
41002;4112
41002;4302
41002;4442
41012;4052
41012;4062
41022;4032
41032;4082
41032;4362
41042;4132
41042;4472
41052;4032
41052;4082
41052;4172
41062;4112
41062;4232
41072;4322
41082;4412
41082;4442
41092;4122
41092;4152
41102;4272
41102;4412
41102;4422
41112;4482
41122;4372
41132;4082
41142;4052
41152;4282
41162;4502
41172;4452
41182;4152
41182;4362
41192;4102
41192;4152
41192;4292
41202;4162
41202;4452
41212;4082
41212;4132
41212;4332
41222;4282
41222;4402
41232;4142
41232;4362
41232;4372
41242;4162
41252;4152
41252;4352
41252;4392
41262;4292
41262;4422
41272;4252
41272;4492
41282;4222
41292;4062
41292;4422
41302;4112
41302;4122
41302;4222
41312;4052
41312;4122
41322;4302
41322;4332
41332;4142
41342;4102
41352;4402
50002;5232
50002;5272
50002;5352
50012;5062
50012;5492
50022;5022
50032;5132
50032;5322
50032;5482
50042;5102
50042;5152
50052;5012
50052;5442
50062;5322
50062;5482
50072;5052
50072;5242
50082;5142
50082;5182
50082;5432
50092;5392
50102;5362
50102;5392
50102;5432
50112;5312
50122;5002
50122;5242
50122;5412
50132;5392
50142;5322
50152;5222
50152;5442
50162;5012
50172;5132
50172;5292
50182;5012
50182;5052
50182;5082
50192;5112
50202;5342
50212;5022
50212;5172
50212;5462
50222;5102
50222;5372
50222;5432
50232;5072
50232;5382
50242;5062
50252;5232
50262;5042
50262;5082
50262;5202
50272;5072
50282;5272
50282;5302
50282;5492
50292;5272
50292;5342
50302;5022
50302;5272
50302;5342
50312;5072
50312;5482
50322;5332
50322;5482
50332;5322
50332;5422
50332;5492
50342;5452
50352;5182
50352;5492
50362;5252
50372;5012
50372;5212
50372;5342
50382;5202
50382;5372
50392;5122
50402;5232
50412;5342
50422;5282
50422;5462
50432;5242
50442;5072
50442;5242
50442;5372
50452;5212
50452;5432
50452;5452
50462;5032
50462;5482
50472;5182
50472;5252
50482;5202
50482;5212
50482;5402
50492;5272
50502;5022
50502;5152
50502;5192
50512;5092
50512;5232
50522;5102
50522;5482
50532;5162
50542;5232
50542;5382
50552;5002
50552;5262
50552;5322
50562;5252
50562;5272
50562;5372
50572;5102
50572;5292
50582;5042
50582;5392
50582;5402
50592;5222
50592;5272
50592;5452
50602;5172
50602;5372
50612;5212
50612;5252
50612;5332
50622;5022
50622;5102
50632;5222
50632;5342
50642;5052
50642;5142
50642;5282
50652;5012
50652;5172
50662;5202
50672;5082
50682;5132
50682;5152
50682;5322
50692;5052
50702;5272
50702;5332
50712;5352
50712;5412
50722;5462
50732;5412
50742;5042
50742;5162
50752;5212
50752;5482
50762;5302
50772;5182
50772;5312
50782;5112
50792;5122
50792;5172
50792;5362
50802;5102
50802;5162
50802;5332
50812;5012
50822;5102
50822;5422
50832;5202
50832;5332
50832;5362
50842;5202
50852;5272
50852;5342
50862;5082
50872;5142
50872;5162
50882;5002
50882;5292
50882;5312
50892;5402
50902;5092
50902;5472
50912;5182
50912;5282
50912;5452
50922;5022
50922;5162
50922;5242
50932;5012
50932;5162
50942;5032
50942;5102
50942;5462
50952;5022
50952;5142
50952;5302
50962;5412
50972;5462
50982;5202
50982;5212
50982;5272
50992;5212
50992;5272
51002;5102
51002;5152
51002;5332
51012;5312
51022;5172
51032;5232
51032;5352
51042;5142
51042;5442
51052;5032
51052;5102
51062;5172
51072;5232
51072;5412
51072;5432
51082;5202
51092;5382
51092;5422
60002;6202
60002;6232
60002;6402
60012;6222
60012;6362
60022;6322
60022;6362
60032;6402
60032;6432
60042;6012
60042;6252
60042;6472
60052;6212
60052;6412
60062;6202
60062;6342
60072;6352
60082;6242
60092;6002
60092;6022
60102;6062
60102;6072
60102;6222
60112;6212
60122;6472
60132;6242
60132;6332
60142;6182
60142;6442
60152;6182
60152;6442
60162;6212
60162;6332
60162;6352
60172;6032
60172;6332
60172;6382
60182;6212
60192;6112
60202;6342
60212;6042
60212;6172
60212;6262
60222;6142
60222;6202
60232;6142
60232;6292
60242;6122
60252;6172
60252;6182
60262;6182
60262;6232
60272;6362
60272;6372
60282;6002
60282;6262
60282;6302
60292;6322
60292;6372
60302;6122
60302;6382
60302;6422
60312;6142
60312;6312
60312;6472
60322;6032
60322;6442
60332;6022
60332;6162
60332;6242
60342;6212
60352;6402
60362;6072
60362;6082
60362;6362
60372;6002
60372;6172
60382;6212
60382;6332
60392;6062
60392;6162
60392;6302
60402;6002
60412;6022
60412;6272
60412;6402
60422;6142
60432;6092
60432;6202
60432;6382
60442;6192
60452;6112
60462;6402
60472;6232
60482;6132
60492;6402
60502;6142
60502;6362
60502;6422
60512;6002
60512;6132
60512;6182
60522;6292
60532;6002
60532;6062
60542;6262
60552;6342
60552;6442
60562;6112
60572;6182
60582;6102
60592;6092
60592;6182
60592;6212
60602;6242
60612;6092
60612;6102
60612;6332
60622;6112
60622;6432
60632;6032
60632;6182
60632;6342
60642;6122
60642;6272
60642;6412
60652;6222
60652;6322
60662;6142
60662;6302
60672;6032
60672;6112
60672;6302
60682;6162
60682;6292
60682;6462
60692;6122
60702;6432
60702;6472
60712;6352
60712;6432
60722;6292
60732;6322
60742;6162
60742;6272
60742;6422
60752;6212
60752;6262
60762;6052
60762;6132
60762;6202
60772;6142
60772;6172
60782;6022
60782;6212
60782;6282
60792;6262
60792;6312
60792;6452
60802;6302
60802;6332
60812;6202
60812;6242
60812;6452
60822;6202
60822;6342
60822;6362
60832;6042
60832;6072
60832;6352
60842;6472
60852;6082
60852;6232
60852;6352
60862;6052
60862;6402
60872;6002
60872;6162
60882;6152
60892;6032
60892;6302
60892;6352
60902;6172
60902;6422
60912;6462
60922;6242
60922;6452
60932;6082
60932;6152
60942;6062
60942;6302
60952;6402
60952;6472
60962;6172
60962;6192
60962;6412
60972;6412
60982;6212
60982;6342
60982;6392
60992;6332
61002;6342
61012;6122
61012;6222
61012;6402
61022;6142
61022;6392
61032;6022
61032;6142
61032;6402
61042;6012
61042;6382
61042;6442
61052;6012
61052;6092
61052;6302
70002;7012
70002;7522
70012;7002
70012;7032
70012;7152
70022;7152
70022;7422
70032;7042
70032;7072
70032;7122
70042;7162
70042;7192
70042;7392
70052;7292
70052;7382
70052;7562
70062;7502
70062;7512
70072;7332
70082;7002
70082;7242
70092;7072
70092;7162
70092;7442
70102;7042
70102;7452
70112;7162
70112;7192
70122;7142
70122;7372
70122;7452
70132;7042
70132;7242
70132;7292
70142;7052
70142;7432
70152;7272
70162;7432
70162;7552
70172;7182
70182;7482
70192;7442
70202;7562
70212;7322
70222;7432
70222;7522
70232;7292
70232;7502
70242;7122
70242;7152
70242;7322
70252;7242
70252;7562
70262;7022
70262;7422
70262;7442
70272;7522
70282;7122
70292;7112
70292;7172
70292;7352
70302;7322
70302;7502
70312;7012
70312;7352
70322;7292
70332;7032
70332;7172
70332;7442
70342;7452
70352;7272
70362;7012
70362;7082
70372;7022
70372;7172
70382;7202
70382;7222
70392;7032
70392;7322
70402;7512
70412;7182
70412;7322
70422;7222
70422;7412
70432;7032
70442;7062
70442;7132
70452;7182
70452;7232
70452;7362
70462;7142
70462;7342
70462;7442
70472;7132
70472;7262
70482;7052
70482;7332
70492;7292
70492;7302
70502;7362
70512;7062
70512;7302
70522;7212
70532;7042
70532;7152
70542;7572
70552;7342
70552;7502
70562;7142
70572;7162
70572;7432
70572;7502
70582;7112
70582;7242
70592;7122
70592;7222
70592;7542
70602;7252
70602;7432
70612;7142
70612;7172
70612;7432
70622;7022
70632;7332
70632;7342
70632;7422
70642;7312
70642;7512
70652;7142
70652;7192
70652;7492
70662;7542
70672;7562
70682;7042
70692;7102
70692;7222
70692;7362
70702;7252
70702;7292
70702;7302
70712;7002
70712;7132
70712;7382
70722;7482
70722;7492
70732;7122
70732;7132
70742;7282
70742;7512
70752;7442
70762;7162
70772;7222
70772;7232
70782;7282
70782;7462
70782;7532
70792;7342
70792;7542
70802;7142
70802;7472
70812;7262
70812;7302
70812;7492
70822;7262
70832;7222
70842;7132
70842;7512
70842;7542
70852;7132
70852;7192
70852;7222
70862;7392
70872;7192
70872;7222
70872;7522
70882;7072
70892;7042
70902;7122
70902;7382
70912;7282
70922;7272
70922;7532
70932;7382
70932;7462
70942;7182
70942;7302
70942;7462
70952;7202
70952;7252
70962;7132
70962;7232
70972;7042
70972;7372
70982;7542
70992;7062
70992;7242
71002;7142
71002;7312
71002;7352
71012;7092
71012;7472
71022;7222
71022;7482
71032;7062
71032;7422
71032;7432
71042;7082
71042;7142
71042;7202
71052;7292
71052;7372
71062;7212
71062;7512
71072;7352
71072;7422
71072;7522
71082;7202
71092;7382
71102;7012
71102;7332
71112;7202
71112;7392
71122;7302
71132;7082
71132;7142
71132;7242
71142;7092
71142;7232
71152;7132
71152;7302
71152;7322
71162;7012
71172;7122
71172;7422
71182;7572
71192;7102
71192;7472
71202;7502
71212;7072
71212;7402
71222;7242
71232;7302
71242;7092
71242;7312
71242;7492
71252;7082
71252;7222
71252;7482
71262;7172
71262;7482
80002;8142
80002;8242
80002;8412
80012;8272
80012;8502
80022;8322
80032;8222
80032;8232
80042;8002
80042;8172
80052;8302
80062;8292
80062;8352
80072;8062
80072;8412
80072;8432
80082;8122
80092;8002
80102;8152
80102;8212
80112;8412
80122;8332
80122;8382
80132;8142
80132;8432
80132;8462
80142;8082
80142;8402
80152;8112
80162;8172
80172;8112
80182;8112
80182;8232
80182;8492
80192;8032
80192;8222
80192;8292
80202;8102
80202;8172
80212;8082
80212;8092
80212;8212
80222;8052
80222;8472
80222;8502
80232;8012
80232;8062
80232;8192
80242;8042
80252;8072
80252;8232
80252;8422
80262;8162
80272;8262
80272;8442
80282;8022
80282;8242
80292;8052
80292;8152
80292;8262
80302;8052
80302;8302
80302;8472
80312;8292
80312;8322
80312;8382
80322;8262
80322;8482
80332;8132
80332;8152
80332;8172
80342;8382
80352;8052
80352;8062
80362;8092
80362;8412
80372;8502
80382;8182
80382;8452
80392;8042
80392;8412
80392;8502
80402;8112
80402;8362
80412;8262
80412;8272
80412;8492
80422;8112
80422;8392
80432;8022
80432;8182
80442;8252
80442;8382
80442;8392
80452;8292
80452;8382
80462;8422
80472;8042
80472;8102
80482;8262
80492;8032
80492;8072
80492;8432
80502;8182
80512;8202
80512;8432
80522;8212
80522;8252
80522;8282
80532;8112
80532;8132
80532;8222
80542;8452
80542;8482
80552;8152
80562;8092
80562;8362
80572;8292
80582;8302
80592;8302
80602;8232
80612;8002
80612;8182
80612;8402
80622;8212
80622;8422
80632;8102
80632;8132
80632;8482
80642;8182
80642;8472
80652;8332
80652;8422
80662;8032
80672;8312
80672;8432
80682;8052
80692;8022
80702;8082
80702;8402
80712;8042
80712;8362
80722;8452
80732;8262
80742;8462
80752;8112
80762;8252
80762;8262
80762;8402
80772;8112
80772;8422
80782;8072
80782;8172
80782;8232
80792;8262
80792;8332
80802;8022
80802;8442
80812;8042
80812;8062
80822;8282
80832;8122
80842;8132
80842;8232
80842;8322
80852;8242
80862;8232
80872;8322
80872;8412
80872;8502
80882;8482
80892;8042
80902;8012
80912;8002
80912;8092
80912;8132
80922;8112
80922;8282
80932;8222
80932;8362
80932;8422
80942;8192
80942;8202
80952;8142
80952;8352
80962;8502
80972;8032
80982;8212
80982;8242
80982;8502
80992;8372
81002;8312
81012;8012
81012;8132
81012;8462
81022;8022
81022;8202
81032;8502
81042;8442
81052;8462
81062;8012
81062;8472
81072;8462
81082;8402
81092;8032
81092;8122
81092;8192
81102;8132
81102;8142
81112;8442
81122;8182
81122;8482
81132;8032
81132;8082
81132;8332
81142;8252
81152;8442
81162;8102
81172;8252
81182;8052
81182;8282
81182;8372
81192;8092
81202;8132
81202;8312
81212;8142
81212;8302
81212;8412
81222;8102
81222;8112
81232;8162
81242;8072
81242;8302
81242;8352
81252;8142
81252;8172
81262;8132
81272;8082
81272;8262
81272;8282
81282;8062
81282;8082
81282;8382
81292;8352
81302;8042
81302;8092
81302;8292
81312;8352
81312;8452
81322;8282
81332;8152
81332;8392
81332;8492
81342;8402
81342;8442
81352;8162
81352;8412
81362;8192
81362;8372
81372;8012
81372;8072
81372;8332
81382;8062
81392;8042
81392;8152
81392;8242
81402;8182
81412;8092
81412;8112
81412;8142
81422;8012
81422;8032
81422;8202
90002;9412
90012;9292
90022;9142
90022;9512
90032;9442
90032;9482
90032;9572
90042;9222
90052;9122
90062;9252
90062;9282
90062;9492
90072;9012
90072;9162
90072;9532
90082;9152
90092;9062
90092;9282
90092;9402
90102;9092
90102;9202
90112;9542
90122;9452
90132;9472
90132;9552
90142;9012
90142;9082
90142;9412
90152;9002
90152;9092
90162;9012
90162;9312
90172;9032
90182;9002
90192;9182
90202;9442
90212;9522
90212;9572
90222;9032
90222;9162
90232;9132
90232;9372
90232;9482
90242;9032
90242;9122
90242;9152
90252;9082
90252;9132
90252;9492
90262;9482
90262;9502
90262;9532
90272;9132
90272;9342
90272;9562
90282;9012
90282;9212
90282;9382
90292;9252
90302;9012
90302;9122
90302;9362
90312;9072
90322;9452
90332;9002
90342;9022
90342;9222
90342;9372
90352;9222
90352;9442
90362;9082
90362;9382
90372;9132
90382;9202
90382;9232
90382;9442
90392;9032
90392;9242
90392;9552
90402;9142
90402;9152
90412;9412
90422;9292
90422;9442
90422;9532
90432;9162
90432;9322
90432;9472
90442;9102
90442;9112
90452;9572
90462;9312
90462;9442
90472;9192
90482;9092
90492;9022
90492;9152
90492;9392
90502;9042
90502;9392
90512;9212
90512;9502
90522;9242
90522;9262
90532;9012
90532;9242
90532;9312
90542;9482
90552;9112
90552;9512
90562;9332
90572;9022
90572;9102
90572;9222
90582;9032
90582;9382
90582;9402
90592;9312
90592;9532
90592;9562
90602;9002
90602;9072
90612;9092
90612;9542
90622;9002
90622;9332
90622;9532
90632;9112
90632;9442
90642;9002
90642;9032
90642;9482
90652;9422
90652;9532
90662;9262
90662;9432
90662;9522
90672;9082
90672;9172
90672;9432
90682;9032
90682;9272
90682;9572
90692;9362
90692;9412
90702;9342
90712;9352
90722;9182
90722;9202
90722;9492
90732;9312
90732;9502
90732;9522
90742;9342
90742;9482
90752;9072
90752;9282
90762;9342
90762;9492
90772;9242
90782;9242
90782;9462
90792;9272
90792;9512
90792;9532
90802;9192
90802;9512
90812;9532
90822;9142
90822;9512
90832;9092
90832;9172
90832;9532
90842;9262
90842;9342
90852;9022
90852;9412
90852;9502
90862;9182
90862;9252
90862;9502
90872;9132
90872;9142
90872;9292
90882;9062
90882;9312
90892;9352
90902;9542
90912;9462
90912;9512
90912;9532
90922;9032
90922;9252
90922;9332
90932;9432
90942;9032
90942;9172
90942;9572
90952;9222
90962;9162
90962;9422
90962;9552
90972;9262
90972;9512
90972;9562
90982;9532
90992;9242
90992;9262
90992;9442
91002;9222
91002;9432
91012;9052
91012;9472
91012;9492
91022;9352
91022;9372
91022;9542
91032;9322
91032;9462
91042;9422
91052;9102
91062;9182
91072;9012
91072;9412
91082;9172
91082;9322
91082;9332
91092;9122
91092;9282
91092;9542
91102;9292
91102;9312
91112;9462
91112;9512
91112;9542
100002;10102
100002;10372
100002;10422
100012;10382
100022;10032
100022;10122
100022;10172
100032;10142
100032;10242
100032;10352
100042;10062
100042;10272
100052;10082
100052;10172
100062;10362
100072;10052
100072;10162
100072;10242
100082;10312
100092;10072
100092;10312
100092;10342
100102;10272
100112;10142
100112;10472
100122;10282
100132;10062
100132;10172
100132;10462
100142;10122
100152;10162
100152;10372
100162;10112
100162;10302
100162;10432
100172;10462
100182;10412
100192;10372
100202;10062
100202;10372
100202;10452
100212;10012
100212;10242
100222;10072
100222;10292
100222;10372
100232;10342
100242;10332
100252;10132
100262;10132
100272;10072
100272;10322
100272;10442
100282;10172
100282;10402
100292;10002
100292;10232
100302;10022
100312;10042
100312;10092
100312;10142
100322;10102
100322;10432
100332;10452
100342;10102
100342;10402
100352;10242
100352;10322
100352;10432
100362;10022
100362;10442
100372;10012
100372;10262
100372;10392
100382;10032
100382;10212
100392;10092
100402;10072
100402;10202
100402;10322
100412;10142
100422;10052
100422;10252
100432;10062
100432;10472
100442;10342
100452;10122
100452;10172
100452;10282
100462;10162
100462;10232
100472;10012
100482;10202
100492;10182
100492;10252
100502;10442
100512;10302
100522;10052
100522;10302
100522;10322
100532;10182
100532;10382
100542;10052
100542;10072
100552;10152
100562;10142
100572;10222
100582;10142
100582;10222
100582;10462
100592;10062
100592;10172
100602;10312
100602;10332
100612;10052
100622;10302
100632;10032
100632;10472
100642;10432
100652;10342
100662;10302
100672;10222
100672;10302
100672;10472
100682;10202
100682;10312
100682;10422
100692;10392
100702;10092
100712;10052
100712;10452
100722;10102
100722;10292
100732;10142
100742;10012
100742;10192
100742;10332
100752;10272
100752;10442
100762;10012
100762;10212
100772;10442
100782;10322
100792;10312
100802;10152
100812;10002
100812;10122
100822;10072
100832;10362
100832;10422
100842;10322
100842;10372
100842;10472
100852;10242
100862;10102
100862;10342
100872;10412
100882;10222
100882;10272
100882;10462
100892;10322
100902;10132
100902;10212
100902;10302
100912;10222
100912;10262
100912;10272
100922;10162
100932;10122
100932;10242
100932;10392
100942;10222
100952;10122
100952;10452
100952;10472
100962;10112
100962;10152
100972;10142
100972;10252
100982;10062
100992;10312
100992;10362
100992;10442
101002;10302
101002;10462
101012;10422
101022;10342
101032;10122
101042;10282
101052;10022
101052;10222
101052;10312
101062;10022
101062;10262
101072;10002
101082;10092
101082;10222
101082;10262
101092;10302
101102;10012
101102;10042
101102;10212
101112;10012
101112;10292
101112;10462
101122;10022
101122;10322
101132;10122
101132;10162
101132;10372
101142;10102
101142;10122
101142;10452
101152;10052
101152;10302
101162;10392
101172;10152
101182;10392
101192;10332
101192;10452
101192;10472
101202;10062
101202;10092
101212;10132
101222;10102
101222;10242
101232;10022
101232;10322
101242;10282
101242;10432
101242;10472
101252;10022
101262;10472
101272;10092
101272;10322
101272;10432
101282;10142
101292;10102
101292;10332
101292;10472
101302;10032
101302;10472
101312;10402
101322;10262
101322;10292
101332;10082
101342;10042
101342;10202
101342;10292
101352;10232
101352;10282
101352;10362
101362;10072
101362;10172
101362;10272
101372;10002
101372;10092
101372;10352
110002;11122
110012;11102
110012;11562
110022;11182
110022;11432
110022;11472
110032;11042
110032;11282
110032;11452
110042;11132
110052;11032
110052;11482
110062;11022
110062;11352
110062;11532
110072;11092
110082;11272
110092;11102
110092;11162
110092;11552
110102;11102
110102;11112
110102;11372
110112;11152
110122;11302
110122;11342
110122;11532
110132;11262
110132;11282
110142;11012
110142;11432
110152;11582
110162;11022
110172;11182
110172;11502
110172;11532
110182;11222
110182;11242
110182;11452
110192;11062
110192;11072
110192;11522
110202;11022
110202;11542
110212;11122
110212;11492
110212;11582
110222;11122
110232;11162
110242;11402
110242;11582
110252;11202
110262;11342
110272;11192
110272;11512
110282;11012
110282;11292
110282;11362
110292;11202
110292;11472
110292;11502
110302;11342
110302;11572
110312;11262
110312;11372
110312;11422
110322;11332
110332;11382
110342;11522
110352;11522
110352;11592
110362;11002
110362;11092
110372;11162
110372;11272
110372;11342
110382;11242
110392;11212
110392;11252
110392;11462
110402;11352
110412;11422
110422;11112
110422;11482
110422;11552
110432;11212
110442;11002
110452;11152
110452;11572
110452;11592
110462;11062
110462;11142
110462;11522
110472;11342
110472;11552
110482;11332
110482;11592
110492;11052
110502;11372
110512;11002
110512;11252
110512;11462
110522;11122
110522;11272
110532;11322
110532;11412
110542;11182
110542;11192
110542;11212
110552;11192
110552;11202
110562;11232
110562;11552
110572;11412
110582;11522
110592;11372
110602;11062
110612;11382
110612;11422
110622;11342
110632;11102
110632;11482
110632;11522
110642;11022
110642;11312
110652;11102
110652;11352
110652;11452
110662;11302
110662;11392
110672;11072
110672;11122
110672;11442
110682;11272
110682;11542
110682;11572
110692;11332
110702;11332
110702;11452
110712;11282
110712;11322
110712;11512
110722;11032
110722;11072
110722;11142
110732;11122
110732;11182
110732;11202
110742;11162
110742;11402
110752;11142
110762;11092
110762;11342
110762;11412
110772;11082
110782;11262
110782;11372
110792;11302
110792;11442
110802;11002
110802;11172
110802;11442
110812;11132
110812;11232
110812;11252
110822;11272
110822;11522
110832;11022
110832;11402
110832;11502
110842;11062
110842;11352
110852;11362
110862;11002
110862;11302
110862;11592
110872;11132
110882;11352
110892;11302
110892;11562
110902;11152
110902;11402
110912;11192
110912;11262
110922;11052
110922;11282
110922;11442
110932;11162
110932;11172
110932;11502
110942;11342
110952;11202
110952;11502
110962;11232
110962;11332
110972;11172
110972;11322
110972;11382
110982;11042
110982;11412
110992;11202
110992;11242
110992;11352
111002;11172
111012;11112
111012;11182
111012;11292
111022;11552
111022;11582
111032;11102
111032;11522
111032;11562
111042;11152
111052;11402
111052;11492
111052;11592
111062;11302
111062;11352
111062;11512
111072;11182
111082;11072
111082;11422
111082;11432
111092;11022
111092;11072
111092;11292
111102;11382
111102;11482
111102;11502
111112;11322
111112;11352
111122;11392
111132;11392
111142;11042
111142;11242
111142;11422
111152;11132
111152;11242
111152;11322
111162;11152
111162;11232
111162;11252
111172;11392
111172;11492
111172;11592
111182;11262
111182;11362
111182;11502
111192;11492
111202;11542
111212;11472
111222;11192
111222;11492
111232;11102
111242;11242
111252;11192
111252;11202
111252;11322
111262;11092
111262;11312
111272;11132
111272;11272
111272;11322
111282;11382
111282;11422
111292;11562
111302;11162
111302;11172
111302;11392
111312;11292
111322;11332
111322;11352
111332;11342
111342;11242
111352;11462
111362;11312
111372;11202
111372;11292
111372;11502
111382;11362
111382;11412
111382;11432
111392;11092
111392;11452
111402;11002
111402;11452
111412;11202
111412;11492
111422;11042
111422;11152
111422;11172
111432;11032
111432;11182
111432;11412
111442;11302
111452;11172
111452;11202
111452;11302
111462;11022
111462;11372
111462;11472
111472;11152
111472;11242
111472;11382
120002;12142
120012;12512
120012;12522
120022;12392
120032;12032
120032;12272
120042;12182
120052;12202
120052;12332
120062;12472
120072;12382
120082;12362
120082;12512
120092;12122
120102;12002
120102;12342
120102;12382
120112;12282
120112;12382
120122;12162
120132;12392
120142;12002
120142;12492
120152;12402
120162;12102
120162;12292
120172;12312
120172;12322
120182;12432
120182;12502
120192;12242
120202;12012
120212;12192
120212;12322
120222;12022
120232;12082
120232;12142
120232;12152
120242;12432
120252;12262
120252;12312
120262;12082
120262;12092
120272;12062
120272;12382
120272;12522
120282;12202
120282;12332
120292;12322
120292;12492
120302;12172
120302;12342
120302;12412
120312;12012
120312;12152
120312;12382
120322;12082
120332;12062
120342;12262
120342;12472
120352;12032
120352;12212
120352;12492
120362;12092
120362;12122
120362;12462
120372;12052
120372;12242
120372;12512
120382;12522
120392;12032
120392;12342
120402;12122
120402;12132
120402;12182
120412;12012
120412;12352
120412;12462
120422;12272
120422;12282
120432;12022
120432;12062
120442;12012
120442;12482
120452;12022
120452;12342
120462;12412
120472;12002
120472;12162
120472;12302
120482;12172
120482;12202
120482;12332
120492;12172
120492;12192
120492;12332
120502;12082
120502;12342
120502;12442
120512;12312
120512;12432
120522;12352
120532;12002
120532;12372
120532;12412
120542;12152
120542;12272
120552;12192
120562;12022
120562;12212
120572;12112
120582;12452
120592;12262
120592;12282
120592;12412
120602;12072
120602;12432
120612;12132
120612;12332
120612;12442
120622;12422
120632;12372
120632;12512
120642;12382
120652;12132
120652;12152
120652;12192
120662;12222
120662;12412
120672;12122
120672;12402
120682;12392
120682;12472
120682;12512
120692;12062
120692;12412
120692;12522
120702;12242
120702;12292
120712;12362
120722;12032
120722;12272
120722;12472
120732;12262
120732;12302
120742;12352
120752;12072
120752;12082
120752;12212
120762;12022
120772;12132
120772;12202
120772;12282
120782;12492
120792;12512
120802;12112
120802;12232
120812;12212
120812;12302
120812;12472
120822;12232
120832;12132
120832;12202
120832;12362
120842;12122
120842;12202
120852;12032
120852;12402
120852;12472
120862;12252
120862;12322
120862;12332
120872;12202
120872;12212
120882;12212
120882;12512
120892;12212
120892;12402
120902;12022
120902;12152
120902;12282
120912;12082
120912;12172
120912;12412
120922;12162
120922;12492
120932;12422
120942;12012
120952;12372
120962;12072
120962;12192
120962;12452
120972;12032
120972;12272
120972;12482
120982;12132
120992;12332
120992;12422
120992;12462
121002;12032
121002;12172
121002;12262
121012;12492
121022;12092
121032;12462
121032;12502
121042;12222
121052;12062
121052;12382
121062;12022
121072;12152
121072;12402
121082;12002
121082;12052
121092;12082
121092;12412
121102;12122
121102;12222
121102;12332
121112;12422
121112;12452
121122;12022
121122;12052
121122;12282
121132;12072
121132;12262
121132;12282
121142;12092
121142;12462
121152;12012
121152;12272
121162;12122
121162;12292
130002;13072
130012;13022
130012;13132
130022;13072
130032;13032
130032;13512
130042;13262
130042;13312
130042;13502
130052;13052
130052;13372
130052;13572
130062;13392
130062;13512
130072;13462
130072;13572
130082;13292
130082;13522
130092;13092
130092;13102
130092;13162
130102;13012
130102;13332
130102;13392
130112;13212
130112;13352
130122;13422
130122;13462
130132;13022
130132;13452
130142;13072
130142;13092
130152;13292
130162;13292
130162;13462
130162;13472
130172;13212
130172;13332
130172;13522
130182;13052
130182;13132
130182;13232
130192;13402
130192;13532
130192;13572
130202;13252
130202;13302
130202;13442
130212;13152
130212;13542
130222;13022
130222;13102
130232;13502
130242;13052
130252;13002
130252;13522
130262;13052
130262;13062
130272;13102
130272;13392
130282;13072
130282;13192
130292;13492
130302;13042
130312;13052
130312;13142
130312;13402
130322;13102
130322;13502
130332;13002
130332;13302
130332;13372
130342;13182
130342;13402
130352;13312
130352;13412
130352;13442
130362;13392
130372;13132
130372;13212
130372;13542
130382;13142
130392;13082
130392;13472
130392;13512
130402;13162
130402;13212
130412;13202
130422;13112
130422;13342
130432;13012
130432;13542
130442;13452
130452;13002
130452;13072
130452;13572
130462;13102
130462;13462
130472;13162
130472;13392
130472;13412
130482;13142
130482;13332
130482;13422
130492;13362
130492;13522
130502;13242
130502;13402
130512;13422
130522;13032
130522;13272
130532;13022
130532;13162
130532;13212
130542;13212
130542;13462
130552;13072
130552;13262
130552;13332
130562;13372
130562;13462
130562;13502
130572;13112
130572;13352
130572;13472
130582;13332
130582;13342
130582;13392
130592;13312
130592;13402
130592;13432
130602;13072
130602;13432
130612;13182
130612;13442
130612;13502
130622;13272
130632;13432
130642;13242
130642;13282
130642;13332
130652;13022
130652;13132
130652;13542
130662;13302
130662;13412
130662;13492
130672;13362
130672;13442
130682;13472
130682;13522
130692;13082
130692;13252
130692;13572
130702;13032
130702;13282
130702;13362
130712;13162
130712;13192
130712;13522
130722;13192
130732;13032
130732;13162
130742;13332
130752;13092
130752;13492
130762;13162
130762;13222
130762;13452
130772;13302
130772;13512
130782;13032
130782;13152
130792;13132
130792;13272
130802;13012
130812;13122
130812;13532
130822;13482
130822;13552
130832;13442
130832;13562
130832;13572
130842;13012
130842;13512
130852;13222
130852;13492
130862;13032
130862;13162
130872;13302
130882;13222
130882;13382
130882;13412
130892;13092
130892;13212
130892;13222
130902;13462
130902;13472
130912;13142
130912;13362
130912;13452
130922;13072
130922;13232
130922;13362
130932;13172
130942;13422
130952;13432
130952;13562
130952;13572
130962;13272
130962;13482
130972;13152
130972;13342
130972;13412
130982;13132
130982;13332
130992;13202
130992;13342
131002;13282
131002;13402
131002;13502
131012;13282
131022;13232
131022;13332
131022;13472
131032;13092
131042;13102
131042;13282
131042;13502
131052;13092
131052;13172
131052;13272
131062;13562
131072;13472
131082;13112
131082;13222
131082;13562
131092;13072
131102;13312
131102;13322
131102;13362
131112;13082
131112;13312
131122;13122
131122;13192
131122;13572
131132;13302
131132;13342
131142;13022
131142;13052
131142;13242
131152;13392
131152;13482
131162;13242
131162;13472
131162;13542
131172;13132
131172;13292
131182;13462
131182;13572
131192;13062
131192;13232
131192;13462
131202;13122
131202;13352
131212;13332
131212;13492
131222;13192
131232;13182
131232;13232
131232;13492
131242;13492
131252;13152
131252;13412
131262;13052
131262;13132
131262;13362
131272;13392
131272;13422
131282;13262
131292;13492
131302;13042
131302;13532
131302;13542
131312;13192
131312;13292
131322;13012
131322;13442
131332;13242
131332;13432
131342;13492
131342;13572
131352;13492
131362;13202
131372;13202
131372;13222
131372;13492
131382;13402
131382;13502
131392;13482
131402;13022
131402;13182
131412;13012
131422;13012
131422;13082
131422;13092
140002;14242
140002;14362
140012;14102
140012;14182
140012;14322
140022;14042
140032;14132
140032;14362
140042;14122
140052;14052
140062;14402
140072;14132
140072;14172
140072;14202
140082;14052
140082;14362
140092;14112
140102;14172
140102;14272
140112;14092
140112;14182
140122;14092
140122;14202
140132;14022
140132;14172
140142;14062
140142;14322
140152;14002
140152;14022
140152;14332
140162;14002
140162;14092
140162;14142
140172;14172
140172;14432
140182;14242
140182;14382
140182;14422
140192;14082
140192;14392
140202;14202
140212;14162
140212;14252
140212;14412
140222;14142
140232;14122
140232;14392
140242;14012
140242;14272
140242;14442
140252;14302
140252;14322
140252;14382
140262;14052
140262;14232
140272;14032
140272;14282
140282;14122
140282;14312
140282;14402
140292;14032
140292;14172
140292;14242
140302;14322
140302;14372
140312;14122
140312;14402
140322;14112
140322;14242
140322;14272
140332;14142
140332;14342
140342;14042
140352;14422
140362;14072
140362;14392
140372;14122
140372;14352
140372;14372
140382;14112
140382;14412
140392;14112
140392;14212
140392;14442
140402;14012
140402;14162
140402;14302
140412;14272
140422;14012
140422;14102
140422;14282
140432;14092
140442;14052
140442;14252
140452;14032
140452;14072
140452;14412
140462;14002
140472;14042
140472;14342
140482;14042
140492;14052
140492;14192
140492;14362
140502;14112
140502;14392
140512;14262
140512;14422
140522;14172
140522;14432
140532;14222
140532;14232
140532;14412
140542;14252
140542;14392
140552;14102
140552;14282
140552;14322
140562;14112
140562;14152
140562;14212
140572;14112
140582;14132
140582;14202
140582;14332
140592;14442
140602;14082
140602;14312
140602;14342
140612;14052
140622;14232
140622;14292
140622;14372
140632;14232
140642;14002
140652;14382
140662;14102
140662;14192
140662;14412
140672;14232
140672;14272
140682;14192
140692;14052
140692;14332
140692;14352
140702;14112
140702;14302
140712;14022
140712;14332
140722;14142
140722;14252
140732;14112
140732;14292
140732;14392
140742;14382
140752;14262
140752;14272
140762;14202
140762;14392
140772;14202
140772;14292
140782;14232
140792;14412
140802;14062
140802;14092
140802;14402
140812;14072
140822;14292
140832;14152
140832;14372
140832;14392
140842;14252
140842;14322
140852;14002
140862;14232
140862;14312
140872;14172
140872;14182
140872;14312
140882;14032
140882;14112
140882;14452
140892;14052
140892;14192
140902;14162
140912;14322
140922;14272
140932;14312
140942;14392
140952;14122
140952;14282
140952;14342
140962;14042
140962;14132
140962;14392
140972;14132
140972;14202
140972;14282
140982;14232
140982;14402
140992;14422
141002;14032
141002;14212
141012;14152
141012;14342
141022;14062
141022;14372
141022;14402
141032;14202
141042;14022
141052;14122
141052;14422
141052;14432
141062;14022
141072;14032
141072;14082
141072;14192
141082;14082
141092;14002
141092;14092
141092;14182
141102;14062
141102;14102
141102;14332