publicationID;graduateStudentID
100;612
103;22
103;1102
104;22
104;1322
105;1242
107;442
108;1372
110;1392
112;202
113;552
113;872
114;2
115;1362
200;432
200;972
201;712
202;172
204;1082
206;362
210;722
210;972
300;442
300;1132
302;1262
303;62
303;1312
304;2
402;312
403;262
1102;262
1103;1112
1103;1322
1109;472
1109;1092
1110;372
1112;1172
1115;572
1117;242
1117;862
1118;52
1118;102
1119;202
1119;482
1206;522
1207;672
1207;1422
1208;2
1209;912
1209;1112
1210;132
1300;932
1302;512
1303;332
1306;752
1307;1172
1400;542
1401;1312
1401;1382
1402;412
1403;502
1403;922
2102;832
2102;1442
2104;1282
2108;1412
2110;592
2110;852
2111;552
2112;132
2113;2
2113;112
2113;302
2113;1412
2114;602
2115;382
2117;1372
2200;1132
2201;642
2204;32
2206;1242
2207;532
2208;702
2212;322
2213;462
2213;1082
2214;532
2301;592
2301;1302
2302;172
2302;482
2303;292
2303;752
2305;172
2307;222
2308;672
3100;122
3101;1172
3102;152
3102;1152
3102;1192
3104;492
3104;522
3104;762
3104;962
3105;1412
3107;962
3108;332
3109;332
3110;1262
3112;212
3112;742
3112;772
3112;1042
3114;1302
3115;302
3200;722
3200;1412
3200;1422
3206;92
3206;942
3207;102
3210;682
3210;1262
3212;1112
3214;572
3302;1242
3303;222
4100;212
4101;422
4102;692
4102;1312
4103;342
4104;102
4106;592
4108;1432
4109;312
4109;322
4110;302
4111;1302
4115;562
4117;22
4117;212
4117;522
4118;462
4118;622
4200;612
4201;832
4202;692
4202;1142
4202;1162
4202;1312
4204;642
4205;302
4205;322
4205;442
4207;1322
4207;1332
4208;152
4209;352
4210;1422
4211;82
4300;542
4301;112
4301;602
4302;422
4305;412
4309;342
5101;1282
5102;292
5102;852
5103;52
5107;1242
5107;1362
5108;852
5109;972
5110;422
5110;662
5110;952
5112;672
5114;542
5200;202
5200;412
5202;552
5205;122
5206;22
5207;2
5207;672
5207;682
5207;1042
5208;22
5208;962
5301;922
5302;42
5303;922
5303;952
5304;122
6100;1212
6102;772
6103;1152
6104;632
6106;562
6107;892
6107;932
6108;472
6108;512
6108;572
6108;642
6110;932
6112;442
6112;652
6112;892
6114;82
6114;592
6115;1022
6203;12
6203;352
6204;1102
6206;272
6206;572
6207;502
6210;972
6210;1362
6211;372
6211;1142
6212;1332
6212;1382
6301;922
6301;1382
6307;612
6307;952
6308;1142
6400;382
6400;512
6400;952
6400;1022
7101;612
7102;542
7106;1142
7107;852
7110;562
7110;1442
7118;772
7200;952
7202;1312
7204;232
7204;1112
7204;1212
7205;1182
7206;1222
7207;372
7210;152
7210;552
7210;1382
7211;1392
7212;12
7300;272
7300;532
7303;772
7304;1212
7304;1322
8101;552
8101;722
8101;1192
8103;672
8108;942
8110;422
8111;702
8112;1442
8113;722
8113;772
8113;1132
8115;1032
8200;1172
8201;202
8202;592
8202;932
8203;712
8204;1442
8206;412
8210;502
8212;802
8213;862
8300;942
8301;732
8301;1152
8303;492
8307;1372
9106;432
9106;1152
9108;1332
9109;162
9110;262
9110;632
9112;502
9112;692
9112;1342
9113;1272
9114;152
9118;12
9118;492
9200;532
9200;652
9204;862
9205;1442
9206;332
9207;62
9207;342
9207;1282
9208;1132
9209;12
9209;112
9212;792
9212;1342
9214;1352
9300;852
9302;682
9302;792
9303;1222
9304;622
10200;692
10200;1392
10202;1132
10204;132
10204;1042
10205;462
10206;662
10207;452
10207;1102
10209;1262
10211;1262
10212;222
10212;792
11202;322
11202;1322
11202;1362
11205;72
11205;682
11205;962
11206;422
11206;1042
11207;1142
11207;1152
11208;392
11208;782
11209;462
11210;1332
12202;302
12202;442
12202;692
12204;1172
12205;372
12208;932
12211;62
12211;92
12211;1292
12212;912
12214;492
12215;112
13202;682
13203;92
13203;1112
13204;232
13205;202
13208;352
100100;10832
100101;10812
100103;10022
100103;10192
100104;10482
100104;10512
100104;10892
100105;10622
100106;10482
100106;10662
100108;10992
100110;10512
100112;10582
100112;10602
100112;11042
100113;10432
100116;10912
100200;10142
100200;10762
100202;10322
100202;10822
100203;10162
100206;10062
100208;10182
100209;10542
100210;10732
100210;10812
100211;10552
100300;10752
100301;10262
100303;10002
100306;10582
100306;11012
100309;11022
100400;11032
101100;10582
101101;10302
101104;10472
101107;10242
101108;10032
101110;10112
101110;10242
101113;10342
101113;10432
101114;10992
101200;11022
101201;10702
101202;10662
101203;10182
101203;10282
101203;10722
101208;10382
101212;10462
101214;10862
101215;10462
101302;10052
101304;10752
101304;10782
101304;10882
101400;10082
102100;10722
102102;10242
102105;10062
102109;10642
102111;10512
102113;10742
102114;10702
102114;10802
102201;10652
102203;10592
102204;10742
102206;10022
102207;10082
102207;10382
102300;10062
102301;10722
102302;10412
102305;10292
102305;10542
102305;10652
102307;10402
102309;10912
102400;10712
103101;10162
103101;10452
103101;10562
103102;10392
103103;10372
103103;10612
103107;10032
103109;10692
103110;10682
103110;10832
103111;10632
103113;10942
103115;10372
103200;10082
103201;10262
103201;10662
103202;10152
103203;10132
103203;10672
103203;11072
103204;10572
103301;10692
103304;10022
104102;10242
104103;10432
104105;10332
104106;10362
104108;11012
104109;10872
104110;10222
104113;10812
104114;10202
104115;10032
104115;10772
104200;10682
104201;10152
104202;10542
104202;10822
104205;10282
104206;10882
104206;11032
104207;10762
104208;10132
104209;10022
104209;10882
104210;10262
104302;10412
104303;10172
104304;10372
104403;11032
105100;10132
105102;10142
105103;10472
105110;10552
105110;10602
105111;10082
105111;10992
105114;10202
105114;10602
105115;10162
105115;10712
105116;10822
105116;11032
105117;10842
105118;10962
105118;11092
105203;10702
105204;10752
105206;10802
105209;10822
105210;10292
105300;10032
105300;11012
105301;10962
105303;11042
105305;10612
105307;10582
105400;10492
105400;10622
105401;10892
105402;10552
106102;11092
106103;10262
106103;10432
106106;10382
106111;10242
106113;10612
106113;10642
106114;10322
106200;10482
106200;10832
106203;10402
106203;11032
106210;10612
106300;10342
106301;10542
106301;10632
106302;10332
106302;10432
106302;10632
106303;10632
106305;10452
106306;10322
107100;10152
107102;10802
107102;10822
107103;10112
107103;10812
107103;10962
107104;10052
107104;10462
107105;10092
107105;10132
107106;10442
107106;10652
107108;10172
107108;10282
107109;10652
107112;10422
107113;10902
107113;10972
107114;10032
107200;10462
107200;11012
107201;10422
107202;10192
107202;10742
107204;10362
107204;10382
107205;10862
107206;10732
107207;10302
107208;10662
107209;10662
107209;10682
107210;10812
107212;10082
107214;10412
107302;10932
107306;10442
108100;10692
108104;10422
108107;10452
108107;10512
108111;10922
108112;10282
108112;10992
108113;10002
108115;10042
108116;11062
108117;10542
108117;10762
108200;10162
108204;10192
108206;10002
108207;10042
108208;10292
108212;10332
108214;10552
108214;11072
108214;11092
108215;10342
108216;10522
109101;10302
109103;10142
109106;10182
109107;10072
109113;10042
109114;10732
109116;10282
109118;10062
109118;10932
109118;11042
109119;10622
109203;10112
109204;10022
109204;10422
109205;10682
109207;10312
109207;10762
109209;10002
109209;10702
200100;20962
200102;20042
200102;20912
200106;20302
200107;20672
200109;20332
200110;20302
200110;20612
200112;20152
200114;20192
200114;20582
200115;20112
200203;20882
200205;20942
200206;20732
200206;21022
200210;20012
200210;20432
200210;20892
200211;20052
200213;20032
200213;20762
200214;20542
200300;20782
200303;20132
200305;20932
200305;20962
200306;20152
200306;20692
200307;20272
200307;20332
200307;20382
200308;21002
201100;20712
201102;20322
201104;20262
201105;20352
201107;20562
201108;20432
201113;20682
201115;20602
201115;20672
201116;20192
201116;20292
201116;20562
201200;20912
201203;20282
201208;20322
201209;20392
201210;21022
201300;20602
201302;20092
201302;20612
201304;20212
201304;20252
201305;20122
201306;20042
202102;20572
202103;20782
202104;20512
202106;20132
202109;20452
202111;20972
202112;20682
202116;20032
202200;20362
202201;20942
202204;20672
202205;20212
202206;20072
202206;20492
202207;20342
202208;20782
202209;20392
202210;20382
202211;20982
202212;20282
202212;20502
202212;20672
202215;20412
202216;20732
202217;20712
202217;20722
202300;20202
202302;20322
202302;20492
202303;20402
202304;20252
202304;20462
202304;21012
203102;20752
203103;20992
203104;21032
203107;20382
203107;20902
203107;20972
203108;21052
203115;21032
203119;20562
203201;20132
203202;20772
203203;20732
203205;20992
203208;20132
203208;20462
203210;21012
203212;20252
203212;20552
203212;21062
203213;20352
203213;20612
203214;20592
203216;20052
203216;20892
203302;20612
203303;20412
203304;20042
203305;20492
203305;20782
203309;20792
204100;21022
204102;21062
204103;20002
204103;20382
204104;20172
204105;20662
204106;20032
204108;20342
204108;20362
204108;20372
204108;20512
204112;20102
204112;20202
204112;20462
204113;20302
204115;20312
204116;20272
204116;20712
204117;20392
204200;20572
204200;20932
204207;20042
204208;20352
204209;20352
204211;20472
204213;20292
204215;20292
204215;20472
204215;20882
204216;20072
204300;20872
204301;20602
204302;20452
204302;20912
204303;20272
204305;20362
204307;20442
204308;20022
204308;20882
204308;20912
204309;20722
205103;20722
205104;20452
205104;20762
205106;21022
205108;20282
205109;20232
205112;20352
205113;20092
205113;20332
205200;20262
205200;20642
205200;20682
205202;20302
205202;20472
205202;20702
205202;20902
205203;20732
205206;21032
205207;20162
205207;20682
205207;21032
205208;20272
205208;20552
205208;20752
205209;20872
205212;20282
205217;20442
205301;21022
205302;20012
205400;20292
205401;20072
206101;20482
206103;20212
206103;20892
206104;20222
206106;20932
206109;20252
206111;20032
206112;20612
206113;20682
206114;20182
206114;20442
206114;20492
206114;20502
206114;20692
206208;20582
206211;20212
206213;20162
206213;20782
206215;20602
206216;20022
206216;20412
206301;20472
206302;20722
206302;20872
206303;20892
206305;20432
206305;20712
206307;20072
206307;20502
207200;20442
207200;20602
207200;20992
207201;20672
207202;20202
207203;20192
207204;20692
207205;20042
207205;20552
207206;20972
207208;20212
207208;20772
207209;20052
207211;20462
207212;20392
207215;20022
207300;20512
207303;20232
207306;20062
207306;20912
208200;20642
208202;20452
208203;20072
208203;20462
208204;20532
208207;20452
208207;20982
208209;20272
208212;20102
208213;20562
208214;20422
208215;20312
208216;20012
209203;20202
209204;20162
209204;20472
209206;20382
209207;20002
209214;20552
210200;20732
210202;20292
210208;20492
210209;20422
210209;20432
211200;20422
211204;20342
211205;20902
211208;20132
211208;20862
300102;30422
300102;30872
300105;30142
300108;30752
300110;30942
300114;30352
300200;30582
300200;30662
300200;30702
300201;30142
300201;30632
300204;31002
300206;30762
300208;30312
300208;30892
300300;30362
300300;30502
300301;30642
300302;30072
300302;30542
300304;30042
300305;30682
300305;31052
301101;30082
301103;30052
301105;31022
301106;30602
301107;30822
301108;30182
301110;30612
301110;30762
301114;30822
301114;31172
301115;30152
301115;30642
301115;30772
301116;30632
301116;30992
301117;30082
301119;30342
301201;30042
301201;30422
301207;30082
301207;30422
301207;30902
301208;30712
301209;30422
301210;30172
301211;30032
301213;30412
301214;30602
301300;30312
301300;30902
301302;30322
301302;30692
301302;30702
301304;30422
301304;31052
301305;30022
301400;30302
302102;30952
302103;30142
302103;30322
302103;30592
302103;30712
302103;30902
302104;30442
302106;30212
302106;30722
302107;30352
302107;30402
302107;30582
302108;30362
302108;30872
302109;31092
302110;30342
302112;30032
302112;30932
302113;30772
302114;30702
302116;30212
302117;30562
302200;30432
302200;30512
302200;30892
302201;30852
302203;30922
302207;30432
302208;30892
302211;31042
302212;30392
302213;30692
302215;30442
302217;30202
302217;30882
302302;30382
302303;30082
302304;30992
302400;31152
303100;31052
303107;30612
303109;31022
303115;30722
303202;31042
303204;31032
303205;30782
303207;30162
303207;30432
303207;30852
303211;30152
303212;31072
303301;30612
303307;30782
303308;30442
303308;31112
304100;30802
304102;30242
304103;31112
304105;30432
304108;30612
304112;30092
304113;30132
304113;30312
304114;30272
304202;31022
304204;30712
304204;30742
304206;30252
304206;30542
304210;30762
304210;30812
304210;31072
304211;30332
304211;30682
304211;30832
304211;30912
304212;30342
304212;30702
304212;30892
304212;31192
304213;30002
304215;30582
304215;31032
304216;30162
304300;30302
304300;30672
304302;30672
304304;31052
305100;30252
305101;31182
305103;30152
305103;30172
305105;30152
305107;30072
305107;31152
305108;31052
305109;30632
305109;30752
305110;30642
305110;30912
305111;30112
305111;30602
305111;31072
305113;30072
305115;30112
305115;30642
305200;30622
305200;30682
305201;30492
305202;31172
305203;30222
305203;30472
305205;30302
305206;30852
305207;30652
305209;30602
305210;30212
305302;30262
305304;31022
305305;30042
305305;30162
305306;30912
305306;31132
305309;30582
305402;30722
305403;30772
305404;30742
305404;31152
306102;30822
306103;30072
306103;30172
306103;30712
306103;30822
306104;30632
306105;30882
306107;30452
306107;30732
306110;30382
306110;30932
306111;30492
306113;30302
306114;31032
306115;31172
306116;30002
306116;30242
306202;30262
306203;31072
306205;30382
306205;31072
306206;30032
306209;30142
306210;30932
306214;30952
306300;30692
306306;30762
306306;30912
307103;30352
307106;30442
307107;31112
307108;30502
307108;30762
307110;30212
307110;30752
307112;30402
307112;30682
307112;31192
307114;30672
307115;30542
307200;30382
307200;30992
307203;30262
307203;30882
307206;30312
307207;31102
307208;31172
307209;30362
307209;30502
307209;30662
307209;30912
307210;30082
307210;30342
307210;30632
307210;30812
307211;30252
307213;30262
307215;31172
307301;30942
307302;30112
307303;30392
307303;30602
307303;30752
307304;30542
307304;31152
308107;31112
308109;30612
308109;31152
308112;30872
308112;30942
308114;30072
308116;30052
308116;30902
308116;30952
308203;30772
308205;30832
308206;31082
308209;30992
308211;30962
308213;31092
308300;30272
308304;30362
308308;30242
308308;30342
308308;30412
309200;30992
309204;30092
309205;30042
309209;30252
309209;30872
309209;31042
309210;30392
309214;30142
309217;30442
309217;30642
309305;30262
309306;30512
309306;31022
310201;30052
310201;30462
310201;30812
310202;30542
310204;30172
310204;31042
310205;30462
310205;30482
310205;30702
310205;31192
310206;31042
310210;30132
310211;30872
311200;30412
311201;30382
311202;30222
311203;30412
311204;30352
311205;30282
311205;30592
311205;30962
311205;31112
311207;30842
311209;30042
311209;30852
311213;30622
400100;40332
400101;40592
400101;41232
400102;40742
400103;40182
400103;40722
400108;40212
400108;40442
400109;40872
400110;40972
400111;40832
400113;40752
400116;41062
400116;41332
400200;40132
400200;40432
400200;41082
400201;40762
400202;40052
400203;40512
400208;40712
400300;40042
400301;40522
400301;40642
400302;40262
400302;40572
400302;40612
400303;40822
400304;40622
400305;40042
400305;40282
400305;40752
400306;40002
400306;41202
400307;40412
400402;40962
400402;41272
400404;40812
401102;40272
401103;40232
401104;40642
401104;40912
401107;41052
401107;41212
401112;40202
401112;40822
401116;40862
401116;41022
401201;41092
401204;40052
401206;41092
401207;40132
401207;40782
401208;40602
401210;40502
401211;40682
401212;41332
401213;40392
401213;40972
401302;40302
401302;40782
401303;40412
401303;40732
402102;40562
402102;40812
402103;40682
402104;40602
402106;41272
402107;40532
402108;40792
402110;41202
402111;40022
402111;41002
402111;41232
402112;40982
402113;41212
402114;40742
402114;41042
402115;40452
402116;40022
402200;40032
402200;40442
402201;40292
402201;41122
402203;40562
402203;40792
402203;41282
402204;40182
402204;40482
402205;40042
402206;40492
402206;40562
402207;40242
402209;40832
402210;41332
402303;41242
402306;40792
403100;40912
403101;40492
403102;40482
403102;41002
403102;41342
403104;40802
403105;40872
403106;40612
403107;40472
403109;41002
403111;40132
403114;40222
403114;41002
403115;40282
403201;40202
403202;40642
403203;40562
403204;40452
403204;40742
403207;40262
403208;40962
403209;41172
403209;41332
403210;40022
403210;40082
403300;40782
403300;40822
403301;40432
403301;40792
403304;40292
403305;40932
403400;41072
403401;40962
403401;41092
403401;41202
403402;40252
403402;41082
403403;41202
404100;40082
404100;41102
404101;41212
404102;40322
404104;41342
404105;40002
404105;40362
404105;40442
404105;40832
404105;41102
404106;41072
404108;40012
404109;40812
404110;40082
404111;40242
404113;41242
404114;40632
404116;40482
404202;40182
404203;40232
404203;40362
404203;40912
404203;40932
404204;40032
404204;40082
404205;40342
404208;40052
404208;40212
404209;41272
404211;40322
404211;40862
404212;40522
404215;41012
404300;40082
404301;40022
404301;40282
404301;41112
404302;40682
404304;41052
404402;40172
405100;40062
405100;40542
405101;40192
405101;40362
405101;40512
405102;40492
405103;40032
405104;41142
405105;41002
405106;40212
405110;40762
405111;40752
405114;41102
405117;40782
405118;40602
405200;40172
405201;40732
405202;40292
405203;40972
405205;40092
405206;41182
405207;40362
405208;40752
405210;40402
405210;40602
405210;40922
405214;40062
405214;40412
405214;40652
405300;40122
405300;41092
405301;40212
405303;40602
405304;40122
405304;40952
405305;41012
406100;40452
406101;40282
406101;40362
406102;41142
406102;41212
406102;41352
406103;41292
406104;40182
406106;40572
406108;40702
406109;40042
406109;40812
406111;41072
406112;40882
406114;40642
406200;40392
406203;40982
406204;40472
406205;40222
406205;41212
406206;40762
406209;40122
406301;40562
406301;40612
406301;40912
406301;41152
406304;40542
406306;40742
406306;40982
406306;41042
406307;40202
406307;41152
407200;40892
407202;41182
407204;40342
407204;40652
407205;40502
407206;40252
407208;40212
407209;40052
407210;40582
407210;41272
407211;40242
407211;40342
407211;40822
407212;40782
407215;40262
407217;40282
407217;40442
407300;40932
407301;41132
407301;41172
407302;40342
407302;41192
407303;40482
407306;40862
407306;41012
407308;40502
408200;40982
408201;40242
408201;40422
408201;41292
408203;40542
408203;40572
408203;41072
408204;41162
408207;41062
408209;40882
408300;40022
408301;40232
408301;40262
408301;40822
408304;40052
408304;40332
408306;40202
408307;40752
408309;40202
409202;41202
409203;40102
409204;40232
409204;40342
409204;40952
409204;41182
409204;41232
409206;40332
409206;40892
409207;40632
409209;40912
409209;41042
409209;41142
409210;40232
409210;41132
409210;41172
409211;41152
409211;41172
409212;40162
409212;41172
409300;40612
409301;40122
409301;40132
409301;40712
409302;40762
409305;40442
409306;40352
409307;40322
409307;40552
409308;40522
409308;41092
500100;50252
500101;50382
500101;50652
500101;50852
500102;50102
500103;51062
500104;50722
500105;50962
500107;50382
500110;50022
500113;51002
500114;51082
500200;50952
500206;50322
500210;50102
500300;50242
500301;50822
500302;50942
500303;50272
500304;50652
500304;50882
501100;50312
501100;50452
501100;50682
501101;50032
501103;50242
501105;51012
501109;50042
501109;50502
501112;50762
501200;50972
501202;50022
501203;50842
501204;50602
501204;50722
501206;50592
501207;51052
501209;50942
501301;50262
501304;51042
501305;50512
501305;50852
502101;50062
502103;50512
502108;50422
502109;50852
502110;50882
502112;50102
502112;50232
502112;50542
502113;50242
502114;50592
502116;51032
502117;50902
502202;50892
502203;50792
502203;51072
502207;50912
502209;50372
502209;50562
502209;50822
502211;50402
502211;50982
502214;50422
502301;50892
502303;51052
502304;50002
502304;50082
502305;50182
502305;50402
502401;50112
502401;50672
502402;50262
503100;51012
503102;50332
503102;50842
503102;51002
503108;50612
503108;50642
503110;50512
503110;50912
503114;50222
503114;50382
503115;50092
503115;50532
503200;50642
503205;50062
503206;50902
503211;50462
503213;50042
503213;50442
503213;51032
503216;50302
503216;50402
503216;50832
503300;50602
503303;50102
503303;50512
503303;50732
503305;50652
503306;50382
503307;50312
503400;50942
503400;51052
503401;50582
503402;50062
504100;50252
504101;50472
504101;51092
504102;50732
504102;50842
504103;50772
504109;50642
504111;50682
504112;51072
504113;50892
504201;50032
504201;51082
504203;50432
504204;50452
504204;50582
504206;50092
504206;50852
504206;51032
504207;50832
504209;50182
504210;50302
504301;50052
504301;50772
504302;50042
504302;50582
504302;50592
504304;50252
504402;50082
504402;50302
504403;50012
505100;50692
505104;50472
505105;50702
505106;50532
505106;50822
505108;50562
505109;50772
505109;51022
505110;50682
505111;50132
505113;50272
505115;51062
505117;50542
505117;50812
505200;50302
505202;50522
505206;51002
505208;50602
505209;50902
505210;50782
505211;50132
505213;50032
505213;50122
505213;50132
505215;50942
505302;50092
505303;50982
505304;50192
505305;50022
505305;51012
505307;50962
505308;50602
505402;50322
505402;51002
505404;50782
505404;50892
506101;50362
506105;50492
506105;50962
506108;50582
506109;50082
506111;50502
506113;50362
506113;50792
506115;50002
506115;50512
506115;50612
506116;50052
506201;50732
506204;50722
506205;51032
506206;50962
506209;50912
506210;50182
506210;50792
506213;50722
506214;50612
506216;50682
506217;50002
506302;50122
506303;50772
506304;50462
507101;50172
507102;50332
507103;50422
507103;50582
507104;50882
507108;50122
507109;50302
507109;50782
507111;50652
507115;50702
507115;51082
507117;50672
507200;50782
507201;50912
507202;50572
507202;51092
507204;51082
507205;50282
507206;50082
507209;50292
507304;50432
507304;50822
507306;50332
507306;51002
508101;50332
508101;50682
508102;50612
508105;50992
508107;50272
508108;50112
508108;50832
508108;50842
508109;50222
508110;50792
508111;50002
508113;50252
508113;50542
508113;51062
508118;50502
508200;50432
508200;51062
508201;50472
508201;50542
508201;50652
508201;50922
508202;50522
508203;50132
508204;50132
508205;50432
508206;50572
508211;50042
508211;50052
508211;50532
508211;50942
508212;50182
508213;50292
508214;50452
508216;51042
508217;50092
508217;50192
508217;50912
509101;50572
509103;50022
509104;50222
509104;50672
509106;50812
509107;51082
509109;51022
509111;50852
509113;50882
509204;50952
509205;50602
509206;50842
509209;50192
509209;50322
509211;50092
509212;50332
509212;50922
509213;50102
509214;50042
510202;50202
510207;50052
510209;50002
510209;50322
510209;50952
510209;51062
600100;60472
600101;60352
600101;61022
600102;60652
600104;60212
600104;60462
600106;60132
600107;60302
600108;60912
600108;61042
600109;60562
600110;60442
600111;60772
600114;60322
600114;60612
600114;60672
600116;60652
600117;60042
600117;60472
600118;60582
600119;60652
600119;60742
600201;60332
600205;61012
600207;60372
600209;60782
600210;60022
600210;60202
600210;60862
600211;60052
600213;60372
600213;60862
600213;60922
600300;60242
600302;60352
600302;60862
600304;60872
600305;61032
600307;60282
600307;60812
600308;60772
600309;60542
600401;60242
601101;60232
601101;60532
601102;60032
601102;61012
601104;61032
601106;60462
601107;61002
601108;60332
601108;60822
601108;60912
601109;60092
601109;60752
601109;60912
601111;61032
601112;60922
601113;60802
601114;60542
601115;60172
601115;60942
601201;60152
601201;61012
601202;60462
601204;60552
601205;60392
601205;60442
601207;60652
601208;60622
601209;60512
601211;60172
601212;60072
601212;60992
601213;60942
601215;60702
601216;60642
601300;60292
601300;60552
601307;60222
602100;60432
602102;60492
602102;60752
602103;60472
602104;60482
602105;60962
602106;60262
602107;60482
602107;60942
602109;60112
602109;60652
602111;60102
602111;60902
602117;60252
602118;60862
602201;60642
602201;60742
602201;60752
602203;60832
602203;60982
602205;60232
602207;60472
602300;60612
602301;60702
602302;60262
602304;60582
602304;61022
602305;61002
602306;60132
602309;60032
603100;60082
603100;61042
603101;60862
603101;61002
603104;60412
603104;60852
603110;60022
603110;60992
603111;60882
603114;60242
603116;60702
603116;61052
603117;60992
603119;60662
603200;60152
603200;60562
603202;60612
603203;60322
603208;60822
603211;60152
603300;60192
603301;60092
603301;60622
603305;61042
603307;60042
603307;60172
604100;60392
604100;60742
604100;60772
604100;60832
604101;60902
604102;60842
604103;60102
604103;60752
604104;60302
604105;60302
604105;60742
604106;60392
604111;60802
604111;61032
604114;60212
604200;60542
604205;60512
604207;60782
604208;60182
604208;60612
604208;60642
604209;60762
604210;60182
604210;61032
604301;60392
604302;60412
604305;60132
604305;60452
604307;60302
604401;60202
604402;60172
604402;60362
604402;60402
604403;60732
605102;60232
605104;60482
605105;60092
605106;60922
605106;60962
605107;60052
605109;60422
605114;60642
605202;60242
605202;60952
605204;60332
605206;60512
605301;60332
605301;60712
605302;60132
605302;61052
605305;60202
605307;60002
605307;60922
605307;60962
605308;60242
606101;60512
606103;60112
606105;60012
606105;60672
606106;60302
606106;60532
606111;60812
606117;60942
606201;60912
606203;60122
606204;60262
606205;60532
606205;60622
606208;60002
606209;60112
606209;60322
606209;60552
606209;60752
606300;60822
606301;60772
606303;60142
606303;60822
606303;61042
606304;60552
606306;60002
606307;60912
606308;60392
607102;60092
607105;60182
607106;60962
607108;60292
607114;60852
607200;60082
607202;60172
607203;60492
607204;60072
607204;60852
607205;60372
607206;60872
607209;60582
607211;60702
607301;60592
607303;60742
607303;60782
607304;60042
607305;60992
607308;60332
607309;60082
608100;60112
608102;60142
608102;60312
608106;60382
608108;60462
608109;60142
608111;60112
608111;60702
608201;60342
608201;60852
608202;60132
608202;60592
608203;60182
608206;60182
608207;60832
608209;60262
608212;60042
608212;60732
609105;60552
609105;60942
609106;60442
609107;60292
609108;60032
609108;60642
609109;60522
609112;60192
609112;60842
609112;61042
609114;60142
609201;60202
609203;60002
609203;60042
609203;60992
609207;60382
609207;60662
609208;60052
609210;60292
700100;70332
700100;70722
700100;71092
700102;70192
700102;70282
700103;70532
700105;70352
700109;70702
700109;70852
700112;70142
700113;70242
700114;70212
700115;70752
700116;71212
700117;70732
700118;70682
700119;70282
700200;70652
700201;70112
700205;70412
700205;70922
700206;70822
700206;70952
700206;71252
700207;70502
700207;70872
700208;70412
700212;70202
700303;70602
700303;70702
700304;71042
700305;70572
700400;70222
700401;70972
700402;70132
700403;70312
700403;70342
701100;71152
701102;70012
701102;70242
701103;70492
701105;70022
701110;70672
701111;70902
701114;70992
701115;70602
701200;71202
701202;70592
701204;70172
701204;70902
701205;70902
701206;70282
701206;70662
701207;70542
701207;71232
701209;70122
701209;71012
701210;70912
701211;70082
701212;70742
701213;70502
701213;70542
701214;70202
701214;71222
701214;71232
701300;70612
701301;71172
701305;70482
701401;70262
701401;70362
702100;71102
702102;70582
702102;70692
702103;71122
702104;70682
702104;70732
702104;71082
702105;70752
702105;71052
702105;71232
702106;70732
702107;70112
702108;70932
702109;71202
702110;71102
702111;70262
702111;70342
702112;70372
702115;70762
702119;70332
702119;70482
702119;70932
702119;71022
702202;70562
702202;70692
702205;70042
702207;71252
702209;70682
702210;70522
702211;70122
702211;70302
702214;70532
702215;71122
702300;71242
702303;70342
702303;70532
702305;70722
702306;70302
702308;70572
702309;70802
702401;70482
703100;70522
703101;70172
703101;70302
703101;70662
703102;70132
703102;71162
703104;70042
703104;70392
703106;71082
703108;70422
703111;70162
703112;70032
703114;70932
703115;71022
703116;71082
703200;70392
703202;70772
703204;71122
703209;70662
703212;70472
703212;70912
703213;70322
703213;70952
703214;70602
703214;71122
703302;71102
703306;70642
703400;70302
703402;70552
703402;71022
704102;70462
704109;70012
704109;70172
704109;70972
704110;70332
704113;70562
704114;70962
704201;70012
704201;70312
704201;70442
704201;70692
704201;70782
704201;70852
704202;71202
704204;70282
704207;70782
704208;70422
704208;71012
704303;70762
704305;70202
704305;70422
704305;70932
704308;70632
704400;70942
704401;70502
704401;71212
705101;70752
705102;70932
705103;70042
705104;70582
705106;70802
705106;70982
705107;70572
705108;71222
705109;70002
705110;70802
705112;71252
705113;70612
705113;71082
705200;71012
705201;70392
705203;70492
705203;70512
705206;71212
705207;70862
705208;70392
705209;70502
705210;70272
705210;70532
705211;70892
705300;70822
705302;70682
705304;70192
706100;70142
706100;71042
706101;70312
706101;70732
706101;70832
706102;70142
706102;71222
706103;70472
706104;71232
706110;70362
706110;70892
706110;71042
706111;70272
706111;70412
706111;71032
706112;70782
706113;70132
706115;70252
706200;70722
706202;70432
706203;70242
706203;71002
706204;70802
706210;70112
706212;70362
706214;70412
706214;70502
706215;70332
706216;70792
706300;70712
706301;70602
706302;70232
706303;70112
706303;70132
707201;70072
707203;70042
707206;70552
707209;70392
707210;71252
707300;70892
707302;70152
707302;70332
707304;70572
707305;70822
707307;70352
707307;71082
708203;70362
708205;70602
708205;70952
708207;70082
708214;70402
708214;71142
708300;70542
708304;71162
709201;70722
709202;70092
709202;70122
709202;70282
709202;70422
709204;70042
709204;70882
709205;70482
709206;70272
709207;70892
709210;70342
709211;70622
709211;70692
709211;70702
709300;71142
709301;71182
709302;71162
709303;70972
709303;70992
709303;71212
709304;70482
709305;70552
709305;70852
709305;71122
709305;71182
709307;70142
709308;70732
710201;70202
710204;70702
710206;71102
710207;70212
710207;71172
710211;70082
710212;70262
710214;70432
711201;70582
711204;71202
711205;71162
711207;70552
711208;70112
711211;70872
711212;71002
711213;70152
711213;70492
711213;71022
711214;70132
711214;71262
711216;70992
712203;70212
712203;70612
712203;70702
712203;71012
712204;70082
712205;70182
712205;70852
712206;70362
712209;70472
712209;71102
712210;70312
712210;71012
712211;70902
712212;70162
712213;70552
713203;70012
713206;70312
713207;70072
713208;71042
713209;70752
713210;70802
713211;70082
713212;70012
713214;70302
713214;70722
800106;80662
800107;80012
800110;80392
800113;80432
800113;80732
800114;81082
800115;81332
800116;80532
800116;81082
800117;80022
800118;80952
800119;80562
800119;81252
800200;80402
800200;80642
800201;80812
800201;80832
800203;80622
800207;80222
800207;80732
800208;80082
800209;80422
800209;80922
800209;81182
800209;81262
800210;80512
800211;80082
800211;80402
800213;80192
800301;80022
800301;80812
800302;80072
800302;80342
800302;80762
800305;80102
800307;80192
801100;80942
801101;80222
801101;81362
801102;80972
801103;80082
801104;81042
801104;81242
801105;80102
801106;81252
801107;80932
801109;80092
801112;80562
801112;80732
801112;81132
801113;80562
801113;81422
801114;81202
801115;80132
801115;81212
801203;81102
801203;81272
801204;80342
801205;80142
801206;80132
801207;81032
801208;80532
801209;80122
801209;80862
801212;80072
801214;80042
801214;81302
801215;80952
801216;80612
801302;81152
801302;81262
801303;80962
801305;81362
801306;80392
801307;80832
801307;81372
801309;80222
801401;81202
802105;80152
802107;80112
802107;81212
802107;81342
802108;80232
802108;80382
802109;80142
802109;80652
802111;80772
802112;80322
802114;80312
802114;80452
802116;81272
802200;80952
802202;80422
802202;81042
802202;81132
802202;81152
802203;80222
802203;80462
802205;80942
802207;80992
802210;81342
802215;81142
802216;81012
802301;80072
802302;81292
802305;80442
802305;80652
802305;81112
802305;81212
803102;81102
803103;80022
803104;81072
803104;81332
803105;80212
803106;80172
803108;80232
803108;81312
803110;81012
803110;81392
803110;81402
803111;81342
803113;80522
803113;80902
803114;81042
803114;81312
803200;81042
803201;80782
803201;81032
803204;80182
803204;80422
803204;81172
803205;80922
803205;81062
803208;80442
803209;80132
803209;80652
803211;80862
803211;81322
803212;81152
803215;80212
803300;80832
803301;80462
803302;80982
803303;80102
803305;80652
803308;80762
803308;80782
803400;80322
803400;81342
804104;80162
804105;80322
804107;80292
804110;80152
804110;81372
804113;80852
804117;81092
804118;80802
804200;80082
804200;80122
804200;80332
804200;81072
804200;81382
804201;80972
804201;81152
804203;80152
804205;81162
804207;80442
804207;81172
804208;80022
804208;81192
804208;81252
804209;80522
804211;80102
804211;81312
804213;80952
804300;80332
804305;80552
804306;80262
804306;81062
804307;80862
804308;80062
804309;80272
804400;80122
804400;80552
805100;81202
805102;80002
805103;80312
805103;81262
805105;80062
805105;80802
805110;81272
805111;80892
805111;80972
805113;81402
805114;80212
805200;80432
805201;80342
805202;80012
805202;80712
805203;80532
805203;80582
805203;80792
805206;80142
805210;81282
805211;80212
805301;80032
805301;80712
805303;81012
805400;80492
806101;81102
806102;80042
806102;80492
806102;81172
806103;80782
806104;81282
806105;80532
806106;80002
806106;81022
806107;80612
806107;81422
806108;80062
806108;80332
806108;80712
806109;80212
806109;81152
806110;80562
806110;80732
806111;80892
806112;80592
806113;80262
806114;80592
806118;80342
806118;81392
806201;80442
806204;80042
806204;80662
806205;81272
806206;80182
806206;81332
806208;80552
806209;81212
806211;81122
806212;80972
806212;81222
806212;81342
806212;81372
806213;80482
806213;81382
806214;80862
806301;80102
806302;80202
806302;80262
806306;80152
807100;81102
807102;80662
807103;80852
807105;80642
807109;80422
807109;80762
807109;81042
807111;80722
807114;80122
807114;80272
807114;80492
807114;80792
807116;80852
807200;81162
807203;81122
807204;80162
807205;81372
807206;80202
807206;81322
807207;80592
807208;81232
807209;80922
807210;80062
807210;81382
807213;81032
807302;80852
807303;80972
807306;80482
807307;80182
807309;80312
808100;80402
808101;80312
808101;80492
808102;80042
808106;81162
808109;81202
808110;80952
808111;81162
808113;80292
808114;80182
808115;80172
808116;81362
808202;80032
808202;80112
808203;80072
808203;80192
808204;80752
808204;80762
808205;80722
808206;80262
808209;80062
808209;80202
808209;80852
808209;81002
808209;81412
808211;80382
808211;81062
808300;80762
808303;81262
808304;80802
808304;81072
808304;81372
809200;80642
809202;80492
809203;80452
809203;80482
809203;80712
809204;80692
809205;80582
809209;80812
809210;81002
809210;81252
809210;81332
809211;80502
809211;80812
809300;81212
809303;80732
809304;80002
809305;80422
809305;81292
809306;80112
809306;80942
809307;80032
809308;80942
810200;80232
810200;80452
810200;80932
810203;80272
810203;81192
810204;80022
810204;80312
810204;81052
810205;80032
810206;80202
810207;80322
810207;81322
810209;80132
810209;80552
810211;80152
810211;80512
810211;80792
810212;80162
810213;80432
810213;81402
810214;81382
810215;81132
810215;81142
810300;80922
810301;81092
810301;81102
810304;80982
810304;81122
900103;90352
900104;90052
900106;90962
900107;90682
900108;90362
900109;90522
900111;90812
900112;90082
900114;90022
900114;90452
900118;90092
900118;90342
900200;90092
900201;90832
900202;90062
900204;90312
900204;90682
900207;90942
900208;90512
900209;90492
900210;90162
900211;90042
900211;90912
900300;90652
900302;90662
900303;90142
900306;90052
901100;90312
901102;90462
901102;90912
901106;90912
901107;91022
901108;90072
901108;90332
901109;90412
901110;91042
901111;91112
901112;90912
901113;90082
901113;90262
901115;90002
901115;90452
901117;91112
901201;90862
901204;90092
901204;91032
901205;90312
901300;90122
901300;91002
901300;91022
901303;90442
901305;90032
901306;90422
901400;90212
901400;91042
901403;90202
901404;91062
902102;90572
902103;90002
902104;90102
902106;90772
902109;90032
902110;90392
902111;90872
902112;90742
902112;90832
902114;90332
902200;90392
902201;90702
902203;90682
902205;90152
902205;90232
902206;90052
902207;90032
902210;90652
902300;90172
902301;90012
902301;90522
902303;90842
902305;90952
902305;91112
902306;90552
902306;90952
902401;91032
903100;90982
903101;90762
903101;90952
903102;90842
903103;90032
903103;90222
903103;90352
903103;90742
903103;90792
903106;90412
903108;91032
903111;91072
903112;90372
903113;91032
903201;90902
903205;90342
903205;90442
903206;91102
903207;90952
903209;90422
903300;90092
903301;90032
903301;90462
903304;90352
903305;90532
903305;91042
903402;90832
904100;90052
904102;90232
904103;90142
904103;90352
904106;90012
904106;90162
904200;90702
904202;90442
904205;90192
904207;90732
904207;90982
904208;90722
904209;90192
904210;90332
904212;91042
904214;90412
904301;90482
904301;90782
904302;90862
904304;90082
904306;90132
904306;90192
904307;90012
904400;90742
904400;91032
904402;90282
904402;90452
904402;90572
904403;90132
904403;90292
905104;90712
905105;90552
905106;90492
905106;90732
905108;90312
905109;90492
905109;90792
905113;90142
905113;90532
905114;90792
905115;90482
905117;90102
905200;90512
905203;90392
905204;90072
905204;90222
905205;90472
905205;91022
905206;90562
905207;90142
905210;90472
905303;90932
905305;90442
905400;90082
905403;90002
906100;90262
906102;90742
906103;90332
906106;90132
906107;90342
906109;90292
906110;90512
906111;91102
906112;90492
906114;90292
906200;90582
906201;90352
906202;90302
906203;90322
906205;91022
906205;91112
906207;90332
906208;90172
906208;90782
906209;90652
906210;90052
906210;90202
906212;90082
906300;90542
906301;90392
906302;90522
906304;90562
906308;90842
906400;90582
906400;91042
906401;90172
907200;90212
907201;90282
907201;90292
907203;90232
907204;90142
907206;90582
907206;90982
907209;90282
907210;90582
907210;90782
907211;90792
907211;90862
907211;90942
907211;91052
907212;90342
907212;90422
907300;90862
907305;90882
907306;90092
907307;90812
907308;91102
908201;90192
908203;90682
908204;90002
908205;90712
908208;90162
908210;90982
908212;90192
908300;90522
908301;90462
908302;90862
908306;90102
908306;90732
908306;90942
908308;91112
908309;90302
909200;90482
909200;90552
909202;90732
909204;90772
909207;90132
909207;90302
909208;90692
909208;91082
909304;90552
909305;91022
910300;90832
910301;90942
910302;90132
910303;90232
910304;90252
910304;90772
910304;90902
910304;91102
910305;90232
910305;90462
910306;90442
910306;90942
910307;90792
1000100;101332
1000101;100272
1000102;100672
1000102;100692
1000103;100792
1000104;100642
1000105;100392
1000106;100612
1000107;100982
1000108;100302
1000109;101102
1000110;101182
1000113;100052
1000113;101122
1000113;101282
1000114;100622
1000200;100932
1000201;100332
1000201;100752
1000204;100982
1000207;101142
1000207;101202
1000207;101232
1000208;100652
1000209;101032
1000211;100232
1000212;100022
1000212;100612
1000213;101212
1000215;100302
1000215;101142
1000300;100322
1000300;100462
1000301;100582
1000303;100572
1000303;101132
1000304;100962
1000306;100602
1000307;101252
1000308;100802
1000308;100982
1001100;101002
1001101;101012
1001103;101232
1001105;100882
1001108;101042
1001109;100622
1001110;100462
1001110;100582
1001111;100702
1001112;100272
1001113;100842
1001116;100022
1001116;100822
1001117;100792
1001117;100892
1001117;101102
1001202;100062
1001202;100992
1001205;100722
1001205;100792
1001205;101192
1001207;100562
1001207;100932
1001207;101202
1001208;100072
1001209;100552
1001210;100882
1001212;100032
1001212;100822
1001215;100022
1001215;100772
1001215;101032
1001216;100552
1001300;100022
1001300;101162
1001302;100052
1001302;100982
1001304;100162
1001304;100272
1001304;100652
1001305;101132
1001401;101362
1001404;100192
1001404;100732
1002100;100412
1002101;100282
1002101;100812
1002103;101012
1002103;101262
1002105;100602
1002106;100672
1002106;101202
1002109;100682
1002109;100732
1002109;101332
1002111;100052
1002112;101262
1002117;100672
1002118;100662
1002119;100602
1002119;100932
1002200;100362
1002200;101142
1002202;101312
1002205;100392
1002207;100132
1002208;100562
1002208;101102
1002208;101192
1002212;100392
1002212;100692
1002213;100652
1002214;100812
1002215;101332
1002300;100682
1002301;101132
1002302;101032
1002303;101042
1002304;100202
1002307;100152
1002307;100162
1002307;100562
1002309;100722
1002401;100302
1002401;100902
1002401;101192
1003101;100412
1003105;100292
1003105;101222
1003107;100352
1003107;100752
1003107;100872
1003109;100132
1003109;101032
1003109;101042
1003110;101052
1003110;101332
1003111;101332
1003112;100822
1003113;100572
1003114;100072
1003114;100192
1003114;100892
1003114;101042
1003116;100692
1003201;100322
1003201;100352
1003202;100532
1003202;101222
1003203;100232
1003204;100652
1003205;100942
1003205;101132
1003205;101202
1003205;101282
1003206;100572
1003207;100192
1003207;100542
1003208;100382
1003208;101002
1003209;100722
1003209;101302
1003212;100962
1003212;101042
1003213;100132
1003214;101162
1003300;100532
1003302;101232
1003304;101372
1003306;100192
1003400;100682
1003404;100132
1003404;100922
1004102;100302
1004102;100552
1004102;100642
1004102;100752
1004102;100802
1004102;100992
1004103;100642
1004105;100702
1004108;100562
1004109;100722
1004112;100312
1004112;100692
1004113;100772
1004116;100842
1004117;101312
1004118;100992
1004119;100352
1004119;101102
1004203;100152
1004204;100562
1004206;100992
1004209;100532
1004211;101282
1004213;101312
1004300;100032
1004301;100602
1004301;101312
1004302;100252
1004306;100362
1004400;101372
1004401;100692
1005100;100182
1005102;100392
1005102;101282
1005103;100802
1005103;100932
1005104;100902
1005105;100052
1005105;100812
1005106;101062
1005107;100432
1005109;100362
1005111;100712
1005112;100492
1005112;101362
1005116;100412
1005116;100752
1005201;101172
1005202;101182
1005203;100482
1005203;101262
1005204;100752
1005206;100412
1005209;100612
1005210;100392
1005210;100882
1005300;100842
1005303;100522
1005303;100922
1005304;100082
1005305;100032
1005305;100642
1005306;100142
1005306;101122
1005400;101032
1005401;101182
1006100;100362
1006100;100542
1006100;100942
1006103;100892
1006103;101192
1006104;100052
1006104;100452
1006104;100732
1006107;100922
1006110;100072
1006110;100522
1006111;101252
1006112;100892
1006115;100862
1006115;101162
1006200;100252
1006201;100892
1006202;100372
1006203;100872
1006205;100712
1006205;101172
1006205;101372
1006206;100842
1006207;100032
1006207;100442
1006207;100622
1006302;100042
1006302;100992
1006303;100592
1006400;100572
1006400;100962
1007200;100572
1007200;100712
1007202;100082
1007203;100622
1007203;100972
1007204;100812
1007204;101302
1007207;100972
1007207;101262
1007208;101202
1007209;100302
1007209;100332
1007213;100152
1007213;100412
1007214;100022
1007214;100482
1007214;101002
1007215;100082
1007215;100512
1007300;101262
1007302;101362
1007305;100912
1008200;100272
1008200;100882
1008200;101222
1008203;100042
1008208;100142
1008212;100722
1008213;100372
1008301;100142
1008303;100332
1008303;100462
1009200;100012
1009204;100372
1009204;100382
1009207;100042
1009207;100732
1009209;100352
1009303;101252
1009304;101362
1009306;100822
1009307;100252
1009307;100872
1009308;101312
1009309;100972
1010201;100962
1010205;100202
1010206;101102
1010206;101182
1010207;100132
1010207;101192
1010208;100312
1010208;100542
1010208;101112
1010209;100252
1010209;101142
1010212;100482
1010213;100792
1010300;101282
1010301;100232
1010304;100632
1010304;101362
1010306;100922
1010307;100232
1010307;100772
1100100;110452
1100100;111162
1100100;111252
1100101;110382
1100101;111292
1100111;110872
1100111;111072
1100112;110672
1100112;110812
1100200;110172
1100200;110222
1100201;110542
1100202;110072
1100205;110312
1100207;110002
1100210;110422
1100210;111242
1100213;110312
1100214;110172
1100215;110582
1100216;110552
1100300;110372
1100300;111402
1100301;110832
1100301;111282
1100305;110842
1100306;111102
1100308;110222
1100308;110982
1100402;110072
1100402;111072
1100404;110622
1100404;110822
1101102;110782
1101102;111162
1101103;110422
1101103;110952
1101106;110852
1101107;110682
1101107;111352
1101111;110232
1101112;110182
1101113;110622
1101201;110832
1101203;110062
1101203;111162
1101204;110452
1101204;110982
1101204;111412
1101205;110992
1101205;111142
1101206;110682
1101207;111002
1101208;110912
1101208;111242
1101210;110582
1101210;111272
1101211;110742
1101211;110972
1101211;111032
1101213;111222
1101215;110012
1101301;111152
1101301;111232
1101302;110452
1101302;110622
1101303;110142
1101304;110102
1102100;110532
1102100;110992
1102102;110232
1102103;111272
1102105;110972
1102106;110362
1102108;110332
1102108;110852
1102111;111342
1102114;110372
1102115;110482
1102116;110672
1102116;110962
1102118;110302
1102118;111222
1102200;110732
1102201;111002
1102201;111352
1102202;110022
1102203;110082
1102206;111442
1102207;111392
1102208;110222
1102208;110282
1102209;110382
1102300;110332
1102301;110912
1102305;110222
1102305;110552
1102308;110272
1102400;111442
1103103;110822
1103104;111392
1103106;110582
1103109;111202
1103110;110922
1103112;111162
1103115;111432
1103118;110162
1103119;110602
1103119;111152
1103202;110332
1103202;110572
1103202;111332
1103203;110202
1103204;110932
1103206;110132
1103207;110592
1103207;110622
1103207;111152
1103210;111112
1103211;110732
1103211;111112
1103213;110212
1103213;110892
1103215;110512
1103303;111322
1103304;110112
1103305;110012
1103305;110962
1103306;110662
1103401;110822
1103403;111102
1104104;110062
1104104;110092
1104106;110892
1104106;111332
1104107;110582
1104107;111012
1104108;110532
1104108;110832
1104109;111162
1104112;110722
1104112;110742
1104113;111232
1104115;110782
1104201;111012
1104203;111132
1104206;111322
1104207;110612
1104207;111222
1104207;111252
1104210;110982
1104301;110872
1104303;110422
1104305;110812
1104306;111022
1105101;110342
1105103;110842
1105103;110932
1105104;110492
1105105;110632
1105106;110812
1105107;111012
1105109;110092
1105109;110682
1105109;110932
1105109;111412
1105111;111132
1105113;110932
1105114;110952
1105115;111362
1105201;110552
1105202;110712
1105202;110782
1105202;111012
1105206;110932
1105207;111322
1105208;110072
1105208;110422
1105209;111382
1105211;110612
1105300;110272
1105300;111102
1105301;110762
1105301;110792
1105303;111252
1105304;110672
1105304;110742
1105305;111262
1106104;110222
1106105;111092
1106105;111292
1106108;111082
1106109;110402
1106109;110872
1106110;110762
1106110;111292
1106112;110302
1106112;111222
1106114;111382
1106115;111122
1106116;110712
1106117;111412
1106200;110332
1106203;110772
1106204;110452
1106206;110722
1106210;111222
1106211;110532
1106211;110672
1106211;110842
1106213;110852
1106214;110782
1106215;110672
1106216;110542
1106304;110582
1106305;110382
1106305;110912
1107100;110052
1107100;110252
1107101;111052
1107110;111022
1107111;110712
1107111;110912
1107112;110282
1107112;110342
1107112;110472
1107112;111072
1107114;110072
1107117;110492
1107117;110852
1107118;111272
1107201;110722
1107203;111042
1107205;110192
1107205;111332
1107207;110172
1107208;111122
1107210;110242
1107214;110012
1107216;110212
1107216;110402
1107216;110992
1107216;111012
1107216;111112
1107300;111082
1107301;110762
1107303;110202
1107303;110402
1107305;110662
1107307;110482
1107308;110962
1108200;110612
1108202;110532
1108202;111132
1108207;111322
1108208;110382
1108209;110812
1108211;110232
1108211;110532
1108211;110682
1108211;110782
1108301;110102
1108301;110872
1108302;110112
1108303;110302
1109200;110282
1109202;110052
1109202;111332
1109205;111392
1109207;111022
1109208;110052
1109209;110432
1109210;110542
1109211;110402
1109300;110372
1109302;111142
1109303;111142
1109304;111002
1109304;111462
1110200;110602
1110201;110302
1110201;110362
1110203;111182
1110204;110732
1110206;111002
1110207;110492
1110208;110592
1110208;111182
1110209;110482
1110209;111082
1110210;111022
1110213;110422
1110213;111122
1110301;110232
1110301;110332
1110302;110822
1110303;111142
1110304;110632
1111201;110102
1111201;110902
1111203;111202
1111205;110592
1111205;111442
1111210;110762
1111213;111332
1111214;110202
1111217;110382
1112203;110712
1112206;110852
1112207;111272
1112209;111382
1113200;110552
1113200;110682
1113201;111002
1113201;111342
1113203;111432
1113207;111202
1113208;110402
1113208;110722
1113210;110482
1113210;111022
1113211;110212
1113211;110842
1113213;110082
1113214;110322
1113214;111082
1113214;111202
1113215;110322
1113215;111232
1113216;110452
1200100;121132
1200101;120562
1200102;120182
1200103;120792
1200105;120042
1200105;120482
1200107;120652
1200107;120932
1200108;120022
1200110;121142
1200112;120092
1200112;120492
1200114;120442
1200115;120102
1200201;120802
1200205;120202
1200206;120232
1200209;120302
1200301;121112
1200303;120632
1200308;120152
1201101;121132
1201103;120412
1201105;120962
1201108;120472
1201110;121052
1201113;120692
1201114;120742
1201115;120792
1201204;120142
1201208;120082
1201209;120482
1201211;121082
1201301;120032
1201301;120792
1201304;120712
1201304;120952
1201304;121162
1201400;120142
1201402;120092
1201402;120312
1202102;121112
1202103;120822
1202104;120492
1202104;120782
1202104;120812
1202106;120842
1202110;120802
1202110;120832
1202111;120022
1202112;120492
1202113;120522
1202115;120372
1202118;120422
1202118;120982
1202204;120112
1202204;120682
1202206;120032
1202206;120592
1202213;120662
1202214;120272
1202216;120752
1202301;120812
1202301;121052
1202303;120452
1202304;120802
1202304;120922
1202305;121002
1202401;121022
1202402;120982
1202404;120942
1203101;120832
1203103;120042
1203103;121002
1203106;120752
1203108;120582
1203108;120902
1203108;121142
1203109;120242
1203110;120362
1203112;120112
1203201;121142
1203202;120822
1203203;120972
1203204;120082
1203204;120702
1203206;120192
1203206;121052
1203207;120412
1203211;120932
1203213;120102
1203300;120032
1203300;120042
1203300;120162
1203305;120632
1203306;120392
1203306;120652
1203307;120622
1203308;120802
1204103;120122
1204105;120802
1204106;120152
1204107;120712
1204112;120672
1204112;120992
1204115;120962
1204200;120162
1204203;120082
1204203;120292
1204204;120142
1204204;120582
1204205;120152
1204206;120442
1204208;120092
1204303;120672
1204304;121142
1204400;121092
1205103;120402
1205105;120082
1205106;120292
1205109;120222
1205109;120672
1205110;120362
1205111;120652
1205112;120472
1205113;120332
1205113;120632
1205113;121002
1205116;120812
1205201;120152
1205201;121012
1205202;121082
1205203;120982
1205204;120502
1205204;120902
1205205;120562
1205206;121092
1205207;120582
1205210;120592
1205300;120662
1205301;120372
1205301;120412
1205301;120952
1205302;120212
1205302;120452
1205303;120122
1205303;120432
1205303;120652
1205304;120422
1205304;120572
1206101;120482
1206103;120112
1206103;121022
1206104;120722
1206104;121132
1206105;120142
1206105;120202
1206107;120722
1206107;120972
1206110;120922
1206113;120662
1206113;120892
1206114;120042
1206115;121042
1206118;120222
1206202;120792
1206203;120972
1206204;120742
1206207;120242
1206207;120702
1206211;120322
1206212;120482
1206213;120362
1206215;120072
1206215;120522
1206305;120652
1206306;120302
1207100;120682
1207101;120832
1207110;120922
1207111;120222
1207111;120732
1207116;120282
1207117;120392
1207117;120442
1207203;120622
1207203;120782
1207206;120002
1207206;120972
1207207;120812
1207208;120952
1207210;120232
1207211;120002
1207212;120162
1207214;120332
1207300;120492
1207302;120552
1207302;120972
1207302;121092
1207303;120922
1207304;120822
1208100;120672
1208100;120992
1208102;120852
1208103;120302
1208105;120182
1208106;120672
1208107;121012
1208109;120352
1208109;120572
1208111;121012
1208112;120152
1208112;120232
1208112;120332
1208115;120632
1208117;120922
1208200;120112
1208200;120412
1208201;121022
1208202;120952
1208203;120342
1208203;120382
1208207;120752
1208209;120822
1208210;120372
1208211;120012
1208211;120662
1208301;120442
1208301;120482
1208302;120062
1208302;120592
1208303;120162
1208303;120352
1208303;121142
1209200;120742
1209201;120342
1209201;120452
1209201;120862
1209201;121062
1209201;121112
1209202;120232
1209204;120022
1209204;120342
1209205;120782
1209208;120362
1209209;121022
1209211;120932
1209303;120742
1209307;120392
1209307;120752
1209307;121052
1210202;120352
1210203;120292
1210207;120112
1210211;120372
1210211;121002
1210212;120362
1210212;120832
1210212;121092
1210213;120982
1210302;120222
1210302;120232
1210302;120562
1210302;120772
1210303;120082
1210307;120782
1210307;121122
1300100;130892
1300102;131132
1300103;130042
1300103;130992
1300103;131092
1300104;130322
1300104;130392
1300104;131402
1300105;130772
1300105;131102
1300106;130712
1300106;130732
1300108;130372
1300108;130402
1300109;130172
1300109;130562
1300111;131352
1300113;130962
1300114;130432
1300114;131382
1300115;130142
1300115;130542
1300115;130842
1300117;131332
1300200;130252
1300201;131092
1300202;131412
1300203;130022
1300203;130112
1300204;130762
1300205;130632
1300206;130402
1300208;131332
1300209;131162
1300213;130922
1300214;131282
1300301;130272
1300302;130822
1300303;130732
1300303;130842
1300304;130632
1300305;130312
1300305;131392
1300400;131102
1301101;130672
1301101;130712
1301101;130902
1301102;130452
1301104;130612
1301104;130892
1301106;130382
1301106;130612
1301106;131162
1301107;130342
1301107;131292
1301111;130542
1301111;131302
1301112;130832
1301201;131212
1301208;130452
1301208;131402
1301209;131232
1301210;131052
1301211;130372
1301211;130822
1301213;130282
1301213;130392
1301300;130212
1301300;130312
1301304;130872
1301305;131422
1301400;130152
1301401;130782
1302100;130072
1302100;131282
1302102;130232
1302105;130192
1302106;130222
1302107;130192
1302107;130912
1302109;130092
1302112;130472
1302112;131292
1302113;130942
1302116;130362
1302117;130092
1302200;130062
1302200;131362
1302201;130262
1302201;131032
1302202;130022
1302205;130472
1302207;130632
1302211;130822
1302211;131362
1302213;130432
1302214;130112
1302214;131072
1302215;131322
1302302;130672
1302303;130452
1302303;130632
1302304;130502
1302402;130172
1302403;130132
1302403;130322
1302404;130202
1303102;130122
1303102;130472
1303103;130532
1303106;131362
1303110;130482
1303111;130942
1303112;130152
1303112;130362
1303112;131382
1303113;131292
1303117;130352
1303119;130592
1303203;130782
1303204;130512
1303205;130332
1303205;130872
1303206;130042
1303208;130422
1303209;130212
1303209;131212
1303212;130562
1303300;130422
1303300;131292
1303301;130222
1303301;131232
1303302;130982
1303303;131342
1303304;130302
1303306;130592
1303400;130642
1303401;130372
1303401;130772
1303403;130832
1303403;131062
1304101;131352
1304102;130692
1304103;131182
1304105;131052
1304106;130672
1304108;130842
1304109;130102
1304109;130382
1304109;131292
1304109;131322
1304111;131392
1304112;131032
1304115;130172
1304201;130292
1304202;130132
1304205;130612
1304207;131422
1304209;130682
1304211;130202
1304211;130312
1304302;131102
1304303;130752
1304304;130132
1304304;130642
1304305;130102
1304305;130272
1304306;130122
1304307;131422
1304308;130022
1304308;130482
1304308;130512
1304308;131352
1305101;131272
1305101;131282
1305102;130962
1305103;130542
1305103;131322
1305104;130132
1305105;130682
1305106;130172
1305107;130642
1305107;131382
1305107;131392
1305108;130252
1305108;131092
1305110;130222
1305110;130622
1305111;131012
1305112;130542
1305112;131082
1305201;130762
1305201;131302
1305202;130742
1305202;131162
1305203;130612
1305204;131052
1305207;130002
1305207;130272
1305207;131122
1305208;131332
1305209;130002
1305209;130972
1305302;130502
1305302;131332
1305303;131402
1305304;130832
1305305;130552
1305306;130022
1305306;131122
1305307;130372
1305307;130762
1306100;130342
1306100;130532
1306100;131322
1306101;130292
1306101;130702
1306103;130062
1306107;130062
1306107;130172
1306111;130032
1306111;130292
1306111;130322
1306111;131302
1306112;130582
1306115;130382
1306117;131342
1306200;130052
1306200;131022
1306202;130262
1306202;131362
1306203;130392
1306203;130422
1306205;130132
1306205;130832
1306206;130732
1306206;130852
1306207;130412
1306208;131172
1306209;130082
1306209;131062
1306212;130222
1306213;130852
1306300;130942
1306301;130192
1306302;131272
1306304;131212
1307100;130722
1307101;130112
1307101;130212
1307102;131122
1307103;130582
1307107;130092
1307109;130312
1307109;130322
1307110;130042
1307110;130052
1307113;130402
1307113;130762
1307114;130852
1307115;130672
1307116;130892
1307117;131342
1307201;130392
1307203;130872
1307203;130902
1307203;130992
1307204;131322
1307205;131382
1307207;130532
1307207;131152
1307210;130902
1307211;130432
1307212;130292
1307301;130872
1307301;131152
1307302;131312
1307303;130112
1307304;130372
1308202;130502
1308202;130582
1308204;130222
1308208;130402
1308209;130192
1308212;130912
1308212;131002
1308213;130202
1308213;130332
1308213;130412
1308213;130482
1308215;130502
1308216;131182
1308300;131122
1308301;130742
1308302;131062
1308304;130562
1309202;130832
1309202;131412
1309204;131062
1309205;131012
1309206;130412
1309206;130902
1309209;131412
1309210;130262
1309211;130782
1309211;131092
1309300;131092
1309301;130482
1309302;131272
1309304;130722
1309305;130152
1309305;131072
1309305;131302
1310200;130922
1310201;130772
1310201;130992
1310203;130402
1310205;130642
1310205;130762
1310206;130462
1310207;130412
1310207;130922
1310208;130282
1310209;130302
1310301;131372
1310302;130652
1310303;130392
1310304;130922
1310305;131212
1310306;130352
1311200;130512
1311200;130902
1311200;131152
1311201;130052
1311202;131332
1311203;130992
1311204;130982
1311204;131182
1311207;130022
1311208;130472
1311209;131272
1311210;130202
1311210;131412
1311211;130362
1311211;130742
1311212;130502
1311213;130232
1311214;130152
1312201;130362
1312202;130232
1312202;130582
1312204;130042
1312205;130822
1312206;130912
1312208;130332
1312208;130772
1312208;131102
1312209;131362
1313200;130872
1313200;130992
1313201;131212
1313202;130982
1313203;131352
1313206;130562
1313206;130772
1313207;130042
1313208;131062
1313208;131282
1400103;140022
1400103;141072
1400106;140582
1400107;140072
1400107;140612
1400108;140242
1400108;140422
1400113;140452
1400113;140812
1400114;140192
1400114;140402
1400114;140592
1400114;140802
1400115;140112
1400116;140062
1400117;140862
1400200;140682
1400201;140182
1400201;140862
1400202;140132
1400202;140832
1400203;140642
1400206;140342
1400206;140492
1400206;140882
1400207;140492
1400300;140942
1400302;140412
1400302;140622
1400302;140652
1400303;141012
1401102;140442
1401103;140932
1401104;140332
1401106;140592
1401107;140682
1401109;140312
1401112;140272
1401113;140312
1401200;140422
1401202;140212
1401204;140132
1401207;141052
1401208;140402
1401208;140722
1401210;140022
1401211;140412
1401302;140842
1401303;140622
1401304;140732
1401306;140522
1401306;140592
1401307;140002
1401400;140232
1401401;140872
1401403;140722
1402100;141052
1402102;140392
1402103;140752
1402105;140922
1402107;140372
1402107;140582
1402109;140802
1402111;140742
1402112;141062
1402113;140342
1402114;140822
1402115;140022
1402115;140482
1402115;140642
1402117;140482
1402201;140292
1402203;140472
1402204;140622
1402206;140112
1402207;141102
1402211;140502
1402211;140952
1402301;141052
1402302;140922
1402302;141062
1402303;141062
1402304;140412
1403101;140162
1403101;140562
1403102;140062
1403104;140402
1403106;140062
1403106;140692
1403107;140282
1403109;140852
1403111;140462
1403112;140492
1403113;140402
1403113;140812
1403200;140582
1403202;140072
1403204;140372
1403205;140242
1403205;140662
1403206;140772
1403207;140332
1403207;140642
1403208;140992
1403209;140272
1403209;140512
1403209;140522
1403210;140272
1403214;141072
1403300;140462
1403301;141102
1403302;140052
1403304;140482
1403305;140602
1403305;140692
1403306;140222
1403306;140352
1403306;141022
1403307;140002
1404100;140222
1404100;140312
1404101;140182
1404101;140282
1404102;140912
1404105;140602
1404107;140432
1404107;140462
1404107;140832
1404108;140072
1404109;140522
1404112;140192
1404112;140282
1404112;140582
1404113;140052
1404114;140242
1404114;140742
1404117;140332
1404117;140492
1404117;141002
1404119;140122
1404205;140022
1404206;140842
1404208;140222
1404215;140692
1404301;140912
1404302;140222
1404302;140932
1404304;140442
1404306;140192
1404306;140952
1405102;140872
1405105;140732
1405105;141032
1405106;140162
1405107;140922
1405108;140692
1405109;140152
1405109;140212
1405110;140612
1405112;140002
1405112;140292
1405112;140442
1405112;140832
1405112;140922
1405113;140742
1405113;141052
1405114;140032
1405114;140212
1405200;140932
1405207;140592
1405209;140182
1405209;141032
1405211;140072
1405302;140682
1405304;140622
1405305;140242
1405305;140642
1405306;140102
1405306;140502
1405307;140462
1405308;140752
1405308;140862
1405309;140662
1406100;140402
1406100;140612
1406105;140922
1406106;140362
1406107;140192
1406107;140912
1406108;140322
1406108;140442
1406110;140882
1406111;140172
1406111;140372
1406112;140742
1406113;140422
1406114;140172
1406200;140062
1406201;141062
1406204;140292
1406204;140722
1406205;140642
1406206;140362
1406209;140802
1406210;140882
1406211;140502
1406212;140272
1406212;140952
1406213;140372
1406214;140442
1406216;140212
1406216;140342
1406216;140942
1406217;140052
1406300;140262
1406300;141102
1406301;140822
1406302;141042
1407201;140222
1407201;140892
1407202;140012
1407203;140002
1407205;140292
1407205;140372
1407207;140052
1407208;140072
1407208;140992
1407209;140732
1407209;140872
1407209;140942
1407210;140742
1407213;140722
1407300;140732
1407300;140832
1407301;140512
1407304;140842
1407306;140822
1407307;140772
1408200;140612
1408200;140752
1408201;141012
1408202;140412
1408202;140972
1408203;140872
1408205;141042
1408206;140712
1408208;140872
1408209;140592
1408211;140272
1408212;140992
1408212;141012
1408213;140972
1408216;140042
1409202;141012
1409203;140252
1409204;140952
1409205;140302
1409205;140492
1409207;140062
1409207;140522
1409207;140972
1409210;140502
1409210;140552
1409210;140602
1409211;140282
1409213;140802
1409214;140352
1409215;140122
1409216;140582
1409216;140782
1410201;140242
1410202;140672
1410203;140112
1410203;140852
1410204;140862
1410207;140972
1410208;140932
1410209;140292
1410211;140022
1410211;140512
1410211;141042
1410212;140622
1411201;141072
1411203;140992
1411204;140512
1411204;140942
1411205;140282
1411206;140502
1411208;140342
1411210;140692
1411210;141002
1411211;140712
1411211;140772
1411212;140102
1411213;140472
1411214;140512
1411214;140972
1411215;140832
1411216;140712
1411216;140952
1411216;141032