entry_id;calculation_id;name
17930;10027;UPb
21535;10029;NiS2
22340;10031;IrC2
31236;10032;ZrTe2
10428;10033;AlCrFe2
2487;10034;NaNO2
5308;10035;RbEuO2
5057;10036;PtO
30780;10037;NaVS2
12908;10039;LaI2
6868;10041;AgTe3
22256;10043;OsC
22259;10045;CrGaP2
3801;10047;AgAsSe2
18162;10048;ThTl3
17908;10051;PaRh3
5086;10052;UO3
19192;10053;HoGa3
17913;10054;PrPb3
19193;10055;TmGa3
18170;10057;TmTl3
22013;10058;CaGaSiH
4580;10059;SiC
17915;10060;Pt3Pb
18171;10061;UTl3
21502;10062;VRh
8426;10064;SbIr
18173;10066;YTl3
22016;10067;SrGaSiH
31333;10068;MgSe
25958;10069;LiAlAg2
17157;10070;ZnCu2Ni
10747;10071;Li2InAu
13826;10072;CrH
11006;10074;CaTl3
18703;10075;AlCuPt2
8116;10076;MnTe
29555;10077;CrIr3
7687;10078;LiGePd2
17437;10079;Ti3Hg
17954;10080;SnPd3
18722;10081;TiAl3
20917;10178;UBi
4155;10179;Y2C
5305;10180;RbLaO2
10185;10182;AgBr
10446;10183;DyAl3
30796;10185;NdNi
8152;10186;ZnSe
29006;10187;LiCd
17644;10188;MgPt3
17652;10189;SmMg3
5088;10190;CrCuO2
10471;10191;HfAl3
10728;10192;Li2GaAu
10461;10197;AlFe3
10462;10198;MnAlFe2
22266;10200;CrCdTe2
17912;10201;Pr3Pb
22014;10204;CaGaGeH
4837;10205;LiC
22015;10206;CaGaSnH
17917;10208;Pu3Pb
5608;10209;TiF3
22017;10210;SrGaSnH
20481;10212;CaO
20482;10213;CdO
17154;10215;Li2CuSn
17924;10217;SrPb3
31336;10218;LiGa
18693;10219;GdPd3
17158;10220;Cu3Pd
17926;10221;TbPb3
29803;10223;Cu3Sn
17672;10224;MnNi3
17928;10225;ThPb3
29804;10226;CuSn
17929;10228;TmPb3
24941;10229;Na3Hg
17931;10230;UPb3
5878;10231;CrB
14613;10232;Sr
10466;10234;TiAlFe2
21493;10235;ZnCdS2
12278;10236;NaTaN2
6134;10237;FeAgO2
18189;10240;VZn3
30065;10241;ErTl3
10494;10242;LuAl3
17934;10243;YPb3
11008;10246;CaZn
17681;10248;MnPt3
17937;10249;YbPb3
30581;10250;NaInS2
17682;10251;Mn3Pt
7936;10252;ScSi
17171;10253;Ti3Cu
17190;10254;ErPb3
30346;10255;ScGa3
17704;10256;MnZn3
17450;10257;ZrHg3
16167;10258;BC2N
17452;10259;MgCdAg2
17965;10260;TbPd3
6431;10261;Li3N
13892;10269;ZnI2
3294;10270;CuO
30573;10271;LiIn2Ru
18714;10274;AlPt3
18716;10275;ScAl3
10463;10312;AlFe2Mo
31062;10313;TiSe
17151;10315;MnInCu2
31335;10316;MnFe2Si
22302;10317;B2AsP
17455;10320;HoIn3
22327;10321;MgO
17749;10354;NbSnRh
10474;10355;HfAlPd2
10989;10356;Ca3Hg
18175;10357;YbTl3
13815;10358;Ni3Sb
29575;10360;CrPt3
17206;10361;DySn3
17988;10362;YbPd3
5370;10401;FeCuS2
5403;10406;AgI
17981;10408;TmPd3
21315;10409;Al3V
22270;10412;SrCdO2
21511;10415;PdN
17945;10416;ScPd3
17179;10417;DyGa3
21813;10420;Li2ZnGe
10537;10421;NpAl3
10473;10447;HfAlNi2
17405;10449;Li3Hg
13818;10451;TiNi2Sb
17947;10452;SmPd3
17972;10453;TiPd3
9510;10454;CrSe
18181;10470;YZn
16382;10484;CuAgO2
6901;10486;NaGdS2
10816;10493;TiAu2
28203;10497;PrAu
17150;10499;LuInCu2
18705;10500;AlVFe2
17468;10506;HoPd3
30363;10508;UGa3
17918;10516;PuPb3
10768;10519;Li3Au
17196;10521;ErSn3
18732;10522;MnAsPd2
16688;10524;LiCrO2
30123;10525;EuPb3
5429;10527;BN
10999;10538;Ca3Pb
4130;10539;NaAlO2
17472;10542;HoPt3
17728;10543;NaPb3
29096;10545;CeH3
17477;10546;HoSn3
17675;10549;MnRh2Pb
29821;10550;TiCu
17953;10552;SnPd3
21804;10553;LiInAg2
17465;10557;HoPb3
28988;10600;ErCd2
29033;10602;SmCd2
29037;10603;TbCd2
3853;10607;CaO2
24225;10609;Sc2C
20117;10615;Hg
17815;10616;TiNiSn
18842;10617;MnGaPt
18845;10618;TiGaRh
27651;10619;ZrAg2
28957;10623;CaHg2
18368;10624;NpGa2
15560;10630;KMnTe2
15561;10633;RbMnTe2
8382;10636;Np
21459;10638;TiMo
10946;10639;NiBi
27958;10640;ScAl
4286;10642;LaBr
10183;10643;AgCl
10184;10644;AgCl
19933;10647;GeS
10958;10648;BiPt
5833;10650;MnCuO2
28742;10652;MnBi
21996;10656;CaFeO2
3025;10658;RbErO2
27214;10659;DyInCu2
3026;10661;RbTmO2
3027;10662;RbYbO2
3028;10664;RbLuO2
18925;10666;NaCrO2
4310;10667;KSnS2
12767;10669;SnSe
15080;10670;CuI
4825;10676;InN
10464;10677;AlFe2Ni
30292;10679;LaGa
30805;10683;NdPd
10722;10685;ErInAu2
30295;10687;LuGa
17140;10688;ErInCu2
17142;10689;ScGaCu2
30810;10690;NdRh
14572;10691;CaHgO2
5089;10693;CaCN2
31068;10695;TmSi
13293;10696;NiAgO2
2015;10698;HF
30302;10701;NbGa3
10731;10703;GdInAu2
30304;10705;NbGaNi2
17149;10707;HoInCu2
20992;10708;LiMoO2
30305;10710;NdGa
12527;10712;PbS
19710;10713;MnGaNi2
31074;10714;ZrSi
10992;10717;Ca3In
17152;10718;TmInCu2
4843;10720;KCrS2
17922;10725;SrPb
18690;10726;SmPd
9971;10728;ZrPd
11764;10729;NdRhC2
12276;10730;SmRhC2
10741;10735;HoInAu2
13306;10738;BaHgO2
13820;10742;ZrNi2Sb
14849;10743;SrHfN2
1775;10745;ZrCl
13823;10747;NiTe
17162;10748;CuSnRh2
1776;10749;ZrCl
12540;10751;Gd2CCl
3059;10754;ScCuS2
10748;10762;LuInAu2
19212;10763;NaMnTe2
28016;10765;CuAs
28528;10767;BMo
5879;10770;MoF3
18701;10774;GdMg2Ag
21264;10775;OsN
5880;10779;TaF3
6137;10783;NaInO2
11007;10785;Ca3Tl
17679;10787;MnSnPd2
19215;10788;NdMg2Ag
10752;10790;PrInAu2
23317;10791;CdTe
10753;10792;ScInAu2
22805;10794;LiVO2
29045;10795;ZrCd
30325;10796;PrGa
12803;10797;KErTe2
18706;10798;HfAl
21269;10799;MnGaNi2
6141;10802;RbScO2
3067;10804;I
7937;10805;ScGe
10500;10806;MnAlNi2
10756;10807;TbInAu2
30286;10819;HoGa
10717;10821;DyInAu2
10503;10827;MnAlPt2
10759;10828;TmInAu2
11015;10829;CeCd3
18711;10831;AlNi3
7941;10832;VB
10504;10833;MnAlRh2
16663;10834;NaErO2
17176;10835;ZrZnCu2
17688;10836;MnSnRh2
30332;10837;Pu3Ga
7942;10838;NbB
25672;1352933;CsHoSiS4
1216058;2454;Lu
1216098;2689;Tm
4698;3346;Ne
8130;3588;La
8132;3592;Pr
8203;3612;Kr
7503;3619;V
8533;3620;Rb
7517;3624;Ta
8082;3629;V
8086;3637;Ne
8100;3638;Al
12054;3681;Ne
8500;3697;K
7514;3721;Rh
9566;3723;Er
9320;3726;Zr
10106;3729;Ho
8586;3732;Lu
17350;3749;Tb
12055;3763;Ne
16720;3788;P
7513;3794;Ru
7521;3798;Ir
17319;3804;Gd
22514;3829;Fe
22516;3833;Ni
7505;3845;Fe
7512;3847;Tc
7519;3849;Re
7522;3853;Pt
6321;3859;YbSe
5810;3861;SiP
18114;3908;SmZn
22472;3911;SiC
8391;3976;U
7509;3977;Zr
7520;3980;Os
17859;3981;ZnNi
10676;3983;TiAg
17860;3984;ZnNi
6320;3986;YbTe
10678;3987;TmAg
17352;3991;UTe
10681;3992;YAg
10937;3994;LiBi
21452;3995;TcB
17610;3997;LiTl
10683;3998;YbAg
18891;3999;PrTl
17612;4001;LuMg
19149;4003;MnAu
17360;4004;YbZn
4566;4007;SiC
8134;4044;Yb
8138;4047;Eu
31044;4049;Sb
8144;4050;Yb
8520;4060;Sr
3925;4064;Gd
13761;4069;TaN
30000;4071;ErIr
18895;4073;PrZn
8143;4075;Tm
7648;4076;CaSe
7649;4086;CaTe
8390;4108;Ti
9214;4113;Sb
12056;4117;Ne
9277;4136;Se
9287;4137;Si
28966;4153;CaPb
30508;4154;HPd
31023;4158;TiRh
31025;4160;VRh
31283;4161;CuAu
10944;4162;NaBi
30004;4164;ErMg
8386;4165;SiRh
18984;4183;Si
13862;4191;Li
20540;4200;P
20541;4201;P
8534;4208;Na
8568;4213;Fe
13705;4220;Np
8597;4222;Mg
17585;4224;Li
19150;4236;MnAu
30264;4237;VFe
31032;4239;TaRu
22272;4247;Ge
18780;4258;Sb
13650;4260;Th
9316;4265;Tm
5499;4267;H
5517;4268;H
21449;4274;TcB
8118;4276;HoAs
21453;4278;TcB
8122;4280;HoSe
18131;4281;TlSn
17621;4283;LuPd
18903;4284;YbRh
18904;4286;YbRu
17625;4289;LuRh
20443;4291;AgI
17627;4295;LuRu
18140;4297;SrTl
8139;4299;Gd
17629;4306;LuZn
17630;4308;NdMg
8141;4310;Ho
19423;4314;TiFe
22242;4316;ScN
6318;4333;NaH
17349;4337;Tb
18896;4340;PrZn
18136;4342;YbSn
30785;4346;NbRh
19422;4352;VOs
8142;4353;Er
22243;4357;ScP
28740;4358;LiBi
10705;4359;CdAu
18145;4361;TaTc
27974;4363;TiAl
8145;4366;Lu
17380;4368;HfOs
18148;4370;TbTl
28744;4372;NaBi
30536;4374;TiHg
30025;4376;ErPd
17638;4378;MgPd
10711;4382;CsAu
10712;4388;RbAu
17640;4390;PrMg
18152;4392;TbZn
18153;4394;TbZn
17386;4395;HfRh
10715;4398;DyAu
29007;4399;LuCd
10972;4401;CaCd
9301;4419;Tb
22248;4439;FePd
18156;4441;TiTc
17389;4442;HfRu
18157;4443;VTc
8156;4445;TbSb
17646;4446;MgRh
20463;4448;CeMg
20464;4452;PmMg
20721;4453;YCu
10720;4456;ErAu
17392;4458;HfTc
17904;4460;TiOs
20465;4461;EuMg
20466;4463;GdMg
17650;4464;SmMg
17906;4466;ZrOs
18674;4468;ZnRh
20467;4469;ErMg
22309;4478;U
12059;4483;Ne
9297;4491;Sn
22473;4495;GeC
8119;4498;HoSb
20684;4500;ZnO
22262;4505;ScC
29784;4509;ScCu
30040;4511;ErRh
17397;4512;HoHg
22264;4514;YC
12057;4536;Ne
12058;4537;Ne
10325;4546;Se
10105;4549;Ho
14014;4554;SnP
8123;4556;HoTe
4543;4559;HgSe
11469;4561;CuO
29003;4563;LaCd
20469;4566;CuN
5497;4601;H
4523;4610;HgS
22475;4611;SnC
17907;4625;ScP
29018;4627;CdPd
10182;4659;AgCl
9672;4660;Sb
10445;4664;DyAl
14034;4665;PbS
30534;4668;HgPd
29013;4672;NdCd
8162;4674;GdAs
22476;4692;SnC
17353;4694;ZnTe
22221;4696;NiC
17383;4710;HfPt
8155;4714;TbAs
8115;4734;Ga
18147;4742;TbTe
30535;4744;HgPt
30537;4749;ZrHg
17898;4752;TiO
14052;4755;PrTe
8163;4761;GdSb
21451;4787;TcB
30533;4788;NiHg
13784;4789;NbS
14051;4792;PrSb
20468;4794;NiN
4578;4802;MnSe
10729;4804;GdAu
17657;4805;TbMg
18169;4806;TmTl
10986;4807;CaHg
17402;4808;LaHg
12061;4844;Ne
12062;4845;Ne
12064;4847;Ne
8165;4866;DySb
4579;4870;MnSe
17404;4871;LiHg
17660;4873;MgTl
18172;4874;YTl
3311;4880;SnP
18967;4904;Li
19480;4905;I
12060;4907;Ne
12063;4908;Ne
8164;4918;DyAs
17661;4919;TmMg
5624;4944;SrS
5625;4948;SrSe
5626;4955;CaS
4177;4961;He
14036;4964;TePb
29020;4966;PrCd
29022;4967;CdPt
5627;4976;MgS
6912;5002;CrN
14035;5021;PbSe
5578;5023;VO
22263;5029;YC
29023;5031;CdPt
17406;5033;LuHg
18174;5034;YbTl
10991;5035;CaIn
17407;5036;MgHg
17663;5037;YMg
20737;5038;BeO
10480;5039;AlIr
10736;5040;HoAu
18176;5041;TmZn
2562;5057;Kr
12065;5073;Ne
12074;5080;Ne
4672;5084;Pa
8159;5092;TbSe
17655;5093;SrMg
8166;5095;DyTe
8167;5096;ErAs
29029;5099;ScCd
30309;5100;GaNi
5613;5101;HBr
9972;5103;ZrPd
10997;5105;CaPb
17413;5108;MnHg
1797;5115;NbN
12067;5129;Ne
12069;5130;Ne
12070;5131;Ne
12073;5133;Ne
17557;5139;La
22474;5140;GeC
13762;5144;TaN
14025;5145;TmP
8154;5146;TbP
17399;5147;InHg
6117;5149;HgTe
31334;5151;FePt
17414;5153;MnHg
29034;5155;SmCd
3084;5174;WC
4110;5176;CsCl
18981;5184;Sr
18988;5187;I
8147;5192;Y
8158;5194;TbS
7652;5196;ZnS
8168;5198;ErSb
8170;5199;TmAs
22530;5200;MgAg
22284;5209;ZrC
30061;5210;ErTl
22285;5213;ZrN
21518;5214;AuC
29039;5215;TmCd
22287;5216;TbAl
11005;5218;CaTl
4111;5224;CsBr
14032;5239;ZrP
8146;5242;Sc
8173;5248;BaSe
5615;5249;HCl
20234;5250;MgS
17419;5251;NdHg
31087;5254;TlSn
17935;5259;YbPb
29043;5261;YCd
30067;5262;ErZn
29044;5264;YbCd
10497;5267;MnAl
20242;5271;MoN
2577;5281;MgO
2578;5284;MnO
2580;5289;NiO
8117;5295;HoP
20685;5297;ZnO
6116;5304;ZnTe
6628;5305;AgO
13807;5308;NiO
17670;5310;MnNi
21515;5311;ReC
20235;5312;MgTe
17676;5313;MnPd
31091;5315;YbSn
17424;5316;PrHg
19476;5317;NdAl
17429;5318;SrHg
17686;5320;MnRh
9226;5322;Mg
5404;5336;FeO
10930;5349;GdBi
8121;5351;HoS
18905;5352;ZrS
6119;5355;HgTe
21508;5362;PdN
31079;5364;SmTl
11508;5366;TlBr
22537;5368;AlBi
21516;5370;IrC
29816;5371;TbCu
17432;5372;TbHg
17944;5374;ScPd
11019;5375;DyCd
5664;5381;BP
4641;5390;AlP
12068;5399;Ne
8171;5405;TmSb
21510;5411;PdN
21517;5414;PtC
30063;5415;ErTl
18193;5418;AlRu
30843;5419;NiPt
9225;5420;Zn
17436;5422;TiHg
11022;5424;ErCd
8169;5446;ErTe
11510;5447;RbI
18721;5449;TiAl
4138;5459;ScS
5677;5461;TlCl
6958;5469;ZnO
5166;5473;LiCl
4656;5477;InAs
5426;5483;LiBr
5427;5488;LiI
8157;5497;TbBi
17671;5498;MnNi
11000;5499;CaPd
30060;5501;ErTe
17168;5503;TbCu
17680;5504;MnPt
11012;5505;CeCd
6913;5506;YN
29826;5507;TmCu
17441;5508;TmHg
10516;5509;AlNi
17700;5510;MnV
17446;5511;YbHg
4149;5523;HfC
4150;5529;VC
5176;5535;ScN
22268;5539;CrTe
11511;5541;KI
11512;5543;KBr
17685;5550;MnRh
5632;5551;AlO
8206;5557;NiO
10777;5558;MgAu
5177;5560;ZrN
7484;5566;LiF
5179;5572;TaC
5181;5581;CaO
6974;5582;PbSe
8001;5584;GeTe
12071;5587;Ne
12072;5588;Ne
14029;5590;YP
5611;5593;PdO
21513;5594;HfC
8182;5595;RuC
11514;5596;CsF
29551;5597;CrH
21520;5598;ScSi
17427;5600;ScHg
22298;5602;SrO
17187;5605;ErIn
21289;5606;TiPd
29834;5607;ZrCu
20780;5609;SrS
8480;5611;SiRu
5182;5615;SrO
6975;5617;TePb
4671;5626;PaO
5183;5628;BaO
18160;5630;Th
10940;5636;LuBi
8383;5637;NpP
8389;5638;ThN
6095;5639;ThS
10965;5640;ThBi
30819;5641;NdTe
11505;5642;CsBr
21509;5643;PdN
5616;5645;HCl
22308;5652;BOs
17457;5654;HoIr
17970;5655;TiPd
8112;5690;MoC
5834;5693;WN
6118;5695;CdTe
11509;5697;RbBr
30058;5698;ErTe
21514;5699;TaC
11517;5703;TaO
17425;5704;HgPt
7682;5705;Te
8196;5706;Zr
9221;5707;Sb
22306;5710;ReN
31121;5712;YZn
31126;5714;ZrZn
17460;5715;HoMg
4163;5722;VN
12066;5727;Ne
17861;5729;ZnNi
13795;5731;NdP
4568;5732;UN
7651;5734;Ge
8172;5735;YbAs
22305;5737;ReN
17454;5740;HoIn
30357;5744;TiGa
10789;5745;NdAu
5151;5746;RbCl
10793;5748;PrAu
20282;5749;YAs
20241;5767;MoN
17439;5773;TlHg
30618;5779;NbIr
17207;5780;DyTl
20281;5781;YP
17467;5784;HoPd
17980;5785;TmPd
30370;5787;YbGa
10544;5789;AlOs
11312;5790;TlSb
17987;5791;YbPd
10550;5792;AlPd
10817;5793;TmAu
31106;5810;Th
10963;5811;ScBi
6096;5812;US
14050;5813;PrS
18158;5814;TmTe
5081;5815;ThSe
20743;5820;PtN
20744;5821;PtN
28037;5826;GdAs
17443;5827;YHg
4108;5828;KI
17448;5830;ZrHg
17197;5831;ErTl
17459;5832;HoMg
17492;5833;LuIr
5709;5836;CdS
7247;5847;Ru
7248;5852;Re
5714;5858;Si
18159;5860;YTe
22281;5862;PtC
20243;5863;MoN
22304;5864;ReN
17212;5867;EuHg
8235;5869;BAs
10797;5870;ScAu
30881;5872;ZnNi
10542;5873;SmAl
10799;5875;SmAu
17474;5876;HoRh
29867;5878;DyHg
17746;5880;NbRh
6836;5914;O
6100;5916;PuN
11507;5918;TlCl
17170;5919;TiCu
10775;5920;LuAu
11031;5921;HoCd
18741;5923;ZnAu
21569;5925;VN
30632;5926;VIr
17989;5927;ZnPd
17479;5928;HoTl
29100;5929;CeHg
29868;5930;DyIn
17481;5931;HoZn
10810;5932;TbAu
17995;5933;ScPt
10813;5937;TiAu
4949;5943;NdAs
3670;5955;GeP
3671;5958;GeAs
17750;5970;NbRu
18015;5972;TiPt
30774;5978;N
8161;5980;YSb
11516;5984;ScO
13825;5985;NdSb
21519;5986;ScC
17422;5987;HgPd
19509;5993;YbO
31332;6004;CdTe
17677;6006;MnPd
11013;6008;CeCd
3679;6014;AgF
30376;6023;GdIn
21321;6024;CaSe
17225;6025;FeNi
7479;6027;Si
10558;6030;PrAl
17486;6031;HoAg
10561;6032;AlPt
5180;6033;BeO
4707;6039;CdO
21307;6043;ErP
21563;6044;CrTe
3685;6049;RbCl
17703;6050;MnZn
7452;6051;FeN
30616;6054;MnIr
30631;6057;TiIr
7523;6062;ZnSe
3682;6068;NaBr
3683;6069;KCl
5736;6073;CeS
21324;6076;AgN
6924;6084;NbO
4109;6085;RbI
17490;6087;LiIr
10823;6088;YbAu
5734;6091;LaS
3684;6094;KBr
5735;6095;LaTe
3686;6097;RbBr
8120;6100;HoBi
4567;6105;UC
17421;6113;NiHg
20240;6114;MoN
1897;6116;ScAs
1898;6119;ScSb
17215;6121;EuPb
4151;6122;ZrC
17751;6123;NbRu
12625;6124;CsH
18797;6126;CeZn
5737;6127;PrTe
5738;6128;NdS
30095;6145;EuIn
21322;6147;RuN
4657;6148;InSb
10822;6150;YAu
5236;6154;LaSe
6097;6158;NpO
18979;6159;Si
22310;6160;MnTe
22313;6161;PtC
5686;6162;NaF
8487;6165;InTe
21323;6166;RhN
30124;6167;EuPb
21326;6168;IrN
22360;6169;CrC
7540;6176;PdO
29026;6190;CdS
18199;6194;LaAs
14102;6198;CuCl
21332;6200;AgN
17780;6203;NdZn
8051;6210;ZrH
18488;6222;TmTe
21327;6223;AuN
13637;6224;WN
17496;6226;MnIr
5242;6231;GdSe
8472;6235;TiB
28054;6236;InAs
10539;6239;ScAl
11589;6241;PbS
10576;6242;AlRh
10087;6245;HRh
29922;6246;DyRh
21308;6249;ErAs
8239;6251;CeAs
5695;6253;BaTe
17500;6254;NbIr
5238;6256;PrSe
14105;6258;CuBr
20836;6261;ScAs
4708;6262;AlSb
5239;6288;NdSe
20089;6291;K
6099;6292;NpN
10969;6293;TmBi
6101;6294;PuC
10971;6296;YBi
21522;6298;ScSn
21330;6300;RuN
21338;6301;AuN
8519;6302;Sr
17248;6303;GaIr
18785;6305;GdCd
30405;6306;GdRh
18050;6310;TiRe
17795;6311;ScNi
22410;6312;CuPd
30778;6320;WN
8394;6321;He
10957;6322;PrBi
20522;6327;LaN
27280;6328;GeTe
21325;6329;OsN
20565;6330;WC
10573;6332;AlRe
13907;6333;MoC
22370;6334;PdC
20837;6335;ScSb
18788;6337;TbCd
5241;6343;EuSe
4731;6349;GdO
8113;6351;ScC
8384;6352;NpS
22368;6356;AgC
10323;6358;USb
30152;6359;EuTl
17512;6360;ScIr
8063;6365;ThC
18987;6374;I
8273;6377;SnAs
29642;6378;GdCu
8506;6384;LaN
6098;6415;PuO
5614;6416;HBr
10840;6419;BaCd
18025;6422;VPt
17522;6427;TiIr
20622;6429;BN
10365;6430;DyAg
5771;6433;EuS
7823;6445;CuAu
8079;6446;Ti
8080;6450;SiOs
11321;6458;TlI
17484;6459;GaAg
21331;6460;RhN
12378;6463;Si
10846;6465;BaHg
30932;6466;YbPb
17525;6467;TmIr
18038;6469;ZrPt
30426;6470;GdTl
4497;6472;CuCl
4498;6484;CuBr
6293;6489;ThTe
9295;6492;Sm
21337;6494;IrN
14013;6501;PuP
11506;6502;CsI
6296;6504;EuTe
8091;6505;RbF
22276;6506;CrN
21521;6508;ScGe
22303;6510;ReN
10077;6515;NiH
17776;6516;NdTl
18036;6517;ZnPt
17530;6519;VIr
10623;6522;ErAg
8254;6528;LuAs
17297;6529;GaRu
10375;6531;NpTe
18839;6532;FeRh
18073;6533;TiRh
17306;6534;TiGa
27646;6535;TiAg
29950;6536;DyZn
31231;6537;GaRh
10894;6538;BeNi
7826;6540;FePt
8507;6543;LaP
17538;6544;YbIr
4248;6546;Ga
22314;6551;PtC
10632;6553;GdAg
29957;6554;DyZn
3735;6559;NaCl
21309;6563;GaBi
8252;6564;GaAs
5178;6565;NbC
21334;6566;TaN
10066;6567;GeTe
8281;6570;UAs
30434;6573;GdZn
17536;6574;YIr
5995;6575;KCl
13691;6576;MnS
9288;6579;Si
18044;6581;PuRu
27877;6582;MnAl
10867;6583;BaZn
17541;6584;ZrIr
21113;6587;NiO
17788;6588;NiPt
18067;6589;TbRh
10125;6591;Ag
10639;6592;LaAg
30950;6597;ZnPd
10359;6598;CdAg
10936;6600;LaBi
5822;6601;BiO
18457;6604;NpSe
18458;6605;NpTe
23862;6606;NaH
11024;6607;EuCd
11301;6608;UP
8484;6609;InSb
21329;6625;NbN
30413;6628;GdSb
30414;6629;GdSb
9319;6633;Yb
1949;6640;TiC
10280;6643;CrC
21336;6644;OsN
8272;6645;SmAs
30156;6646;EuZn
7771;6647;GeSb
18818;6648;ErCu
19332;6649;GdAl
19333;6650;DyCu
18054;6651;ScRh
21386;6652;MgTe
11128;6653;InPd
5783;6654;BaS
22367;6659;RuC
12376;6660;AlAs
10361;6661;CeAg
18313;6662;DyPd
18829;6663;DyMg
19341;6664;ZnAg
29686;6665;HoCu
21407;6667;PrN
18088;6668;ZrRh
21306;6673;ErN
21335;6675;WN
8278;6677;TeAs
10879;6678;BeCu
17583;6679;LaZn
5793;6691;TlF
2466;6692;CuI
8431;6694;ThGe
18454;6695;MnN
30415;6700;GdSb
8485;6705;InSb
10315;6706;TmN
20574;6707;HgTe
10081;6709;RbH
10609;6710;YAl
18057;6711;SmRh
19339;6712;LiRh
11590;6722;SeS
8285;6725;YAs
30423;6726;GdTe
10362;6727;CeAg
16942;6743;NiHg
20278;6744;SrSi
30151;6745;EuTe
8535;6747;Na
3678;6748;MnS
7553;6750;GaP
18100;6753;VRu
28120;6775;ThAs
8090;6780;NaCl
9275;6786;Sc
14069;6787;PuSe
8260;6788;NpAs
11602;6789;NpAs
18072;6790;TiRh
10900;6799;BeRh
22454;6800;LiS
18717;6808;AlSn
11153;6809;InRh
31237;6810;ZrTe
11137;6837;PrIn
8149;6843;SmS
21328;6846;ZrN
10320;6848;YbP
8293;6850;SmN
7552;6853;GaSb
18325;6854;EuIn
17558;6855;LaMg
18076;6856;TmRh
21409;6858;PrN
10896;6860;BePd
10128;6861;ZnCu
10649;6862;LiAg
10906;6863;TiBe
18090;6864;ScRu
8355;6865;CsI
18106;6866;ScZn
1956;6870;EuN
10672;6873;TbAg
8385;6882;NpSb
13641;6886;ZrO
8517;6887;ThSb
8269;6889;PuAs
30411;6890;GdS
8286;6893;ZrAs
11114;6896;InNi
18819;6897;EuCu
28662;6899;BaTe
18079;6901;VRh
18083;6904;YRh
17063;6905;CdPd
17320;6906;GdHg
14033;6907;Pa
21512;6909;LaC
8251;6910;GaAs
8295;6916;SmSb
5237;6918;CeSe
17314;6919;YbGa
30990;6923;VPt
17067;6925;SrCd
11166;6927;InTe
18097;6929;TiRu
10673;6930;TbAg
5809;6935;VB2
22432;6945;TcN
11159;6946;SmIn
18099;6948;VRu
3258;6956;VCl2
18759;6981;SmBi
7551;6984;GaAs
19093;6985;DyTh
18867;6987;TiIr
22456;6988;KS
17895;7003;PtO
8294;7005;SmP
30994;7008;ZnPt
30230;7010;FeNi
18101;7011;ZrRu
17590;7012;LiPb
17591;7013;LiPb
17596;7014;LiPd
5240;7024;SmSe
10370;7025;InSb
17064;7026;PrCd
8089;7027;KH
17838;7028;TiNi
18094;7029;TaRu
18869;7030;MgSc
11177;7031;YbIn
10164;7032;SrLiP
2587;7040;TlF
10381;7041;AlAu
8279;7053;ThAs
22430;7055;TcN
17321;7056;GdIn
17580;7057;LaTl
11171;7058;TmIn
10665;7060;ScAg
18111;7062;SmTl
29989;7063;ErHg
17053;7079;LaCd
10660;7080;NdAg
14796;7101;FeO
21497;7103;PmN
18755;7107;CeBi
8270;7109;PuAs
16746;7110;LaAs
19092;7111;GdTh
10662;7112;PrAg
30236;7113;FePd
10667;7115;SmAg
17597;7117;LiPd
13939;7130;PuC
30745;7134;MnPd
5808;7135;TiB2
14011;7136;TmPPt
18312;7140;DyN
30158;7144;Fe
22455;7148;NaS
13741;7162;MoP
10173;7166;Sr
30736;7170;MnNi
17600;7172;LiPt
3814;7183;ZrCl2
18776;7191;PaC
22433;7193;TcN
16037;7195;PrSb
30751;7197;MnRh
5805;7199;ZrB2
20934;7200;AuCN
30247;7201;FeSi2
30750;7208;MnPt
20394;7231;YN
18374;7243;TbGa2
8477;7245;ZrB
31001;7253;PuTe
16721;7255;P
10401;7257;CeAl
10103;7259;HgSe
10426;7262;AlCr2
8282;7263;UAs
17603;7268;Li2Pt
5807;7269;TaB2
20679;7274;Si2Ni
10165;7275;BaLiP
11175;7279;YIn
18110;7280;SmTl
18378;7281;Hg2Rh
8265;7296;PaAs
18789;7297;CdTe
8297;7298;NdBi
10102;7302;HgS
18319;7304;ErN
5806;7314;NbB2
20929;7320;AlFe
10688;7323;YbAu2
16038;7327;NdSb
13946;7337;ReC
22450;7338;NaAs
13677;7352;HfB
11906;7353;ThP
22369;7358;RhC
18322;7362;ErS
18105;7363;YbSb
13743;7364;NbN
18108;7365;YSe
15297;7393;AgCN
10693;7395;BaAu2
8179;7398;MnB2
17637;7403;Mg2Pb
5847;7404;CrB2
17649;7405;Mg2Si
5087;7406;MgB2
4570;7418;UO
5848;7419;HfB2
20081;7425;InN
5539;7427;H
14047;7428;YbI2
3580;7429;LiZnN
21461;7450;Ti2Re
7530;7476;InN
14010;7484;TbPPt
13703;7490;USb
31022;7493;Ti2Rh
17653;7494;Mg2Sn
8428;7495;ScB2
11966;7507;TiF2
22228;7524;ThH2
29771;7526;Cu2S
21472;7537;SnO2
14048;7539;CIN
12787;7540;CrSi2
18102;7544;TmS
28939;7552;TlC
19195;7556;DyGa2
8476;7564;YbB2
8221;7566;AlB2
10934;7591;HoBiPt
10648;7603;LaAg
20395;7604;YN
8088;7605;O
30512;7607;Hf2Hg
6332;7608;MnCl2
10968;7612;TlBi2
8473;7613;TmB2
8417;7619;B2Mo
20427;7623;K
29197;7624;CeTe
13496;7625;ThSiAu
10933;7634;GdBiPt
10738;7635;HoAu2
8471;7637;TbB2
18731;7638;LiMgAs
26158;7641;ScSbPd
17411;7643;MgHg2
17141;7646;Ga2Cu
8475;7647;YB2
8296;7649;SmTe
3845;7653;YbSi2
19398;7660;Sn2Ir
13991;7662;PrO
13998;7663;SmO
5066;7664;Te2Rh
13829;7667;CeC
10166;7668;BaLiAs
31278;7669;ScSi2
28211;7670;ScAu2
19776;7689;Si2Ru
23364;7693;CaF2
8353;7694;NaI
20918;7695;UBi
30525;7697;HfSe2
27972;7698;AlTc2
5585;7699;CaF2
5073;7700;CrH2
5586;7701;CdF2
19477;7707;Al2Cu
10987;7710;CaHg2
17899;7712;ZrO2
10980;7715;CaGa2
18682;7716;BePd2
21410;7721;PrN
30998;7722;PuS
6063;7724;USi2
7378;7725;MnTePd
23310;7734;LiHPd
13335;7740;LiZnAs
8210;7741;MgAgAs
4581;7744;PbI2
3841;7750;DySi2
10918;7759;CeBi
14012;7761;YPPt
18376;7762;HfSnPd
8085;7770;He
18900;7771;ReSi2
28232;7772;YAu2
17417;7774;NaHg2
30574;7775;LiInSn
5113;7777;K2S
19775;7779;Si2Ru
13920;7784;NpC
10697;7787;CaBiAu
10925;7793;DyBi
17426;7795;Hg2Pt
19194;7800;GdGa2
3842;7801;HoSi2
10726;7809;Ga2Au
14060;7810;SiPt2
10917;7811;CeBi
10674;7812;TbAg2
10687;7813;TmAu2
28725;7814;GdBiPd
18898;7815;ScSnPt
14056;7818;TmSbPt
8253;7822;KZnAs
25148;7824;BaSn2
3102;7828;ThSi2
30779;7834;Na
30529;7836;Hf2Zn
10691;7838;Zr2Ag
17430;7839;SrHg2
27515;7845;VTe2
7955;7851;MnCuSb
10928;7852;ErBi
14009;7853;SmPPt
2779;7855;BiTeI
10733;7856;Hf2Au
9974;7863;Tb2Mg
11315;7864;Li2Se
28999;7865;Hf2Cd
5147;7872;Si2W
10721;7874;ErAu2
18738;7876;LiSbAu
10718;7878;DyPbAu
14054;7879;ScSbPt
14055;7880;TbSbPt
20796;7884;Sc
8505;7885;KZnSb
8474;7886;B2W
10948;7888;ScNiBi
5068;7889;MoS2
28235;7891;ZrAu2
3838;7893;BaSi2
19196;7895;HoGa2
9973;7897;Er2Mg
6396;7898;Te2Ir
31109;7900;Ti2Zn
8469;7901;SmB2
11032;7902;HoCd2
10679;7905;TmAg2
13700;7907;MnTe
19121;7908;CrO
8354;7909;CsF
28728;7911;HoBiPd
17715;7912;Si2Mo
10276;7913;LuB2
27299;7915;ThAu2
30523;7918;HfS2
31036;7920;TaS2
17398;7921;HoHg2
8151;7927;SnSe2
31133;7930;V2H
10545;7931;Al2Os
31163;7935;GeTe
28719;7937;DyBiPd
18899;7938;ThSnPt
10716;7939;DyAu2
7901;7940;DyC2
5145;7953;TiSe2
4880;7955;ZnBr2
17219;7958;EuSi2
10788;7963;NbAu2
8222;7965;CdI2
18185;7967;YbZn
17403;7972;LaHg2
10732;7975;GdPbAu
13819;7980;VNiSb
17180;7982;DyHg2
10256;7984;Hg
17447;7986;YbHg2
13989;7990;PdO
27949;7991;Al2Ru
10956;7992;YbBiPd
29783;7994;ScCu2
3840;7996;TbSi2
11023;7997;ErCd2
8501;8002;K2O
21463;8010;Be2Zn
17444;8012;YHg2
12315;8014;MnBr2
10932;8017;GdNiBi
25430;8018;SrN2
4577;8019;SrO2
3101;8020;ThAl2
7680;8022;NbS2
2349;8024;FeCl2
17485;8025;GdAg2
10941;8036;LuNiBi
28727;8037;HoNiBi
4569;8038;UN2
10723;8039;ErPbAu
31059;8060;TaSe2
4583;8061;PbI2
25956;8062;Ba2N
13817;8064;TiNiSb
18742;8065;Zr2Au
4090;8067;NiBr2
3843;8069;ErSi2
30622;8071;PIr2
18456;8072;NpBi
7899;8073;BaLiSi
11318;8078;Na2Te
10949;8082;TmNiBi
10783;8084;Mn2Au
3098;8085;ThCu2
30368;8087;YGa2
8181;8088;Nb2C
18165;8089;U2Ti
8492;8090;MnSbIr
3844;8093;TmSi2
17186;8094;ErHg2
3637;8095;MoSe2
10058;8096;Na2S
20830;8097;ScH2
10776;8099;LuSnAu
30349;8100;SmGa2
17971;8102;Ti2Pd
3099;8103;ThAg2
30362;8104;UGa2
7473;8105;PtSe2
21054;8106;NdGa2
17355;8107;Th
13477;8108;Pr
13789;8109;NbSe2
10743;8110;HoSnAu
13374;8112;TbC2
11319;8114;K2Se
18978;8115;Sr
17683;8117;MnSnPt
11020;8119;DyCd2
14625;8123;HoNiSb
16685;8125;Te
10784;8126;MnAu2
4898;8127;MgCl2
11326;8128;V2H
4663;8131;H2Se
11061;8133;BaSbPt
4879;8135;TiBr2
11060;8136;SrSbPt
11316;8137;Li2Te
18972;8145;Rb
6104;8147;UC2
10742;8148;HoPbAu
15433;8153;VS2
4179;8154;Li2O
18537;8156;VSbRu
22603;8159;Ni2H
11320;8160;K2Te
18001;8161;Sn2Pt
10564;8163;Al2Pt
7489;8164;CaSi2
8177;8170;PuB
8441;8179;NpB2
3846;8181;LuSi2
29587;8182;CrSe2
10075;8183;LuH2
17382;8190;Hf2Pd
4343;8191;Sr2N
19560;8193;LiAlGe
1870;8194;BaSi2
10073;8195;HoH2
28229;8203;UAu2
5084;8204;CuCl2
31125;8205;Zr2Zn
3100;8206;ThCd2
23355;8207;VBr2
10791;8208;TbPbAu
3747;8213;O
4390;8216;TmC2
4391;8217;ErC2
17927;8219;ThPb
10094;8220;TiH2
26209;8222;SmNiAs
17213;8223;EuHg2
3894;8225;Be2B
3135;8227;TiTe2
10059;8228;Cu2Se
7881;8235;Tb2C
30528;8236;HfTe2
18757;8238;LiMgBi
12890;8239;YHSe
31058;8243;TaSe2
10798;8244;ScSnAu
14401;8245;TiS2
27587;8247;AgB2
10076;8250;NbH2
18971;8255;Rb
19825;8260;CaSi2
30054;8262;ErSb2
20616;8281;CaAlSi
14301;8282;BiTeI
4571;8283;UO2
4576;8284;BaO2
11317;8287;Na2O
17984;8293;VPd2
6102;8295;PuO2
11028;8296;CdHg2
10804;8299;TmSnAu
18756;8300;In2Bi
10574;8306;AlRe2
23356;8311;VI2
18538;8312;HfSbRu
11029;8316;Cd2Hg
7474;8318;PtS2
10811;8319;TbAu2
2619;8322;SrGe2
12305;8330;NbS2
30395;8331;GdNiSb
10055;8333;ZrS2
10845;8349;BaGa2
3675;8350;MgCl2
23343;8352;EuZnGe
18005;8357;TiSnPt
30676;8358;Li
21370;8359;OsC2
19296;8362;SrGa2
18540;8363;TiSbRu
21129;8366;MgH2
22351;8373;TiS2
5051;8375;LaC2
4925;8377;HoSb2
10089;8381;TbH2
21090;8384;MgBr2
20513;8393;Fe2C
10553;8395;Al2Pd
7477;8396;Te2Pd
9303;8398;Tb
21130;8402;TiH2
17253;8408;LiGaSi
7257;8410;SrF2
3681;8412;SrCl2
10096;8418;TmH2
7002;8422;PRh2
2614;8431;Ge2W
10098;8433;YbH2
3170;8443;CaSi2
7536;8444;Be2C
20617;8445;SrAlSi
13949;8446;MgCuSb
10883;8449;HfBe2
8288;8458;YH2
3449;8461;MgSnAu
30681;8469;LiO2
9314;8472;Ho
5629;8473;PaO2
30077;8474;EuGa2
5657;8475;SnS2
8052;8481;ZrH2
10186;8487;AgI
14057;8489;YbSbPt
13376;8490;LuC2
12351;8492;TaS2
18536;8499;TaSbRu
21292;8505;TiPd2
8332;8506;DyB2
13648;8509;Sm
15462;8510;TiSi2
8061;8514;AsRh2
14225;8515;HoHSe
10088;8527;TaH2
10090;8528;ThH2
29046;8540;Zr2Cd
20618;8543;BaAlSi
8057;8545;BeAlB
5762;8547;Ba2Hg
13375;8553;YbC2
13377;8554;UC2
17743;8555;NbPt2
6973;8556;ReSi2
11882;8558;FeCl2
21148;8563;SrAlGe
18535;8564;NbSbRh
10097;8567;VH2
17963;8570;TaPd2
17497;8572;MnSnIr
19345;8574;BeAu2
20470;8582;CeBiPd
22486;8584;CrNiSb
30786;8585;NbS2
18163;8586;ThZn2
17420;8587;NdHg2
5631;8588;Al2O
13640;8591;Ta2N
18264;8592;LiCeSn
18539;8593;ZrSbRu
5486;8596;Ag2F
10384;8597;Al2Au
18857;8605;ZrH2
14026;8608;UP
10338;8612;ErSbPd
13702;8613;MgNiBi
6319;8617;MnI2
21149;8619;BaAlGe
10131;8632;Bi2Pd
19518;8642;Zr2Cu
10080;8654;PuH2
17784;8655;TmNiSb
8180;8667;Mo2C
8352;8668;SiO2
10911;8674;ZrBe2
13372;8675;LaC2
18762;8676;Dy2C
30885;8679;NpSb
5321;8680;KCN
30790;8681;NbTe2
3097;8683;ThNi2
25011;8684;CuBr2
11875;8685;Te2Au
3943;8686;PbF2
28749;8699;NdBiPd
5617;8701;TbO2
4091;8703;NiI2
27652;8704;AlAu2
16513;8720;YC2
10366;8721;DyAg2
10374;8722;NpSb
29938;8726;DySb2
31222;8729;CeGa2
5508;8737;SiCN
6792;8739;Rb2Se
3229;8744;Ti2Cu
18856;8746;PrH2
5780;8747;Cu2Se
8359;8752;GdB2
7549;8754;TiS2
17990;8760;Zr2Pd
18006;8761;USnPt
10111;8762;HoSbPt
8205;8763;TmI2
23179;8764;GdSnAu
3668;8765;HoC2
17598;8770;Li2Pd
22213;8774;BaO2
28759;8775;YBiPd
17442;8776;UHg2
31232;8779;LaGa2
23730;8780;OsN2
28764;8787;YbBiPt
4389;8788;YbC2
3889;8790;Ag2O
10084;8792;BaC2
22651;8793;Ni2H
21392;8794;BaSi2
27633;8795;ScAg2
5788;8796;CdCl2
10677;8798;Ti3Ag
13996;8802;Rb2O
10372;8806;MnSbPt
13751;8811;HCN
3506;8816;HgO
2092;8819;BaCl2
7232;8820;ScNiSb
21348;8822;UC2
22939;8824;ZnNiSb
6273;8825;CSO
22782;8838;WS2
18890;8842;PrSn3
13888;8853;LuC2
8366;8854;HoB2
18123;8856;TbSn3
27616;8858;LuAg2
17304;8859;ThGa2
18204;8864;YbBiAu
17828;8866;TaNi2
19369;8867;GdC2
17090;8870;CePt3
18892;8872;PrTl3
18837;8875;Fe2Ge
18844;8876;PrGa2
6298;8878;HgF2
29730;8880;MgCuSn
29987;8881;ErH2
10680;8882;TmAg3
17385;8883;HfSnPt
6949;8884;KO2
10938;8885;Li3Bi
23180;8890;SmSnAu
18014;8894;Te2Pt
15899;8902;ZnFeSb
30948;8904;TiPd2
28933;8906;Ta2C
20651;8907;Hf2Ag
29968;8908;ErGa2
30646;8911;La
11299;8915;MnBr2
22350;8923;TiS2
18382;8927;Li2InPd
30892;8937;RbO2
30939;8938;YbSbPd
17793;8939;YNiSb
27647;8940;Ti2Ag
28170;8942;HfAu2
5411;8944;Cs2O
10626;8949;ErAg2
19408;8950;AlCu3
30883;8955;NpO2
5698;8956;Rb2S
9312;8958;Gd
13499;8971;MgCN2
18125;8973;ThSn3
17620;8975;LuPb3
17880;8976;Li2AlPd
23181;8981;YbCuGe
17611;8983;LiZn
17363;8985;HfIr3
21534;8987;NiS2
10117;8991;In2Pt
18884;8998;PrPt3
13242;8999;AuSe
12966;9010;Te2Au
18128;9012;Ti3Sn
18894;9016;Pr3Tl
30926;9017;ThPb
29680;9022;Hf2Cu
27650;9023;YbAg2
10141;9024;AcH2
15031;9025;NbFeSb
15032;9026;NbSbRu
21450;9028;TcB
29715;9040;LaCu2
17073;9041;Ti2Cd
17717;9045;U2Mo
17622;9046;LuPd3
17873;9048;NpRh3
17875;9050;NpSn3
7011;9051;MoS2
30951;9052;ZrPd2
17628;9054;LuTl3
4765;9056;Hg
6957;9059;TiCl2
20943;9060;CaSn
18138;9061;YbSn3
13670;9064;MnSbPd
19154;9071;PuGe3
28985;9073;DyCd2
18908;9076;SmSn3
17288;9077;Ga2Pt
3714;9079;NbSe2
10922;9080;MgCuBi
17085;9082;CeHg2
13373;9084;CeC2
20689;9086;CuI
17876;9088;Np3Sn
18132;9089;USn3
18135;9090;YSn3
3009;9093;LiCu2Si
22246;9124;Pd3Au
3665;9126;CeC2
30776;9130;TlN
20807;9133;PtO2
24109;9138;KrF2
13686;9139;Ge2Mo
23182;9141;CeGeAu
28164;9142;GdAu2
17068;9143;TbCd2
28185;9144;LuAu2
7815;9149;NiTe2
10635;9150;HoAg2
10427;9151;AlCrCu2
18385;9152;Li2InPt
17881;9154;LiAl2Pd
3010;9155;LiCu2Ge
18532;9156;CuPt
4464;9161;CrBr2
19681;9165;MgPd3
17624;9169;LuPt3
13561;9173;CrS2
17712;9175;MoPt2
17890;9176;AlNi3
14534;9180;HoNiC2
17882;9181;Li2AlPt
22245;9182;PdAu3
5761;9186;Ba2Cd
27649;9187;YAg2
17884;9190;Li2AlRh
10964;9191;SrBi3
18187;9288;ZrZn
11310;9290;UN
13752;9293;HCN
28713;9295;CeBiPt
17619;9296;LuPb2
21462;9297;Hf2Tl
10950;9299;YNiBi
13006;9300;NbS2
30531;9302;LaHg2
17378;9304;HfNiSn
5069;9305;XeF2
10236;9311;Ho2C
23315;9313;Sm
29042;9314;YCd2
5378;9315;GeI2
21539;9321;NiS2
11026;9322;GdCd2
30091;9324;EuHg2
17960;9325;ZrSnPd
28821;9326;EuC2
5660;9327;EuF2
10792;9328;YPbAu
4135;9330;Ca2N
29866;9336;DyHg2
6963;9337;CsO2
2353;9338;CrI2
10818;9340;UAu2
15700;9342;NiO2
5444;9343;Ta2H
2881;9344;NiCl2
3666;9346;PrC2
3667;9347;NdC2
8032;9348;EuGe2
12907;9353;NdI2
12141;9356;NbS2
17794;9357;YbNiSb
23183;9358;HoGeAu
28914;9359;PaC2
21394;9360;BaSiC
28663;9362;Ba2Zn
17814;9364;ThNiSn
17817;9366;UNiSn
18334;9370;TiFeSn
8076;9371;TaS2
28932;9374;SrC2
14489;9377;SiTe2
19368;9378;SmC2
30989;9379;VPt2
18859;9380;HoSbPd
19116;9381;ZrSe2
28944;9382;W2C
13988;9384;PbO2
17849;9387;VNi2
10926;9390;DyNiBi
10927;9391;DyBiPt
10929;9394;ErBiPt
4779;9395;CsO
30502;9396;TmGe
2985;9397;NaCuO2
19653;9400;TlCrTe2
19909;9401;ScAgSe2
12727;9403;TaCuN2
10935;9407;K3Bi
17351;9408;TiTe
18119;9409;SrSn
17864;9412;ZrNi
28716;9413;CuBi
17609;9416;Li2ZnSn
23507;9420;CeMgZn2
30255;9421;TiFe2Sn
12991;9424;NaNbN2
18380;9426;LiIn2Ir
10429;9429;AlCrNi2
19405;9431;ThIr
14531;9433;PrNiC2
19406;9434;ThRu
14532;9436;NdNiC2
18383;9437;LiIn2Pd
22226;9438;LiO3
30515;9439;HfNi
14533;9440;DyNiC2
17616;9441;LuNi2Sn
20433;9442;TiNi
4794;9444;AlCuO2
5306;9445;RbNdO2
10433;9446;HfAlCu2
21460;9447;TiMo3
4795;9448;GaCuO2
5307;9449;RbSmO2
10690;9450;ZrAg
14535;9452;ErNiC2
18386;9454;LiIn2Rh
22742;9455;Eu2PBr
10435;9457;MnAlCu2
22743;9458;Eu2PI
30519;9459;HfPt
4541;9461;FeCuO2
5309;9462;RbGdO2
10180;9463;LiInSe2
10692;9464;Zr3Ag
4285;9465;TbBr
17877;9466;Np3Tl
20695;9467;YbAgO2
21464;9468;Re3Ru
10438;9469;ScAlCu2
17623;9472;LuSnPd2
23004;9473;Sr2IN
10440;9477;TiAlCu2
6083;9480;NaCrSe2
5059;9485;LiNiO2
10698;9487;Li2BiAu
11722;9488;PbO
21469;9489;YPd
5060;9490;NaNiO2
8137;9491;Nd
10443;9493;ZrAlCu2
10955;9494;YBiPd2
17883;9495;LiAl2Pt
28223;9496;TbAu
17885;9498;LiAl2Rh
18909;9499;PrPt
19421;9500;MnCu2Sn
28225;9502;TiAu
28226;9508;TmAu
10447;9509;DyAl3
13780;9510;NaVS2
5065;9511;TeRh
6858;9512;NaFeO2
10704;9513;CdAu
13781;9514;NaYS2
17632;9515;NdMg3
10961;9518;Rb3Bi
13782;9519;NaVSe2
17889;9520;NbAlRu2
19425;9521;CdTe
28998;9524;HfCd
29766;9525;Cu3Pt
10707;9527;CdAu3
17379;9528;HfNi2Sn
17635;9529;MgNi2Sb
17636;9532;MgNi2Sn
1994;9533;InSe
14554;9534;NaCuO2
18149;9535;TbTl3
26441;9536;LiGeRh2
19155;9538;Pu2Mg
10710;9539;CeInAu2
3022;9540;KPrO2
19431;9542;NbN
22250;9543;InP
22507;9544;Si
27979;9545;ZrAl3
3023;9546;RbDyO2
8150;9547;ScTe
3024;9550;RbHoO2
17897;9551;ReO3
10714;9560;Zn2CuAu
17642;9561;PrMg3
30031;9568;ErPt3
7898;9575;CuAsSe2
27217;9582;ErSnPd2
21731;9687;Fe
21470;9785;YAu
17387;9837;HfRh3
4824;9840;Cu3N
28215;9879;SmAu
26968;9880;Na3N
18920;9922;Ce3Al
18665;9923;CePd3
2012;9925;LiAl
18167;9926;TiZn3
10477;9927;HoAl3
30308;9988;GaNi3
17159;9989;Cu3Pd
10489;9991;LiAl3
11003;9992;CaSn3