entry_id;calculation_id;delta_e
17930;10027;0.342858
21535;10029;0.152699
22340;10031;1.46086
31236;10032;-0.88034
10428;10033;-0.150144
2487;10034;-1.15756
5308;10035;-2.10973
5057;10036;-0.448628
30780;10037;-1.16189
12908;10039;-1.54237
6868;10041;-0.021908
22256;10043;0.92447
22259;10045;-0.215758
3801;10047;-0.0848162
18162;10048;-0.160961
17908;10051;-0.899697
5086;10052;-3.1054
19192;10053;-0.51904
17913;10054;-0.380649
19193;10055;-0.504223
18170;10057;-0.159623
22013;10058;-0.380505
4580;10059;-0.20533
17915;10060;-0.0909597
18171;10061;0.234422
21502;10062;-0.391795
8426;10064;-0.200254
18173;10066;-0.23101
22016;10067;-0.41587
31333;10068;-1.2678
25958;10069;-0.259539
17157;10070;-0.128046
10747;10071;-0.488232
13826;10072;0.196605
11006;10074;-0.239697
18703;10075;-0.706808
8116;10076;-0.0855484
29555;10077;-0.224693
7687;10078;-0.612559
17437;10079;-0.0663296
17954;10080;-0.539331
18722;10081;-0.412315
20917;10178;0.184133
4155;10179;-0.297753
5305;10180;-2.82851
10185;10182;-0.470169
10446;10183;-0.28334
30796;10185;-0.325418
8152;10186;-0.713795
29006;10187;-0.263786
17644;10188;-0.59359
17652;10189;-0.10948
5088;10190;-1.87289
10471;10191;-0.386582
10728;10192;-0.517777
10461;10197;-0.200551
10462;10198;-0.18635
22266;10200;-0.143509
17912;10201;-0.346203
22014;10204;-0.435431
4837;10205;0.00594735
22015;10206;-0.40185
17917;10208;-0.0765149
5608;10209;-3.60838
22017;10210;-0.477399
20481;10212;-3.1233
20482;10213;-1.22605
17154;10215;-0.354381
17924;10217;-0.360108
31336;10218;-0.324597
18693;10219;-0.868431
17158;10220;-0.104326
17926;10221;-0.12643
29803;10223;0.0351471
17672;10224;-0.111225
17928;10225;-0.232525
29804;10226;-0.0726708
17929;10228;-0.21308
24941;10229;-0.211995
17931;10230;0.148792
5878;10231;-0.517167
14613;10232;0.222162
10466;10234;-0.473105
21493;10235;-0.855383
12278;10236;-1.03946
6134;10237;-1.19789
18189;10240;-0.0407303
30065;10241;-0.180612
10494;10242;-0.395382
17934;10243;-0.287383
11008;10246;-0.254802
17681;10248;-0.358892
17937;10249;-0.36348
30581;10250;-1.04801
17682;10251;0.0663786
7936;10252;-0.837843
17171;10253;-0.0275358
17190;10254;-0.235442
30346;10255;-0.493636
17704;10256;-0.0240053
17450;10257;-0.0127565
16167;10258;-0.158841
17452;10259;-0.181719
17965;10260;-0.717657
6431;10261;-0.425699
13892;10269;-0.592346
3294;10270;-0.805811
30573;10271;-0.163546
18714;10274;-0.687712
18716;10275;-0.454776
10463;10312;-0.181058
31062;10313;-0.892571
17151;10315;0.0661071
31335;10316;-0.339029
22302;10317;-0.261506
17455;10320;-0.403236
22327;10321;-2.91228
17749;10354;0.305229
10474;10355;-0.82957
10989;10356;-0.184149
18175;10357;-0.259777
13815;10358;-0.128389
29575;10360;-0.254737
17206;10361;-0.487088
17988;10362;-0.697549
5370;10401;-0.409754
5403;10406;-0.367201
17981;10408;-0.92452
21315;10409;-0.143342
22270;10412;-2.06205
21511;10415;0.95252
17945;10416;-0.854394
17179;10417;-0.526345
21813;10420;-0.331978
10537;10421;-0.0962618
10473;10447;-0.645362
17405;10449;-0.271053
13818;10451;-0.379629
17947;10452;-0.825939
17972;10453;-0.641766
9510;10454;-0.316245
18181;10470;-0.0873041
16382;10484;-0.565773
6901;10486;-2.01438
10816;10493;-0.43287
28203;10497;-0.793192
17150;10499;-0.320874
18705;10500;-0.426899
17468;10506;-0.904236
30363;10508;-0.225248
17918;10516;-0.168191
10768;10519;-0.412732
17196;10521;-0.452168
18732;10522;-0.245038
16688;10524;-2.44933
30123;10525;-0.461442
5429;10527;-1.36362
10999;10538;-0.391227
4130;10539;-2.76277
17472;10542;-1.03722
17728;10543;-0.147623
29096;10545;-0.487018
17477;10546;-0.47002
17675;10549;-0.116658
29821;10550;-0.163553
17953;10552;-0.531274
21804;10553;-0.2313
17465;10557;-0.254535
28988;10600;-0.306693
29033;10602;-0.344705
29037;10603;-0.110815
3853;10607;-2.1732
24225;10609;-0.427866
20117;10615;0.0506305
17815;10616;0.0768087
18842;10617;-0.185709
18845;10618;-0.181688
27651;10619;-0.0511929
28957;10623;-0.135647
18368;10624;-0.148694
15560;10630;-0.466241
15561;10633;-0.465887
8382;10636;0.0804232
21459;10638;0.667257
10946;10639;0.265655
27958;10640;-0.333689
4286;10642;-1.42454
10183;10643;-0.606386
10184;10644;-0.579359
19933;10647;-0.352337
10958;10648;-0.0084317
5833;10650;-1.54633
28742;10652;0.186949
21996;10656;-2.3129
3025;10658;-2.94242
27214;10659;-0.335588
3026;10661;-2.95735
3027;10662;-2.0874
3028;10664;-2.97233
18925;10666;-2.33174
4310;10667;-0.863702
12767;10669;-0.437419
15080;10670;-0.244436
4825;10676;-0.0185233
10464;10677;-0.0986682
30292;10679;-0.590176
30805;10683;-0.815556
10722;10685;-0.709834
30295;10687;-0.606529
17140;10688;-0.334252
17142;10689;-0.383667
30810;10690;-0.675231
14572;10691;-1.95031
5089;10693;-1.00603
31068;10695;-0.816732
13293;10696;-0.747164
2015;10698;-1.62434
30302;10701;-0.306275
10731;10703;-0.717656
30304;10705;-0.346672
17149;10707;-0.335323
20992;10708;-2.02854
30305;10710;-0.5896
12527;10712;-0.625956
19710;10713;-0.301937
31074;10714;-0.935122
10992;10717;-0.233682
17152;10718;-0.330933
4843;10720;-1.07266
17922;10725;-0.548115
18690;10726;-0.856
9971;10728;-0.648965
11764;10729;-0.281219
12276;10730;-0.302402
10741;10735;-0.713419
13306;10738;-1.80311
13820;10742;-0.427644
14849;10743;-1.48735
1775;10745;-1.4567
13823;10747;-0.200238
17162;10748;-0.384803
1776;10749;-1.45619
12540;10751;-1.18835
3059;10754;-1.4329
10748;10762;-0.690111
19212;10763;-0.331638
28016;10765;0.0454492
28528;10767;-0.489777
5879;10770;-2.42721
18701;10774;-0.102455
21264;10775;0.314529
5880;10779;-2.72589
6137;10783;-1.88507
11007;10785;-0.183286
17679;10787;-0.436221
19215;10788;-0.125308
10752;10790;-0.687117
23317;10791;-0.283372
10753;10792;-0.632146
22805;10794;-2.52194
29045;10795;-0.124017
30325;10796;-0.578951
12803;10797;-1.38133
18706;10798;-0.401862
21269;10799;-0.29738
6141;10802;-2.86666
3067;10804;0.000231132
7937;10805;-0.829378
10500;10806;-0.410076
10756;10807;-0.553289
30286;10819;-0.629142
10717;10821;-0.7159
10503;10827;-0.696191
10759;10828;-0.704118
11015;10829;-0.313598
18711;10831;-0.432445
7941;10832;-0.834511
10504;10833;-0.692823
16663;10834;-3.08455
17176;10835;-0.222654
17688;10836;-0.467094
30332;10837;-0.105039
7942;10838;-0.77352
25672;1352933;-1.60894
1216058;2454;0.0125899
1216098;2689;0.00639353
4698;3346;0.00013712
8130;3588;0.131232
8132;3592;0.126086
8203;3612;0.00273523
7503;3619;0.258494
8533;3620;0.00072037
7517;3624;0.242257
8082;3629;0
8086;3637;0
8100;3638;0.00078878
12054;3681;0.20662
8500;3697;0.000309365
7514;3721;0
9566;3723;0.141404
9320;3726;0.0796309
10106;3729;0.142871
8586;3732;0.138944
17350;3749;0.144857
12055;3763;0.309144
16720;3788;0.132208
7513;3794;0.110752
7521;3798;0
17319;3804;0.146084
22514;3829;0.00035509
22516;3833;0.0907973
7505;3845;0.161452
7512;3847;0.0685294
7519;3849;0.0620481
7522;3853;0
6321;3859;-2.10616
5810;3861;0.106576
18114;3908;-0.327448
22472;3911;0.53432
8391;3976;0.274825
7509;3977;0.0396869
7520;3980;0.136493
17859;3981;-0.262073
10676;3983;0.069534
17860;3984;-0.249743
6320;3986;-1.67985
10678;3987;-0.350774
17352;3991;-0.439348
10681;3992;-0.343094
10937;3994;-0.387425
21452;3995;0.144659
17610;3997;-0.233202
10683;3998;-0.429266
18891;3999;-0.399049
17612;4001;-0.0441488
19149;4003;-0.0137219
17360;4004;-0.337539
4566;4007;-0.208229
8134;4044;0.00552397
8138;4047;0
31044;4049;0.0433077
8144;4050;0
8520;4060;0.00535497
3925;4064;0.0112921
13761;4069;-1.25385
30000;4071;-0.887234
18895;4073;-0.311093
8143;4075;0.00104637
7648;4076;-2.04363
7649;4086;-1.66066
8390;4108;0.114333
9214;4113;0.315362
12056;4117;0.320075
9277;4136;0.168443
9287;4137;0.536882
28966;4153;-0.530551
30508;4154;-0.0662705
31023;4158;-0.767789
31025;4160;-0.360045
31283;4161;-0.0527719
10944;4162;-0.366483
30004;4164;-0.0665642
8386;4165;-0.539797
18984;4183;0.307863
13862;4191;0.00102457
20540;4200;0.132543
20541;4201;0.132543
8534;4208;0.00305485
8568;4213;0
13705;4220;0.443724
8597;4222;0.0288302
17585;4224;0.00337199
19150;4236;-0.0129459
30264;4237;-0.124238
31032;4239;-0.282995
22272;4247;0.343545
18780;4258;0.227599
13650;4260;0.145153
9316;4265;0.0317803
5499;4267;1.18766
5517;4268;1.19774
21449;4274;-0.282521
8118;4276;-1.52807
21453;4278;0.718864
8122;4280;-1.72191
18131;4281;0.023257
17621;4283;-0.971832
18903;4284;-0.536498
18904;4286;0.302794
17625;4289;-1.01333
20443;4291;0.0174154
17627;4295;-0.450737
18140;4297;-0.427958
8139;4299;0.0170585
17629;4306;-0.355226
17630;4308;-0.114858
8141;4310;0.00294909
19423;4314;-0.449193
22242;4316;-0.988541
6318;4333;-0.246103
17349;4337;0.012259
18896;4340;-0.310025
18136;4342;-0.720321
30785;4346;-0.410521
19422;4352;-0.22633
8142;4353;0.00009971
22243;4357;-1.05655
28740;4358;-0.3876
10705;4359;-0.179908
18145;4361;-0.501043
27974;4363;-0.435995
8145;4366;0.00138838
17380;4368;-0.708118
18148;4370;-0.023228
28744;4372;-0.366611
30536;4374;-0.00718433
30025;4376;-0.931356
17638;4378;-0.744475
10711;4382;-0.320393
10712;4388;-0.27691
17640;4390;-0.119384
18152;4392;-0.0123909
18153;4394;-0.0120051
17386;4395;-0.86226
10715;4398;-0.864565
29007;4399;-0.304949
10972;4401;-0.373641
9301;4419;0.0135588
22248;4439;-0.0657903
18156;4441;-0.526868
17389;4442;-0.812477
18157;4443;-0.365396
8156;4445;-0.822247
17646;4446;-0.476044
20463;4448;-0.12278
20464;4452;-0.111143
20721;4453;-0.243948
10720;4456;-0.885063
17392;4458;-0.482266
17904;4460;-0.735973
20465;4461;-0.0990956
20466;4463;-0.0927261
17650;4464;-0.104368
17906;4466;-0.527704
18674;4468;-0.389183
20467;4469;-0.0665711
22309;4478;0.37549
12059;4483;0.329782
9297;4491;0.0827653
22473;4495;0.433607
8119;4498;-1.11664
20684;4500;-0.932217
22262;4505;0.389169
29784;4509;-0.276469
30040;4511;-0.935677
17397;4512;-0.451316
22264;4514;0.568325
12057;4536;0.304207
12058;4537;0.313932
10325;4546;0.171544
10105;4549;0.019484
14014;4554;-0.1691
8123;4556;-1.24385
4543;4559;-0.182984
11469;4561;-0.673436
29003;4563;-0.333069
20469;4566;0.893523
5497;4601;1.18768
4523;4610;-0.248713
22475;4611;0.765138
17907;4625;-1.61907
29018;4627;-0.418949
10182;4659;-0.617803
9672;4660;0
10445;4664;-0.395508
14034;4665;-0.429746
30534;4668;-0.14274
29013;4672;-0.32667
8162;4674;-1.54241
22476;4692;1.2496
17353;4694;-0.469457
22221;4696;1.10668
17383;4710;-0.982982
8155;4714;-1.2116
8115;4734;0.023749
18147;4742;-0.980509
30535;4744;0.0785405
30537;4749;-0.140154
17898;4752;-2.52231
14052;4755;-1.34831
8163;4761;-1.16521
21451;4787;-0.0076204
30533;4788;0.234145
13784;4789;-1.03673
14051;4792;-1.19753
20468;4794;0.347587
4578;4802;-0.349269
10729;4804;-0.839998
17657;4805;0.243048
18169;4806;-0.287715
10986;4807;-0.533782
17402;4808;-0.466645
12061;4844;0.307363
12062;4845;0.317994
12064;4847;0.335427
8165;4866;-1.13506
4579;4870;-0.358397
17404;4871;-0.347599
17660;4873;-0.0342188
18172;4874;-0.372959
3311;4880;-0.173991
18967;4904;0.0243249
19480;4905;0.100074
12060;4907;0.300986
12063;4908;0.331719
8164;4918;-1.53561
17661;4919;-0.0567627
5624;4944;-2.29508
5625;4948;-2.07249
5626;4955;-2.31352
4177;4961;0.030611
14036;4964;-0.180984
29020;4966;-0.32599
29022;4967;-0.323784
5627;4976;-1.57959
6912;5002;-0.437866
14035;5021;-0.330549
5578;5023;-2.25997
22263;5029;0.0361604
29023;5031;-0.32378
17406;5033;-0.434266
18174;5034;-0.497092
10991;5035;-0.486725
17407;5036;-0.190403
17663;5037;-0.109401
20737;5038;-2.96038
10480;5039;-0.94632
10736;5040;-0.875038
18176;5041;-0.353206
2562;5057;0
12065;5073;0.337412
12074;5080;0.308315
4672;5084;0.0167203
8159;5092;-1.44513
17655;5093;-0.0562701
8166;5095;-1.2778
8167;5096;-1.51824
29029;5099;-0.29912
30309;5100;-0.375707
5613;5101;0.72048
9972;5103;-0.585042
10997;5105;-0.530219
17413;5108;0.36427
1797;5115;-0.972484
12067;5129;0.297622
12069;5130;0.301137
12070;5131;0.302994
12073;5133;0.306961
17557;5139;0.0128823
22474;5140;1.27094
13762;5144;-0.950523
14025;5145;-1.73043
8154;5146;-1.40931
17399;5147;0.0394401
6117;5149;0.0138199
31334;5151;-0.24032
17414;5153;0.364252
29034;5155;-0.324796
3084;5174;-0.125659
4110;5176;-2.10517
18981;5184;0.385971
18988;5187;0.103233
8147;5192;0.000665275
8158;5194;-1.82562
7652;5196;-0.956002
8168;5198;-1.09633
8170;5199;-1.50264
22530;5200;-0.254073
22284;5209;0.416841
30061;5210;-0.307504
22285;5213;-0.898907
21518;5214;2.24081
29039;5215;-0.315895
22287;5216;-0.0655237
11005;5218;-0.452265
4111;5224;-1.92283
14032;5239;-1.45754
8146;5242;0
8173;5248;-2.05211
5615;5249;0.580881
20234;5250;-1.56869
17419;5251;-0.444434
31087;5254;0.0232259
17935;5259;-0.563821
29043;5261;-0.360276
30067;5262;-0.351746
29044;5264;-0.419281
10497;5267;-0.267636
20242;5271;0.277669
2577;5281;-2.94594
2578;5284;-2.03613
2580;5289;-1.23937
8117;5295;-1.74064
20685;5297;-1.642
6116;5304;-0.17636
6628;5305;-0.00377387
13807;5308;-1.24139
17670;5310;-0.0126506
21515;5311;0.246177
20235;5312;-0.8796
17676;5313;-0.193653
31091;5315;-0.720356
17424;5316;-0.444481
19476;5317;-0.352413
17429;5318;-0.503041
17686;5320;-0.184872
9226;5322;0.000193606
5404;5336;-1.21725
10930;5349;-0.918095
8121;5351;-2.11875
18905;5352;-1.48941
6119;5355;-0.137295
21508;5362;0.945778
31079;5364;-0.3803
11508;5366;-1.03649
22537;5368;0.0592433
21516;5370;1.22474
29816;5371;0.0908797
17432;5372;-0.120493
17944;5374;-0.907404
11019;5375;-0.324651
5664;5381;-0.535124
4641;5390;-0.736775
12068;5399;0.29902
8171;5405;-1.06849
21510;5411;1.4115
21517;5414;1.55837
30063;5415;-0.306175
18193;5418;-0.662758
30843;5419;-0.101101
9225;5420;0.00124735
17436;5422;-0.0071199
11022;5424;-0.321877
8169;5446;-1.20824
11510;5447;-1.55082
18721;5449;-0.436031
4138;5459;-2.01741
5677;5461;-1.15673
6958;5469;-1.50366
5166;5473;-1.99984
4656;5477;-0.248924
5426;5483;-1.70728
5427;5488;-1.28651
8157;5497;-0.57071
17671;5498;-0.0302652
11000;5499;-0.688369
30060;5501;-1.20824
17168;5503;0.0897797
17680;5504;-0.350873
11012;5505;-0.324852
6913;5506;-1.79522
29826;5507;-0.290914
17441;5508;-0.44625
10516;5509;-0.66938
17700;5510;-0.284458
17446;5511;-0.619811
4149;5523;-0.947618
4150;5529;-0.392429
5176;5535;-2.01994
22268;5539;0.110588
11511;5541;-1.51418
11512;5543;-1.85554
17685;5550;-0.168088
5632;5551;-1.41558
8206;5557;-1.24151
10777;5558;-0.615379
5177;5560;-1.78517
7484;5566;-3.14988
5179;5572;-0.583268
5181;5581;-3.19367
6974;5582;-0.568947
8001;5584;-0.0862825
12071;5587;0.304192
12072;5588;0.305833
14029;5590;-1.75393
5611;5593;0.162875
21513;5594;-0.184368
8182;5595;0.648549
11514;5596;-2.70096
29551;5597;0.0221578
21520;5598;0.4905
17427;5600;-0.397764
22298;5602;-2.52621
17187;5605;-0.446332
21289;5606;-0.55781
29834;5607;-0.106489
20780;5609;-1.9959
8480;5611;-0.636806
5182;5615;-2.94106
6975;5617;-0.408236
4671;5626;-1.42565
5183;5628;-2.68244
18160;5630;0.00016886
10940;5636;-0.750152
8383;5637;-0.988323
8389;5638;-1.67544
6095;5639;-1.99337
10965;5640;-0.550875
30819;5641;-1.42528
11505;5642;-1.96327
21509;5643;1.03261
5616;5645;-0.340387
22308;5652;-0.236791
17457;5654;-0.853058
17970;5655;-0.486716
8112;5690;0.21469
5834;5693;0.231853
6118;5695;-0.4672
11509;5697;-1.87287
30058;5698;-1.20825
21514;5699;-0.169007
11517;5703;-1.09755
17425;5704;0.0785408
7682;5705;0.161157
8196;5706;0.000177385
9221;5707;0.274682
22306;5710;0.557986
31121;5712;-0.363082
31126;5714;-0.282259
17460;5715;-0.0731024
4163;5722;-1.05877
12066;5727;0.296069
17861;5729;0.812972
13795;5731;-1.66654
4568;5732;-1.41567
7651;5734;0
8172;5735;-0.819582
22305;5737;1.0707
17454;5740;-0.460543
30357;5744;-0.503551
10789;5745;-0.767247
5151;5746;-2.06958
10793;5748;-0.748712
20282;5749;-1.06102
20241;5767;-0.0700427
17439;5773;0.0247376
30618;5779;-0.511196
17207;5780;-0.338407
20281;5781;-1.19455
17467;5784;-0.913744
17980;5785;-0.947993
30370;5787;-0.522931
10544;5789;-0.395587
11312;5790;0.163748
17987;5791;-0.867783
10550;5792;-0.875974
10817;5793;-0.89355
31106;5810;0.00016789
10963;5811;-0.681828
6096;5812;-1.51519
14050;5813;-2.16815
18158;5814;-1.16368
5081;5815;-1.54916
20743;5820;1.02127
20744;5821;1.27912
28037;5826;-1.5424
17443;5827;-0.480004
4108;5828;-1.58381
17448;5830;-0.1404
17197;5831;-0.306187
17459;5832;-0.0730864
17492;5833;-0.972293
5709;5836;-0.787763
7247;5847;0
7248;5852;0
5714;5858;0
18159;5860;-1.30921
22281;5862;1.47517
20243;5863;-0.383193
22304;5864;0.955575
17212;5867;-0.673061
8235;5869;-0.0223691
10797;5870;-0.803702
30881;5872;-0.262073
10542;5873;-0.373343
10799;5875;-0.800737
17474;5876;-0.904027
29867;5878;-0.450664
17746;5880;-0.410518
6836;5914;0.0956113
6100;5916;-1.36912
11507;5918;-1.20411
17170;5919;-0.0682901
10775;5920;-0.901568
11031;5921;-0.323945
18741;5923;-0.215531
21569;5925;-1.25291
30632;5926;-0.488919
17989;5927;-0.571749
17479;5928;-0.32415
29100;5929;-0.441581
29868;5930;-0.472334
17481;5931;-0.347938
10810;5932;-0.524168
17995;5933;-1.22879
10813;5937;-0.334147
4949;5943;-1.51377
3670;5955;-0.0661037
3671;5958;0.0525446
17750;5970;-0.152127
18015;5972;-0.79979
30774;5978;4.32647
8161;5980;-1.16804
11516;5984;-3.104
13825;5985;-1.19402
21519;5986;0.468742
17422;5987;-0.142571
19509;5993;-3.50831
31332;6004;-0.286915
17677;6006;-0.192155
11013;6008;-0.323277
3679;6014;-1.15817
30376;6023;-0.491884
21321;6024;-1.7817
17225;6025;-0.0687964
7479;6027;0.292395
10558;6030;-0.337692
17486;6031;-0.342531
10561;6032;-0.936785
5180;6033;-2.48674
4707;6039;-1.23618
21307;6043;-1.17514
21563;6044;-0.00977664
3685;6049;-2.1302
17703;6050;0.0663329
7452;6051;-0.228883
30616;6054;-0.14221
30631;6057;-0.866833
7523;6062;-0.718695
3682;6068;-1.796
3683;6069;-2.1411
5736;6073;-2.15655
21324;6076;1.48883
6924;6084;-1.36391
4109;6085;-1.60054
17490;6087;-0.248667
10823;6088;-0.958232
5734;6091;-2.30989
3684;6094;-1.92805
5735;6095;-1.59231
3686;6097;-1.92758
8120;6100;-0.857157
4567;6105;-0.126934
17421;6113;0.23413
20240;6114;-0.146736
1897;6116;-1.37674
1898;6119;-0.942371
17215;6121;-0.673616
4151;6122;-0.812009
17751;6123;-0.180215
12625;6124;-0.156557
18797;6126;-0.29845
5737;6127;-1.44256
5738;6128;-2.17272
30095;6145;-0.574772
21322;6147;0.817296
4657;6148;-0.13334
10822;6150;-0.861786
5236;6154;-1.9998
6097;6158;-2.61667
18979;6159;0.291109
22310;6160;-0.0519698
22313;6161;0.89983
5686;6162;-2.974
8487;6165;-0.0842171
21323;6166;0.840573
30124;6167;-0.673625
21326;6168;1.37714
22360;6169;0.000252246
7540;6176;-0.196037
29026;6190;-0.658127
18199;6194;-1.57043
14102;6198;-0.396377
21332;6200;1.61981
17780;6203;-0.318208
8051;6210;-0.321121
18488;6222;-1.05571
21327;6223;1.5779
13637;6224;-0.177579
17496;6226;-0.142209
5242;6231;-1.79549
8472;6235;0.721564
28054;6236;-0.050696
10539;6239;-0.449509
11589;6241;-0.684794
10576;6242;-1.09712
10087;6245;0.0415147
29922;6246;-0.873495
21308;6249;-1.02033
8239;6251;-1.48604
5695;6253;-1.79089
17500;6254;-0.511162
5238;6256;-1.84848
14105;6258;-0.240067
20836;6261;-0.890308
4708;6262;-0.167779
5239;6288;-1.84217
20089;6291;0.106327
6099;6292;-1.21246
10969;6293;-0.801531
6101;6294;0.101179
10971;6296;-0.914214
21522;6298;0.366223
21330;6300;0.174892
21338;6301;1.61101
8519;6302;0.00359173
17248;6303;-0.387828
18785;6305;-0.326067
30405;6306;-0.804842
18050;6310;-0.418388
17795;6311;-0.51584
22410;6312;-0.126312
30778;6320;0.231853
8394;6321;0.00595278
10957;6322;-0.980339
20522;6327;-0.83221
27280;6328;-0.0725831
21325;6329;1.45458
20565;6330;0.323664
10573;6332;0.0126065
13907;6333;-0.0880465
22370;6334;1.48467
20837;6335;-0.613084
18788;6337;0.00399461
5241;6343;-2.20688
4731;6349;-2.88757
8113;6351;-0.144528
8384;6352;-1.5085
22368;6356;2.24877
10323;6358;-0.204518
30152;6359;-0.562253
17512;6360;-1.03015
8063;6365;-0.280227
18987;6374;0.0745776
8273;6377;-0.10725
29642;6378;-0.22178
8506;6384;-1.41436
6098;6415;-2.69164
5614;6416;-0.0812901
10840;6419;-0.327498
18025;6422;-0.544864
17522;6427;-0.866266
20622;6429;-1.35087
10365;6430;-0.335555
5771;6433;-2.47033
7823;6445;-0.0527099
8079;6446;0.0135505
8080;6450;-0.34345
11321;6458;-0.762285
17484;6459;0.0473437
21331;6460;0.396672
12378;6463;0.000012775
10846;6465;-0.491164
30932;6466;-0.563829
17525;6467;-0.921172
18038;6469;-0.912492
30426;6470;-0.364488
4497;6472;-0.573232
4498;6484;-0.420938
6293;6489;-1.09759
9295;6492;0.0241746
21337;6494;0.660201
14013;6501;-1.29009
11506;6502;-1.65211
6296;6504;-1.8272
8091;6505;-2.73451
22276;6506;-0.567264
21521;6508;0.252138
22303;6510;0.418934
10077;6515;-0.0498988
17776;6516;-0.394271
18036;6517;-0.568832
17530;6519;-0.48892
10623;6522;-0.34775
8254;6528;-1.47155
17297;6529;-0.29822
10375;6531;-0.536375
18839;6532;-0.0485526
18073;6533;-0.749827
17306;6534;-0.503563
27646;6535;0.069533
29950;6536;-0.344136
31231;6537;-0.689779
10894;6538;-0.470011
7826;6540;-0.240204
8507;6543;-1.69857
17538;6544;-0.320504
4248;6546;0.0210021
22314;6551;1.47515
10632;6553;-0.319024
29957;6554;-0.344052
3735;6559;-2.05011
21309;6563;0.0043681
8252;6564;0.0941217
5178;6565;-0.467185
21334;6566;-0.787445
10066;6567;-0.0729678
8281;6570;-0.582945
30434;6573;-0.337417
17536;6574;-0.784881
5995;6575;-2.06506
13691;6576;-0.631385
9288;6579;0.508218
18044;6581;-0.160822
27877;6582;-0.267649
10867;6583;-0.165115
17541;6584;-0.766822
21113;6587;-1.23864
17788;6588;-0.101117
18067;6589;-0.511459
10125;6591;0.00134922
10639;6592;-0.264895
30950;6597;-0.571749
10359;6598;-0.0670945
10936;6600;-1.06468
5822;6601;-0.733636
18457;6604;-1.06262
18458;6605;-0.559778
23862;6606;-0.0879823
11024;6607;-0.471244
11301;6608;-1.08693
8484;6609;0.101845
21329;6625;-0.756917
30413;6628;-1.16516
30414;6629;-1.1652
9319;6633;0.00718885
1949;6640;-0.804125
10280;6643;0.172855
21336;6644;0.5719
8272;6645;-1.52923
30156;6646;-0.37636
7771;6647;0.141663
18818;6648;-0.278676
19332;6649;-0.391573
19333;6650;-0.251309
18054;6651;-1.02687
21386;6652;-0.812661
11128;6653;-0.507142
5783;6654;-2.22464
22367;6659;0.479685
12376;6660;-0.487819
10361;6661;-0.244194
18313;6662;-0.895767
18829;6663;-0.0793983
19341;6664;-0.0521182
29686;6665;-0.267041
21407;6667;-0.632339
18088;6668;-0.752099
21306;6673;-0.92884
21335;6675;0.0947358
8278;6677;0.0984507
10879;6678;-0.0955462
17583;6679;-0.315976
5793;6691;-1.89995
2466;6692;-0.246014
8431;6694;-0.773462
18454;6695;-0.303236
30415;6700;-1.1652
8485;6705;0.0136332
10315;6706;-1.92933
20574;6707;0.279526
10081;6709;-0.158703
10609;6710;-0.416773
18057;6711;-0.715152
19339;6712;-0.194183
11590;6722;0.24545
8285;6725;-1.55573
30423;6726;-1.33856
10362;6727;-0.242656
16942;6743;0.233642
20278;6744;-0.108083
30151;6745;-1.59909
8535;6747;0
3678;6748;-0.633138
7553;6750;-0.534169
18100;6753;-0.225129
28120;6775;-1.11276
8090;6780;-1.89393
9275;6786;0.0480369
14069;6787;-1.54597
8260;6788;-0.681358
11602;6789;-0.543942
18072;6790;-0.767071
10900;6799;-0.615992
22454;6800;-0.659526
18717;6808;0.210925
11153;6809;-0.431759
31237;6810;-0.900016
11137;6837;-0.504482
8149;6843;-2.17073
21328;6846;-1.46486
10320;6848;-0.871958
8293;6850;-1.58647
7552;6853;-0.167088
18325;6854;-0.5746
17558;6855;-0.115284
18076;6856;-0.96668
21409;6858;-1.03586
10896;6860;-0.586193
10128;6861;-0.0905041
10649;6862;-0.232342
10906;6863;-0.163735
18090;6864;-0.533249
8355;6865;-1.62052
18106;6866;-0.379279
1956;6870;-0.577646
10672;6873;0.00103123
8385;6882;-0.191959
13641;6886;-2.4235
8517;6887;-0.910115
8269;6889;-0.839846
30411;6890;-2.1672
8286;6893;-1.07898
11114;6896;-0.114484
18819;6897;-0.222215
28662;6899;-1.62319
18079;6901;-0.360169
18083;6904;-0.84222
17063;6905;-0.418948
17320;6906;-0.447708
14033;6907;0.00021851
21512;6909;0.562743
8251;6910;0.00479585
8295;6916;-1.18181
5237;6918;-1.8496
17314;6919;-0.519116
30990;6923;-0.54487
17067;6925;-0.335899
11166;6927;-0.296954
18097;6929;-0.788425
10673;6930;0.00200788
5809;6935;-0.732019
22432;6945;0.23325
11159;6946;-0.50061
18099;6948;-0.22513
3258;6956;-1.36276
18759;6981;-0.946816
7551;6984;-0.352948
19093;6985;0.145763
18867;6987;-0.783705
22456;6988;-0.437809
17895;7003;0.339314
8294;7005;-1.69988
30994;7008;-0.568829
30230;7010;-0.0687937
18101;7011;-0.642829
17590;7012;-0.278829
17591;7013;-0.277327
17596;7014;-0.431157
5240;7024;-1.82086
10370;7025;0.0580997
17064;7026;-0.324471
8089;7027;-0.197465
17838;7028;-0.377979
18094;7029;-0.317244
18869;7030;-0.0425309
11177;7031;-0.518755
10164;7032;-0.988265
2587;7040;-1.89815
10381;7041;-0.246224
8279;7053;-1.39823
22430;7055;-0.00281962
17321;7056;-0.489807
17580;7057;-0.421915
11171;7058;-0.427594
10665;7060;-0.286917
18111;7062;-0.381575
29989;7063;-0.449835
17053;7079;-0.331571
10660;7080;-0.269621
14796;7101;-1.51866
21497;7103;-1.54154
18755;7107;-0.741251
8270;7109;-1.03156
16746;7110;-1.198
19092;7111;0.166068
10662;7112;-0.257707
30236;7113;-0.0652135
10667;7115;-0.292564
17597;7117;-0.449263
13939;7130;0.101482
30745;7134;-0.193651
5808;7135;-1.06683
14011;7136;-1.41527
18312;7140;-1.80856
30158;7144;0.0876304
22455;7148;-0.489793
13741;7162;-0.781232
10173;7166;0.260485
30736;7170;-0.0126291
17600;7172;-0.619342
3814;7183;-1.88271
18776;7191;-0.454859
22433;7193;0.44749
16037;7195;-0.949137
30751;7197;-0.169502
5805;7199;-0.991686
20934;7200;0.32359
30247;7201;-0.387309
30750;7208;-0.350917
20394;7231;-0.857895
18374;7243;-0.435081
8477;7245;-0.375827
31001;7253;-1.01651
16721;7255;0.0893415
10401;7257;-0.318124
10103;7259;-0.0247634
10426;7262;-0.136905
8282;7263;-0.715838
17603;7268;-0.551956
5807;7269;-0.649001
20679;7274;-0.349402
10165;7275;-0.963182
11175;7279;-0.501376
18110;7280;-0.380315
18378;7281;0.0409098
8265;7296;-1.0592
18789;7297;0.0400102
8297;7298;-0.970454
10102;7302;-0.0686409
18319;7304;-1.88636
5806;7314;-0.695052
20929;7320;-0.331671
10688;7323;-0.813945
16038;7327;-0.938868
13946;7337;0.953634
22450;7338;-0.297798
13677;7352;-0.41705
11906;7353;-1.67964
22369;7358;1.08092
18322;7362;-2.09764
18105;7363;-0.653068
13743;7364;-1.17764
18108;7365;-1.7659
15297;7393;0.417826
10693;7395;-0.735737
8179;7398;-0.288799
17637;7403;-0.063042
5847;7404;-0.337248
17649;7405;-0.161717
5087;7406;-0.139979
4570;7418;-2.64173
5848;7419;-1.02346
20081;7425;0.19112
5539;7427;0
14047;7428;-1.77834
3580;7429;-0.337226
21461;7450;-0.358108
7530;7476;-0.0098133
14010;7484;-1.22451
13703;7490;-0.157866
31022;7493;-0.670124
17653;7494;-0.222423
8428;7495;-0.83847
11966;7507;-2.99804
22228;7524;-0.472611
29771;7526;-0.152845
21472;7537;-1.70817
14048;7539;0.43605
12787;7540;-0.371485
18102;7544;-2.07119
28939;7552;2.10097
19195;7556;-0.641853
8476;7564;-0.221526
8221;7566;-0.0439106
10934;7591;-1.04626
10648;7603;-0.261467
20395;7604;-1.54597
8088;7605;0.0704666
30512;7607;-0.0987388
6332;7608;-1.3247
10968;7612;-0.0142385
8473;7613;-0.651223
8417;7619;-0.276247
20427;7623;0.0630709
29197;7624;-1.45639
13496;7625;-0.775884
10933;7634;-1.05266
10738;7635;-0.874788
8471;7637;-0.308094
18731;7638;-0.75555
26158;7641;-1.04725
17411;7643;-0.0805702
17141;7646;-0.0786815
8475;7647;-0.563585
8296;7649;-1.38487
3845;7653;-0.36008
19398;7660;-0.351585
13991;7662;-2.91242
13998;7663;-2.97461
5066;7664;-0.395937
13829;7667;0.425997
10166;7668;-0.94812
31278;7669;-0.374506
28211;7670;-0.816255
19776;7689;-0.241038
23364;7693;-4.20238
8353;7694;-1.41612
20918;7695;0.109528
30525;7697;-1.34635
27972;7698;-0.413644
5585;7699;-4.21941
5073;7700;0.0697346
5586;7701;-2.45577
19477;7707;-0.0235837
10987;7710;-0.414887
17899;7712;-3.56462
10980;7715;-0.490879
18682;7716;-0.50373
21410;7721;-0.632354
30998;7722;-1.91878
6063;7724;-0.325329
7378;7725;-0.210974
23310;7734;-0.156939
13335;7740;-0.527295
8210;7741;-0.222018
4581;7744;-0.77518
3841;7750;-0.52431
10918;7759;-0.802325
14012;7761;-1.44209
18376;7762;-0.751732
8085;7770;0.0362564
18900;7771;-0.181888
28232;7772;-0.859536
17417;7774;-0.234961
30574;7775;-0.227525
5113;7777;-1.16282
19775;7779;-0.411973
13920;7784;0.171526
10697;7787;-0.743117
10925;7793;-0.878963
17426;7795;-0.0112259
19194;7800;-0.667937
3842;7801;-0.508278
10726;7809;-0.232963
14060;7810;-0.722642
10917;7811;-0.98758
10674;7812;-0.103732
10687;7813;-0.887245
28725;7814;-0.964036
18898;7815;-0.453708
14056;7818;-1.22246
8253;7822;-0.474216
25148;7824;-0.639328
3102;7828;-0.621232
30779;7834;0.00136124
30529;7836;-0.173969
10691;7838;-0.110366
17430;7839;-0.438508
27515;7845;-0.292898
7955;7851;0.0958409
10928;7852;-0.833077
14009;7853;-1.43356
2779;7855;-0.427603
10733;7856;-0.439169
9974;7863;0.396212
11315;7864;-1.2721
28999;7865;-0.0677599
5147;7872;-0.344863
10721;7874;-0.881305
18738;7876;-0.331454
10718;7878;-0.682197
14054;7879;-1.17851
14055;7880;-1.00464
20796;7884;0.724715
8505;7885;-0.402323
8474;7886;-0.0768807
10948;7888;-0.652218
5068;7889;-0.780355
28235;7891;-0.574769
3838;7893;-0.321774
19196;7895;-0.62619
9973;7897;-0.0287804
6396;7898;-0.260862
31109;7900;-0.195474
8469;7901;-0.390498
11032;7902;-0.315686
10679;7905;-0.345475
13700;7907;-0.0368839
19121;7908;-1.93098
8354;7909;-2.83303
28728;7911;-0.945722
17715;7912;-0.496652
10276;7913;-0.688973
27299;7915;-0.723769
30523;7918;-1.76941
31036;7920;-1.21365
17398;7921;-0.332021
8151;7927;-0.374789
31133;7930;-0.136772
10545;7931;-0.561887
31163;7935;-0.0877996
28719;7937;-0.952694
18899;7938;-1.10834
10716;7939;-0.866524
7901;7940;-0.197273
5145;7953;-1.11897
4880;7955;-1.03365
17219;7958;-0.466639
10788;7963;-0.119526
8222;7965;-0.69691
18185;7967;-0.109076
17403;7972;-0.44351
10732;7975;-0.698208
13819;7980;-0.121093
17180;7982;-0.343511
10256;7984;0.0782884
17447;7986;-0.466567
13989;7990;-0.20377
27949;7991;-0.6791
10956;7992;-0.8097
29783;7994;-0.256888
3840;7996;-0.319473
11023;7997;-0.305693
8501;8002;-1.16375
21463;8010;0.284334
17444;8012;-0.359769
12315;8014;-1.01804
10932;8017;-0.702532
25430;8018;-0.631813
4577;8019;-2.15935
3101;8020;-0.449686
7680;8022;-1.19736
2349;8024;-0.956568
17485;8025;-0.314952
10941;8036;-0.6612
28727;8037;-0.693795
4569;8038;-1.49519
10723;8039;-0.661436
31059;8060;-0.795164
4583;8061;-0.773758
25956;8062;-0.465913
13817;8064;-0.517538
18742;8065;-0.417591
4090;8067;-0.582837
3843;8069;-0.491025
30622;8071;-0.484764
18456;8072;0.106636
7899;8073;-0.18015
11318;8078;-1.01123
10949;8082;-0.678297
10783;8084;0.195185
3098;8085;-0.198929
30368;8087;-0.660997
8181;8088;-0.458368
18165;8089;-0.104691
8492;8090;-0.201842
3844;8093;-0.469958
17186;8094;-0.317657
3637;8095;-0.671104
10058;8096;-1.24673
20830;8097;-0.671256
10776;8099;-0.846702
30349;8100;-0.68294
17971;8102;-0.489917
3099;8103;-0.175302
30362;8104;-0.0656789
7473;8105;-0.38459
21054;8106;-0.691939
17355;8107;0
13477;8108;0.090335
13789;8109;-0.819918
10743;8110;-0.884708
13374;8112;0.0265155
11319;8114;-1.1107
18978;8115;0.25967
17683;8117;-0.36926
11020;8119;-0.322564
14625;8123;-0.916168
16685;8125;0.0454891
10784;8126;-0.112
4898;8127;-2.10061
11326;8128;-0.136817
4663;8131;0.788797
11061;8133;-0.946124
4879;8135;-1.28211
11060;8136;-0.958353
11316;8137;-1.04347
18972;8145;0.0565682
6104;8147;-0.114615
10742;8148;-0.672308
15433;8153;-1.01887
4179;8154;-1.97865
18537;8156;-0.22202
22603;8159;-0.00988305
11320;8160;-1.03371
18001;8161;-0.516576
10564;8163;-0.897273
7489;8164;-0.370082
8177;8170;0.531152
8441;8179;-0.403487
3846;8181;-0.429689
29587;8182;-0.455209
10075;8183;-0.681497
17382;8190;-0.527568
4343;8191;-0.619556
19560;8193;-0.298188
1870;8194;-0.342291
10073;8195;-0.693771
28229;8203;-0.279956
5084;8204;-0.711211
31125;8205;-0.173657
3100;8206;-0.185921
23355;8207;-1.02217
10791;8208;-0.47166
3747;8213;0.086622
4390;8216;-0.201856
4391;8217;-0.200633
17927;8219;-0.283219
10094;8220;-0.49328
26209;8222;-1.0501
17213;8223;-0.55037
3894;8225;0.0416381
3135;8227;-0.707649
10059;8228;0.00545049
7881;8235;0.179061
30528;8236;-0.826893
18757;8238;-0.431467
12890;8239;-1.4439
31058;8243;-0.794128
10798;8244;-0.794402
14401;8245;-1.46305
27587;8247;0.519624
10076;8250;-0.228347
18971;8255;0.00165936
19825;8260;-0.309893
30054;8262;-0.199001
20616;8281;-0.3922
14301;8282;-0.423373
4571;8283;-3.51258
4576;8284;-2.11846
11317;8287;-1.42865
17984;8293;-0.263102
6102;8295;-3.26084
11028;8296;0.0651982
10804;8299;-0.867536
18756;8300;0.0536922
10574;8306;-0.256236
23356;8311;-0.568066
18538;8312;-0.539843
11029;8316;0.0249614
7474;8318;-0.528967
10811;8319;-0.639314
2619;8322;-0.495902
12305;8330;-1.20705
30395;8331;-0.908665
10055;8333;-1.70274
10845;8349;-0.471011
3675;8350;-2.10037
23343;8352;-0.635545
18005;8357;-0.870889
30676;8358;0
21370;8359;0.593055
19296;8362;-0.500909
18540;8363;-0.469954
21129;8366;-0.0737973
22351;8373;-0.192513
5051;8375;-0.163857
4925;8377;-0.202475
10089;8381;-0.468317
21090;8384;-1.71804
20513;8393;1.12948
10553;8395;-0.618549
7477;8396;-0.335279
9303;8398;0
21130;8402;-0.491418
17253;8408;-0.167674
7257;8410;-4.20599
3681;8412;-2.73418
10096;8418;-0.691522
7002;8422;-0.845991
2614;8431;0.0668191
10098;8433;-0.55641
3170;8443;-0.388878
7536;8444;-0.233862
20617;8445;-0.398337
13949;8446;-0.282869
10883;8449;-0.167373
8288;8458;-0.70278
3449;8461;-0.478635
30681;8469;-0.253495
9314;8472;0
5629;8473;-3.05619
30077;8474;-0.606872
5657;8475;-0.595972
8052;8481;-0.549115
10186;8487;-0.0018589
14057;8489;-0.964593
13376;8490;-0.192463
12351;8492;-1.2416
18536;8499;-0.381053
21292;8505;-0.642802
8332;8506;-0.56187
13648;8509;0.00380058
15462;8510;-0.380322
8061;8514;-0.477526
14225;8515;-1.44039
10088;8527;-0.0980929
10090;8528;-0.484311
29046;8540;-0.122658
20618;8543;-0.383148
8057;8545;-0.052459
5762;8547;-0.355655
13375;8553;-0.0606312
13377;8554;-0.11462
17743;8555;-0.696933
6973;8556;-0.181979
11882;8558;-0.95523
21148;8563;-0.469336
18535;8564;-0.349008
10097;8567;-0.199395
17963;8570;-0.462203
17497;8572;0.257139
19345;8574;-0.134714
20470;8582;-0.942524
22486;8584;-0.0417798
30786;8585;-1.16887
18163;8586;-0.264853
17420;8587;-0.392684
5631;8588;-0.0480285
13640;8591;-0.878925
18264;8592;-0.544572
18539;8593;-0.56664
5486;8596;-0.849459
10384;8597;-0.424092
18857;8605;-0.558076
14026;8608;-1.08723
10338;8612;-1.1217
13702;8613;-0.226555
6319;8617;-0.564024
21149;8619;-0.469612
10131;8632;-0.221073
19518;8642;-0.136642
10080;8654;-0.339903
17784;8655;-0.91025
8180;8667;0.537891
8352;8668;-1.81297
10911;8674;-0.16082
13372;8675;-0.16382
18762;8676;-0.283797
30885;8679;-0.174704
5321;8680;-0.290206
30790;8681;-0.423067
3097;8683;-0.44004
25011;8684;-0.511305
11875;8685;-0.0716808
3943;8686;-2.65772
28749;8699;-0.959449
5617;8701;-2.78571
4091;8703;-0.218702
27652;8704;-0.310186
16513;8720;-0.192553
10366;8721;-0.32899
10374;8722;-0.171875
29938;8726;-0.205788
31222;8729;-0.688611
5508;8737;1.47643
6792;8739;-1.06579
3229;8744;-0.159023
18856;8746;-0.613412
5780;8747;0.0233041
8359;8752;-0.489223
7549;8754;-1.46216
17990;8760;-0.488011
18006;8761;-0.531522
10111;8762;-1.22734
8205;8763;-1.25201
23179;8764;-0.8971
3668;8765;-0.199358
17598;8770;-0.391953
22213;8774;-1.97964
28759;8775;-0.95684
17442;8776;0.154346
31232;8779;-0.701175
23730;8780;0.162726
28764;8787;-0.866767
4389;8788;-0.0606105
3889;8790;-0.118081
10084;8792;0.0936911
22651;8793;-0.00864871
21392;8794;0.119328
27633;8795;-0.307509
5788;8796;-1.32793
10677;8798;0.0521081
13996;8802;-1.04751
10372;8806;-0.00381848
13751;8811;0.257471
3506;8816;-0.324667
2092;8819;-2.80475
7232;8820;-0.910821
21348;8822;0.531785
22939;8824;-0.240082
6273;8825;-0.744891
22782;8838;-1.00479
18890;8842;-0.572317
13888;8853;-0.192463
8366;8854;-0.593053
18123;8856;-0.338987
27616;8858;-0.34837
17304;8859;-0.63365
18204;8864;-0.329166
17828;8866;-0.340049
19369;8867;-0.185537
17090;8870;-0.749716
18892;8872;-0.312773
18837;8875;0.210519
18844;8876;-0.691949
6298;8878;-1.6553
29730;8880;-0.213859
29987;8881;-0.694151
10680;8882;-0.125487
17385;8883;-0.304225
6949;8884;-1.08173
10938;8885;-0.548257
23180;8890;-0.890128
18014;8894;-0.396223
15899;8902;0.477182
30948;8904;-0.634433
28933;8906;-0.605587
20651;8907;-0.12114
29968;8908;-0.608125
30646;8911;0.0129693
11299;8915;-1.02091
22350;8923;-1.01508
18382;8927;-0.505316
30892;8937;-1.0605
30939;8938;-0.226897
17793;8939;-0.912829
27647;8940;-0.104371
28170;8942;-0.56096
5411;8944;-1.11019
10626;8949;-0.341657
19408;8950;-0.167523
30883;8955;-3.71041
5698;8956;-1.10369
9312;8958;0.00149059
13499;8971;-0.727716
18125;8973;-0.510828
17620;8975;-0.175955
17880;8976;-0.536195
23181;8981;-0.353729
17611;8983;-0.221668
17363;8985;-0.803441
21534;8987;0.0103603
10117;8991;-0.490764
18884;8998;-0.803113
13242;8999;-0.0889557
12966;9010;-0.0717927
18128;9012;-0.333598
18894;9016;-0.216652
30926;9017;-0.283202
29680;9022;-0.161003
27650;9023;-0.344925
10141;9024;-0.568285
15031;9025;-0.350469
15032;9026;-0.420789
21450;9028;-0.124475
29715;9040;-0.222254
17073;9041;-0.12172
17717;9045;0.0761395
17622;9046;-0.935062
17873;9048;-0.354405
17875;9050;-0.207199
7011;9051;-1.05215
30951;9052;-0.757839
17628;9054;-0.123748
4765;9056;0.0782893
6957;9059;-1.65863
20943;9060;-0.703084
18138;9061;-0.514967
13670;9064;-0.0979042
19154;9071;-0.371679
28985;9073;-0.322127
18908;9076;-0.544506
17288;9077;-0.584953
3714;9079;-0.845435
10922;9080;-0.133186
17085;9082;-0.399794
13373;9084;-0.08302
20689;9086;0.00334961
17876;9088;0.216314
18132;9089;-0.197936
18135;9090;-0.494754
3009;9093;-0.225419
22246;9124;-0.0539886
3665;9126;-0.0830015
30776;9130;0.807651
20807;9133;-0.722288
24109;9138;-0.278543
13686;9139;-0.143592
23182;9141;-0.673503
28164;9142;-0.848497
17068;9143;-0.109865
28185;9144;-0.890173
7815;9149;-0.225181
10635;9150;-0.33503
10427;9151;-0.00285079
18385;9152;-0.585133
17881;9154;-0.638042
3010;9155;-0.188709
18532;9156;-0.169203
4464;9161;-0.849358
19681;9165;-0.486147
17624;9169;-1.09079
13561;9173;-0.712841
17712;9175;-0.36467
17890;9176;-0.438648
14534;9180;-0.340589
17882;9181;-0.708849
22245;9182;-0.0775904
5761;9186;-0.237061
27649;9187;-0.334554
17884;9190;-0.496501
10964;9191;-0.449675
18187;9288;0.149029
11310;9290;-1.41543
13752;9293;0.260587
28713;9295;-0.995952
17619;9296;-0.129739
21462;9297;0.0582
10950;9299;-0.698756
13006;9300;-1.20753
30531;9302;-0.443764
17378;9304;0.221665
5069;9305;-0.717728
10236;9311;-0.306692
23315;9313;0.0110426
29042;9314;-0.345194
5378;9315;-0.333768
21539;9321;0.638803
11026;9322;-0.336225
30091;9324;-0.547385
17960;9325;-0.283969
28821;9326;-0.0854661
5660;9327;-4.56638
10792;9328;-0.691646
4135;9330;-0.842343
29866;9336;-0.342632
6963;9337;-1.07055
2353;9338;-0.410943
10818;9340;-0.279987
15700;9342;-0.614341
5444;9343;-0.116525
2881;9344;-0.835216
3666;9346;-0.106024
3667;9347;-0.124305
8032;9348;-0.674923
12907;9353;-1.42038
12141;9356;-1.20702
17794;9357;-0.639406
23183;9358;-0.753199
28914;9359;-0.270954
21394;9360;0.585511
28663;9362;-0.136789
17814;9364;-0.727896
17817;9366;-0.152706
18334;9370;0.347724
8076;9371;-1.23479
28932;9374;0.0244211
14489;9377;0.0526495
19368;9378;-0.153566
30989;9379;-0.537216
18859;9380;-0.727727
19116;9381;-1.33414
28944;9382;0.0526647
13988;9384;-1.01454
17849;9387;-0.238262
10926;9390;-0.697987
10927;9391;-1.05011
10929;9394;-1.04124
4779;9395;-1.21284
30502;9396;-0.839385
2985;9397;-1.23542
19653;9400;-0.255337
19909;9401;-1.0995
12727;9403;-0.644015
10935;9407;-0.363861
17351;9408;-0.391926
18119;9409;-0.726308
17864;9412;-0.455798
28716;9413;0.0902517
17609;9416;-0.295207
23507;9420;-0.324362
30255;9421;-0.310827
12991;9424;-0.848091
18380;9426;-0.325742
10429;9429;-0.268847
19405;9431;-1.01652
14531;9433;-0.235153
19406;9434;-0.534545
14532;9436;-0.256193
18383;9437;-0.467497
22226;9438;-0.918965
30515;9439;-0.519031
14533;9440;-0.336446
17616;9441;-0.554201
20433;9442;-0.408543
4794;9444;-2.33173
5306;9445;-2.77067
10433;9446;-0.328366
21460;9447;-0.159297
4795;9448;-1.58873
5307;9449;-2.82117
10690;9450;-0.125061
14535;9452;-0.344082
18386;9454;-0.433161
22742;9455;-1.86001
10435;9457;-0.129396
22743;9458;-1.66204
30519;9459;-1.15022
4541;9461;-1.34307
5309;9462;-2.8781
10180;9463;-0.806701
10692;9464;0.0289985
4285;9465;-1.04632
17877;9466;0.545531
20695;9467;-1.77327
21464;9468;-0.0594439
10438;9469;-0.414856
17623;9472;-0.92507
23004;9473;-1.18962
10440;9477;-0.31486
6083;9480;-0.834196
5059;9485;-1.43788
10698;9487;-0.452722
11722;9488;-1.3212
21469;9489;-0.913254
5060;9490;-1.31011
8137;9491;0
10443;9493;-0.353634
10955;9494;-0.74991
17883;9495;-0.831122
28223;9496;-0.549891
17885;9498;-0.713904
18909;9499;-1.11304
19421;9500;0.0602553
28225;9502;-0.447669
28226;9508;-0.902561
10447;9509;-0.420639
13780;9510;-1.17762
5065;9511;-0.320678
6858;9512;-1.80917
10704;9513;-0.183361
13781;9514;-2.02709
17632;9515;-0.123754
10961;9518;-0.313361
13782;9519;-0.878878
17889;9520;-0.644571
19425;9521;-0.461134
28998;9524;-0.0834869
29766;9525;-0.1409
10707;9527;-0.135747
17379;9528;-0.526505
17635;9529;-0.258664
17636;9532;-0.321075
1994;9533;-0.523714
14554;9534;-1.23288
18149;9535;-0.0672391
26441;9536;-0.661226
19155;9538;0.72059
10710;9539;-0.673749
3022;9540;-2.79
19431;9542;-1.13838
22250;9543;-0.345221
22507;9544;0.0113801
27979;9545;-0.460578
3023;9546;-2.91155
8150;9547;-1.17151
3024;9550;-2.92551
17897;9551;-1.90077
10714;9560;-0.147862
17642;9561;-0.12965
30031;9568;-1.0542
7898;9575;-0.036033
27217;9582;-0.915775
21731;9687;0.759902
21470;9785;-0.885904
17387;9837;-0.758213
4824;9840;0.237263
28215;9879;-0.837794
26968;9880;0.0924714
18920;9922;-0.156469
18665;9923;-0.726107
2012;9925;-0.186123
18167;9926;-0.20932
10477;9927;-0.419252
30308;9988;-0.297497
17159;9989;-0.104937
10489;9991;-0.0996664
11003;9992;-0.463821