entry_id;calculation_id;band_gap
17930;10027;0
21535;10029;0
22340;10031;0
31236;10032;0
10428;10033;0
2487;10034;2.453
5308;10035;0
5057;10036;0
30780;10037;0
12908;10039;0
6868;10041;0
22256;10043;0
22259;10045;0
3801;10047;0
18162;10048;0
17908;10051;0
5086;10052;2.536
19192;10053;0
17913;10054;0
19193;10055;0
18170;10057;0
22013;10058;0.31
4580;10059;2.501
17915;10060;0
18171;10061;0
21502;10062;0
8426;10064;0
18173;10066;0
22016;10067;0.594
31333;10068;2.726
25958;10069;0
17157;10070;0
10747;10071;0
13826;10072;0
11006;10074;0
18703;10075;0
8116;10076;0
29555;10077;0
7687;10078;0
17437;10079;0
17954;10080;0
18722;10081;0
20917;10178;0
4155;10179;0
5305;10180;3.691
10185;10182;0.816
10446;10183;0
30796;10185;0
8152;10186;1.384
29006;10187;0
17644;10188;0
17652;10189;0
5088;10190;1.787
10471;10191;0
10728;10192;0
10461;10197;0
10462;10198;0
22266;10200;0
17912;10201;0
22014;10204;0.652
4837;10205;3.426
22015;10206;0.408
17917;10208;0
5608;10209;0
22017;10210;0.589
20481;10212;3.481
20482;10213;0.218
17154;10215;0
17924;10217;0
31336;10218;0
18693;10219;0
17158;10220;0
17926;10221;0
29803;10223;0
17672;10224;0
17928;10225;0
29804;10226;0
17929;10228;0
24941;10229;0
17931;10230;0
5878;10231;0
14613;10232;0
10466;10234;0
21493;10235;1.578
12278;10236;1.512
6134;10237;1.089
18189;10240;0
30065;10241;0
10494;10242;0
17934;10243;0
11008;10246;0
17681;10248;0
17937;10249;0
30581;10250;1.94
17682;10251;0
7936;10252;0
17171;10253;0
17190;10254;0
30346;10255;0
17704;10256;0
17450;10257;0
16167;10258;1.878
17452;10259;0
17965;10260;0
6431;10261;1.22
13892;10269;1.867
3294;10270;0
30573;10271;0
18714;10274;0
18716;10275;0
10463;10312;0
31062;10313;0
17151;10315;0
31335;10316;0
22302;10317;1.139
17455;10320;0
22327;10321;3.615
17749;10354;0
10474;10355;0
10989;10356;0
18175;10357;0
13815;10358;0
29575;10360;0
17206;10361;0
17988;10362;0
5370;10401;0
5403;10406;1.549
17981;10408;0
21315;10409;0
22270;10412;0.452
21511;10415;0
17945;10416;0
17179;10417;0
21813;10420;0
10537;10421;0
10473;10447;0
17405;10449;0
13818;10451;0
17947;10452;0
17972;10453;0
9510;10454;0
18181;10470;0
16382;10484;0
6901;10486;2.303
10816;10493;0
28203;10497;0
17150;10499;0
18705;10500;0
17468;10506;0
30363;10508;0
17918;10516;0
10768;10519;0
17196;10521;0
18732;10522;0
16688;10524;2.983
30123;10525;0
5429;10527;3.503
10999;10538;0
4130;10539;5.253
17472;10542;0
17728;10543;0
29096;10545;0
17477;10546;0
17675;10549;0
29821;10550;0
17953;10552;0
21804;10553;0
17465;10557;0
28988;10600;0
29033;10602;0
29037;10603;0
3853;10607;2.964
24225;10609;0
20117;10615;0
17815;10616;0
18842;10617;0
18845;10618;0
27651;10619;0
28957;10623;0
18368;10624;0
15560;10630;0
15561;10633;0
8382;10636;0
21459;10638;0
10946;10639;0
27958;10640;0
4286;10642;0
10183;10643;1.007
10184;10644;0.643
19933;10647;0.57
10958;10648;0
5833;10650;0.376
28742;10652;0
21996;10656;0
3025;10658;3.856
27214;10659;0
3026;10661;3.737
3027;10662;0
3028;10664;3.746
18925;10666;2.903
4310;10667;0
12767;10669;0.904
15080;10670;1.712
4825;10676;0.278
10464;10677;0
30292;10679;0
30805;10683;0
10722;10685;0
30295;10687;0
17140;10688;0
17142;10689;0
30810;10690;0
14572;10691;2.334
5089;10693;3.852
31068;10695;0
13293;10696;0
2015;10698;7.816
30302;10701;0
10731;10703;0
30304;10705;0
17149;10707;0
20992;10708;0
30305;10710;0
12527;10712;1.792
19710;10713;0
31074;10714;0
10992;10717;0
17152;10718;0
4843;10720;1.246
17922;10725;0
18690;10726;0
9971;10728;0
11764;10729;0
12276;10730;0
10741;10735;0
13306;10738;2.457
13820;10742;0
14849;10743;0.47
1775;10745;0
13823;10747;0
17162;10748;0
1776;10749;0
12540;10751;0
3059;10754;1.27
10748;10762;0
19212;10763;0
28016;10765;0
28528;10767;0
5879;10770;0.544
18701;10774;0
21264;10775;0
5880;10779;0
6137;10783;2.159
11007;10785;0
17679;10787;0
19215;10788;0
10752;10790;0
23317;10791;0
10753;10792;0
22805;10794;1.92
29045;10795;0
30325;10796;0
12803;10797;1.344
18706;10798;0
21269;10799;0
6141;10802;3.638
3067;10804;0.978
7937;10805;0
10500;10806;0
10756;10807;0
30286;10819;0
10717;10821;0
10503;10827;0
10759;10828;0
11015;10829;0
18711;10831;0
7941;10832;0
10504;10833;0
16663;10834;4.407
17176;10835;0
17688;10836;0
30332;10837;0
7942;10838;0
7943;10841;0
10762;10842;0
11018;10843;0
4099;10845;1.349
15125;10848;0
18715;10849;0
19483;10850;0
10764;10852;0
18460;10853;0
20766;10854;0
17181;10856;0
5897;10857;0
14100;10858;1.585
17156;10861;0
20742;10862;0
17183;10863;0
12304;10865;1.581
17440;10867;0
18720;10868;0
22307;10869;0
10769;10871;0
28805;10873;0
16414;10875;2.411
4620;10876;0.425
10771;10878;0
23336;10880;0.743
10772;10881;0
17188;10882;0
17956;10883;0
23337;10885;0.741
7954;10886;0
10773;10887;0
17957;10888;0
23338;10890;0.371
30345;10891;0
10774;10892;0
11030;10893;0
17958;10894;0
23339;10896;0.369
3086;10897;0.277
10263;10898;0
17959;10899;0
21290;10900;0
23340;10901;2.42
29835;10902;0
30859;10903;0
3087;10904;0.526
30348;10907;0
20523;10908;1.172
10522;10910;0
18986;10911;0
10010;10914;0.691
10523;10915;0
17451;10916;0
28815;10917;0
17964;10919;0
30608;10920;0.155
20014;10921;0.739
27281;10922;0
18478;10923;1.32
18479;10925;1.401
25234;10926;2.053
30355;10927;0
18480;10928;1.363
30868;10929;0
10273;10930;0
18481;10931;1.388
11298;10934;0
18482;10935;1.416
28822;10937;0
29590;10938;0
18483;10941;1.328
28824;10943;0
12582;10944;1.877
23958;10945;0.545
10534;10947;0
17975;10949;0
28827;10950;0
29083;10951;0
18489;10954;0
6948;10955;1.354
30366;10956;0
20542;10960;0
22592;10961;1.841
17469;10963;0
17726;10966;0
28834;10968;0
3110;10969;1.175
10543;10970;0
21570;10973;0
6698;10974;1.398
13620;10976;0
23366;10978;0.739
28836;10979;0
5162;10980;0
6699;10981;1.793
10289;10982;0
17985;10983;0
21316;10984;0
6700;10986;1.4
17986;10987;0
4908;10988;1.044
17732;10992;0
21319;10994;1.632
21575;10995;0
25255;10996;1.554
17221;10997;0
30377;10999;0
17222;11002;0
13114;11004;1.825
14657;11005;2.375
6450;11006;2.085
14658;11007;2.29
17224;11008;0
17480;11009;0
30380;11010;0
7476;11012;0
7990;11013;0
8503;11014;0.801
14659;11015;2.448
25260;11017;2.433
5171;11022;0
17738;11025;0
17994;11026;0
4403;11028;1.319
14661;11029;2.479
30127;11032;0
3891;11033;0
10556;11035;0
14662;11036;2.396
18252;11037;0
18508;11038;0
4405;11039;1.896
10557;11041;0
14663;11042;2.404
17229;11043;0
17741;11044;0
17997;11045;0
18509;11046;0
30129;11047;0
6200;11048;0.17
14664;11050;2.408
17998;11051;0
18510;11052;0
30386;11054;0
3126;11055;0
3382;11056;1.292
10559;11059;0
26547;11065;0.842
30387;11066;0
30643;11067;0
14666;11070;2.549
25779;11073;1.405
26548;11074;0.417
30644;11075;0.801
13894;11077;6.597
17233;11079;0
17745;11080;0
25780;11081;1.478
14668;11084;2.507
25781;11085;1.295
7744;11086;0
10307;11087;0
17491;11090;0
17747;11091;0
28855;11092;0
2362;11093;1.758
18004;11097;0
3900;11099;0
18261;11100;0
22361;11101;0
7747;11102;0.343
21081;11103;0
3391;11105;0
10312;11108;0
14402;11109;0
17752;11111;0
23390;11113;0
13646;11116;0
3649;11117;0
10570;11120;0
17498;11122;0
30398;11124;0
3138;11125;1.074
4932;11126;0.801
13391;11131;0
17243;11132;0
7496;11134;2.153
18012;11136;0
21087;11138;2.241
30400;11139;0
30656;11140;0
1858;11141;0
7497;11142;5.411
17502;11152;0
18782;11153;0
19038;11154;2.177
22536;11155;0
3142;11157;1.1
7241;11158;0
10062;11160;0
17759;11162;0
14682;11164;0
29125;11171;0
31173;11172;0
7759;11173;0
4684;11176;0
10835;11177;0
17251;11179;0
28581;11247;1.288
5428;11248;0
10750;11331;0
10560;11332;0
18000;11415;0
23395;11417;0
10814;11448;0
12371;11449;2.093
7246;11450;0
18021;11452;0
20430;11488;0
4311;11489;0
31338;11490;0
14103;11491;1.077
17765;11494;0
10587;11495;0
18029;11496;0
29905;11497;0
17518;11498;0
18031;11499;0
18034;11500;0
17524;11501;0
10819;11535;0
30424;11537;0
29914;11538;0
18039;11539;0
3167;11540;7.918
10601;11542;0
15947;11565;2.84
17775;11568;0
17777;11569;0
18037;11570;0
10602;11571;0
11117;11572;0
17533;11573;0
10093;11574;0
18815;11575;0
7498;11604;0.773
5969;11605;2.235
5970;11606;1.312
10071;11607;0
30161;11608;0
30421;11609;0
5987;11610;4.452
5478;11611;1.532
22919;11612;0
22407;11613;0.489
5487;11614;6.673
22409;11615;0
2896;11647;2.312
17544;11649;0
18314;11650;0
27476;11682;0
17507;11684;0
12372;11685;1.733
17764;11686;0
18026;11687;0
2642;11688;0
4437;11689;0.162
10345;11690;0
10099;11691;0
20619;11692;0.408
17803;11694;0
21097;11721;0
11876;11723;0
29152;11724;0
10614;11726;0
18055;11728;0
17808;11730;0
18320;11731;0
4700;11761;0
10604;11762;0
10611;11763;0
20623;11764;4.381
18066;11765;0
8280;11805;0
26847;11807;0
10100;11810;0
30964;11812;0
18834;11813;0
10118;11814;0
17303;11815;0
31227;11816;0
17504;11840;0
17769;11841;0
5716;11842;0
30682;11843;0
17286;11844;0
11130;11845;0
18074;11848;0
17227;11876;0
5981;11877;0.413
17529;11879;0
7023;11880;0
18071;11881;0
10122;11882;0
10638;11885;0
6466;11916;3.696
17514;11918;0
27614;11921;0
10349;11922;0
18046;11923;0
10618;11924;0
29948;11925;0
18081;11926;0
17057;11927;0
30569;11956;0
3061;11957;3.593
17231;11961;0
18511;11962;0
18787;11964;0
26573;11966;0
7812;11972;0
11157;11974;0
11158;11976;0
30987;11977;0
19112;11978;0
20049;11991;0
4696;11995;1.299
31226;11997;0
17569;11998;0
29195;11999;0
7834;12000;0
4612;12027;0
5148;12028;7.58
14667;12029;0
5720;12030;0
11111;12031;0
27631;12034;0
5507;12035;4.198
7825;12037;0
17578;12038;0
10655;12039;0
8276;12044;0
20846;12045;0
10355;12047;0
4466;12048;0
29167;12049;0
5764;12050;0.573
17062;12051;0
11165;12052;0
18866;12053;0
3643;12082;3.982
1876;12085;0
5217;12087;5.874
21388;12088;0
20620;12089;0.732
20621;12091;0.855
19086;12092;0
22163;12095;0
5824;12096;0
19953;12097;0
3555;12098;0
10505;12099;0
22373;12101;0
4457;12105;8.983
13429;12106;0.667
3451;12107;0
18078;12113;0
22179;12115;2.407
22182;12116;2.132
18089;12119;0
7832;12120;0
29199;12121;0
29969;12122;0
16043;12123;2.615
16045;12124;0
21687;12126;0
11173;12127;0
30235;12128;0
11180;12129;0
18109;12130;0
17342;12131;0
22431;12133;0
10641;12135;0
17582;12137;0
18878;12139;0.784
18880;12140;0
4404;12172;2.507
5717;12173;0
28881;12174;0
5722;12175;0
24284;12177;1.993
10123;12179;0
18854;12182;0
17581;12183;0
5787;12184;2.466
17333;12186;0
17589;12187;0
30238;12188;0
18112;12190;0
12373;12214;1.43
12375;12215;1.321
13690;12219;0
22678;12220;0
10663;12247;0
20575;12248;3.634
16488;12250;3.683
20083;12253;0
5225;12255;4.678
11139;12256;0
22176;12259;3.351
17568;12260;0
17573;12261;0
17065;12262;0
10652;12263;0
15014;12264;0
17599;12265;0
13918;12289;0
11368;12290;3.198
17054;12296;0
17055;12297;0
17060;12298;0
18364;12300;0
10734;12323;0
5699;12324;1.547
18042;12326;0
16771;12327;0
22452;12330;0.472
18098;12331;0
30930;12366;0
21576;12368;0.578
30921;12369;0
17264;12370;0
5218;12371;0
28390;12372;0
17560;12373;0
22045;12400;2.483
4658;12401;4.434
22372;12403;0
13671;12405;0
10347;12406;0
22428;12411;0
10650;12412;0
10658;12413;0
20403;12414;0
8105;12416;0
17720;12442;0
28628;12443;0
8039;12445;0
12668;12447;0
19859;12448;0
27645;12450;0
14241;12451;0
17588;12452;0
25372;12453;1.274
18875;12454;0
19391;12455;0
6316;12456;0
5554;12457;2.548
19460;12481;0
17531;12485;0
24544;12486;2.152
5763;12490;0.543
20637;12491;0
30719;12492;0
17829;12493;0
23725;12494;0.984
7828;12495;0
21688;12498;0
18358;12499;0
4772;12500;0.846
18367;12501;0
13749;12502;0
20436;12505;1.532
19462;12514;0
21291;12515;0
3872;12516;0
26833;12518;1.769
10083;12520;0
30684;12521;0
28171;12523;0
10664;12527;0
16596;12551;0
21057;12553;0
22378;12556;0
18794;12557;0
21106;12558;0
17534;12559;0
20632;12562;0
7817;12564;0
17595;12566;0
8367;12567;1.084
20169;12568;1.047
8398;12569;0
10765;12583;0
5216;12586;0
4724;12588;0
18855;12591;0
17078;12593;0
18360;12594;0
10172;12595;0
19409;12596;0
25652;12597;0.915
3031;12599;0.801
18268;12621;0
18793;12622;0
30685;12623;0
11990;12626;0
3032;12627;0.759
13668;12660;0
19087;12662;0
20631;12664;0
10389;12665;0
10653;12668;0
19382;12672;0.8
3493;12673;0
18926;12696;2.912
18484;12698;0
14990;12700;0
10386;12701;0
29201;12703;0
16042;12704;2.611
20674;12706;0
18928;12710;0
31053;12735;0
20633;12739;0
7813;12740;0
29193;12741;0
8412;12744;0
17269;12776;0
17273;12777;0
24283;12778;1.957
17275;12779;0
13178;12781;0.972
11134;12782;0
18359;12785;0
30752;12786;0
5555;12787;3.615
10431;12788;0
2743;12789;0
18910;12790;0
6610;12792;3.123
4619;12811;0.974
20573;12812;0
17263;12813;0
10608;12815;0
16807;12816;0
10651;12817;0
8402;12819;0
20492;12846;0
18013;12847;0
2631;12848;0
13692;12850;0
16785;12851;1.44
18835;12852;0
17587;12855;0
17592;12856;0
12273;12860;2.245
26834;12888;1.527
20634;12891;0
10120;12892;0
10385;12894;0
10644;12895;0
17072;12896;0
18363;12898;0
8407;12900;0
10531;12923;0
20638;12925;1.709
11162;12926;0
7918;12928;0
19012;12951;0
19037;12952;2.619
28910;12954;0
18063;12956;0
30458;12957;0
6278;12958;1.151
7829;12959;0
5553;12962;2.55
12263;12963;4.663
11144;12967;0
17579;12968;0
11467;12989;1.848
6609;12990;3.03
19705;12991;0
19454;12992;0
6890;12993;1.446
6891;12994;0.451
7149;12995;2.362
6392;12996;1.181
24280;12998;2.045
11120;12999;0
18362;13000;0
6622;13002;0
28901;13009;0
17792;13010;0
6126;13011;1.881
7656;13013;0
11133;13026;0
4313;13052;0
16415;13054;0
21058;13055;0
9276;13056;0
13639;13057;0
9307;13059;0
29699;13066;0
28684;13068;0
17850;13071;0
8397;13073;0
3033;13075;0.693
18946;13076;0
6219;13079;0.737
11110;13080;0
15217;13081;0
30945;13082;0
17302;13083;0
20636;13084;0
19717;13087;0
17800;13094;0
23548;13095;0
25397;13097;0
20456;13098;2.718
2275;13099;0
13042;13100;0
17300;13102;0
2183;13103;1.467
18361;13104;0
13238;13107;2.206
11194;13108;0
6611;13109;3.713
16895;13110;2.997
7923;13111;0
7924;13112;0
7410;13113;1.81
8456;13116;0
20775;13126;5.317
28908;13129;0
17816;13130;0
17823;13132;0
2185;13133;1.547
18874;13134;0
5030;13135;0.326
7916;13136;0
8453;13138;0
8459;13140;0
5640;13141;0
5647;13142;1.535
10864;13157;0
8047;13165;0.322
20905;13166;2.394
11711;13167;0
2517;13168;1.727
8420;13169;0
13828;13170;0
31352;13171;0
17145;13173;0
18429;13174;0
18028;13178;0
11669;13180;2.473
22278;13197;0
8436;13198;2.996
13573;13199;0.24
20652;13202;0
10661;13211;0
16047;13213;0
14519;13215;0.592
1706;13216;0
15895;13219;0
5638;13220;0
5639;13221;0
5646;13222;7.853
19407;13228;0
12126;13230;1.286
10107;13232;2.421
17820;13235;0
5255;13236;4.691
10387;13237;0
13212;13239;0
13984;13240;0
6297;13241;0
18356;13242;0
11714;13244;0
13268;13245;4.07
8411;13246;0
14824;13247;0
16112;13248;0
5628;13249;0
8448;13250;0
24438;13251;0
8454;13254;0
21788;13255;0
4705;13259;0
17280;13260;0
30437;13261;0
28649;13264;0
17809;13265;0
8202;13266;1.617
5642;13267;1.619
8209;13268;0
16169;13269;0
31224;13274;0
13209;13275;2.299
13210;13276;2.223
17075;13278;0
30746;13279;0
17084;13280;0
20168;13282;0
7352;13283;0
8419;13284;0
2794;13285;0
5637;13287;0
8457;13288;0
19996;13289;0
18718;13290;0
9999;13291;1.599
5644;13292;1.794
12279;13303;0
19147;13311;0
18392;13312;0
12748;13313;0
21805;13315;0
17283;13320;0
20899;13323;0
4778;13327;2.11
8400;13328;0
19719;13329;1.572
10488;13330;0
5645;13331;1.754
17322;13348;0
30251;13350;0
19752;13355;3.585
17144;13376;0
12529;13377;1.743
19211;13378;0
17271;13380;0
30947;13381;0
10634;13383;0
10640;13384;0
10646;13385;0
10656;13387;0
10919;13389;0.408
14007;13390;0
16110;13393;0
8449;13394;0
13843;13400;0
5643;13401;1.906
13850;13402;0
5908;13403;2.714
3092;13406;0
2939;13410;0
24066;13411;1.101
8092;13412;0
18416;13414;0
27992;13415;0
17146;13447;0
17278;13450;0
24067;13451;1.215
30532;13454;0
8446;13455;0
21789;13457;0
8467;13458;0
3854;13459;0
16944;13460;1
10329;13484;0
6277;13485;1.249
2184;13486;1.467
11670;13487;2.46
4502;13488;4.119
10657;13489;0
18355;13490;0
30516;13494;0
9947;13497;0
3798;13498;0
29780;13499;1.39
21254;13501;0
2798;13502;0
8444;13503;0
8445;13504;0
8447;13505;0
2061;13506;0.205
7782;13516;0
23434;13517;0
10363;13518;0
18828;13519;0
18876;13521;0
27947;13522;0
1709;13523;0
25651;13524;0.858
14041;13525;0
18699;13527;0
5630;13529;0
25672;1352933;3.024
8208;13532;2.125
3341;13533;0
8219;13535;0
21296;13537;0
16946;13538;1.066
2080;13541;0.185
7775;13558;0
4722;13560;5.592
18852;13561;0
13475;13562;0.632
11168;13563;0
7584;13564;0
23872;13567;0
21623;13580;0
21446;13582;0
30830;13586;0
13853;13590;0
16943;13591;1.313
17508;13610;0
18821;13611;0
13215;13612;1.559
29545;13613;0
10264;13614;0.782
8224;13616;0
5671;13618;2.277
5672;13620;1.751
6441;13634;4.612
9623;13636;0
21102;13641;0.251
10633;13643;0
13213;13644;2.361
21175;13645;0
31030;13646;0
18390;13647;0
8406;13648;0
16108;13650;0
22279;13651;0
5400;13654;0
17292;13656;0
13758;13658;4.593
18389;13659;0
18227;13661;0.49
19000;13662;0
30863;13678;0
17879;13681;0
9938;13682;0
16109;13683;0
2800;13684;0
20778;13686;0
16945;13688;1.017
4639;13689;0
8231;13690;0
13108;13691;0
29910;13719;0
30995;13721;0
25369;13723;2.246
1708;13726;0
18391;13727;0
16374;13728;0
15624;13729;0
15626;13730;0
28029;13731;0
7435;13732;0
6932;13733;0
2352;13734;0.721
11174;13741;0
22505;13743;0
8225;13745;0
8491;13748;0
18239;13749;0.881
10343;13766;1.831
10643;13769;0
18426;13780;0
19459;13781;0
29818;13782;0
5380;13784;0
25072;13785;0
13192;13787;2.552
31031;13789;0
16111;13790;0
12310;13791;0
20779;13793;0
8220;13794;0
13872;13795;0
29542;13797;0
31342;13798;0
8233;13800;0
25246;13801;1.966
5424;13802;1.689
7217;13803;0.721
20773;13813;5.495
14660;13814;0
8027;13815;0
10335;13816;1.738
31029;13820;0
31134;13840;0
26784;13841;0
21841;13845;6.549
9939;13846;0
18409;13847;0
13191;13848;0
26439;13859;0
2767;13860;0
13214;13866;2.404
11176;13867;0
18415;13868;0
30351;13869;0
8230;13871;0
22588;13872;4.106
5676;13873;0
14070;13876;0
24278;13877;2.471
4967;13878;0
4206;13879;1.266
12776;13881;4.067
21080;13898;3.327
2801;13900;0
4704;13951;0.791
25071;13968;0
5379;13977;0
22335;13978;1.205
5719;13979;0
4723;13981;5.341
10619;13982;0
28916;13983;0
25373;13991;2.19
20960;14009;1.911
23316;14016;1.039
4461;14017;1.445
13694;14018;0
1960;14022;1.589
19148;14023;3.285
27964;14024;0
12749;14025;0
9940;14026;0
18438;14051;0
16782;14057;1.817
16044;14059;0
25370;14060;2.372
18412;14064;0
18414;14065;0
8443;14074;0
15625;14075;0
22811;14076;5.018
7950;14078;0
17955;14083;0
4364;14084;1.806
8468;14085;0
6161;14086;0
12311;14087;0
2062;14088;0.143
12830;14089;0
22323;14090;0
24469;14091;0
15020;14095;0
1704;14096;0
18398;14097;0
18399;14098;0
2799;14100;0.3
30833;14101;0
29557;14102;0
15640;14103;0.627
16949;14104;0
29594;14105;0
3105;14107;1.69
13875;14109;0
27810;14110;0
11567;14112;2.587
13877;14113;0
5423;14115;1.685
22090;14118;0
12601;14120;0
19784;14121;6.719
5683;14122;0
5684;14124;0
22093;14125;0
18388;14128;0
15602;14129;0
15623;14130;0
18763;14134;0
5950;14144;1.313
11333;14145;0
5696;14146;3.85
25790;14147;4.161
19550;14149;0.426
27902;14160;0
21445;14161;0
5910;14163;0
3870;14164;0
13905;14166;0
12884;14169;0
23143;14170;3.139
25371;14204;1.748
20503;14207;0
16784;14247;1.46
19090;14248;0
20449;14249;4.008
16953;14252;0.922
3874;14253;0
10554;14254;0
18831;14290;2.618
28028;14294;0
5651;14295;3.453
5952;14297;1.312
13911;14298;0.48
18400;14324;0
10021;14328;0
30371;14330;0
13904;14332;0
10636;14349;0
8571;14357;0
6483;14373;3.912
18848;14376;0
8229;14377;0
29596;14378;0
27577;14381;0
16984;14382;0.94
23404;14383;0
10074;14385;2.743
18405;14393;0
30542;14394;0
4703;14397;0.354
27984;14398;0
30829;14399;0
8217;14402;0
22324;14405;0
30103;14406;0
13865;14407;3.143
13866;14408;0
15265;14416;0
14901;14417;0
13927;14420;4.607
13928;14421;4.588
8226;14422;0
30507;14426;0
18413;14427;0
16956;14428;0.403
18862;14430;0.819
13797;14431;0
25799;14432;0
20086;14434;1.819
20087;14435;1.469
5220;14448;1.719
5949;14450;1.025
5694;14451;1.996
5953;14452;0.362
27963;14453;0
28228;14454;0
5465;14456;0.704
17839;14467;0
18191;14469;0
16955;14470;0.61
13624;14472;0
15722;14486;0.625
27777;14487;0
10254;14488;1.211
10026;14489;0
5948;14490;1.023
25798;14491;0
28013;14494;0
16954;14495;1.014
5951;14496;0.841
20057;14497;0
13208;14502;2.253
16880;14503;0
2853;14504;7.887
13659;14507;0
13660;14508;0
22638;14509;0.751
5466;14510;0.656
10828;14515;0
6746;14516;0
5222;14517;1.013
4199;14518;1.887
22643;14529;0
19551;14539;0.426
9950;14548;0
30104;14549;0
10027;14551;0
6745;14552;0
5219;14553;3.553
5221;14560;3.317
22087;14561;0
7379;14572;0
8232;14573;0
22086;14580;0
7997;14581;0
14158;14582;0
30620;14589;0
10024;14590;0
13658;14593;0
6747;14594;0
31353;14598;0
21389;14603;0
28147;14604;0
24068;14605;1.332
18879;14606;0
5331;14608;2.267
18936;14609;0
16643;14610;0
28039;14612;0
30135;14613;0
13661;14614;0
30557;14624;0
20486;14625;0
22091;14629;0
29593;14632;0
23377;14633;0
13400;14635;3.761
13915;14636;0
6744;14638;0
20795;14641;0
5679;14642;3.273
5775;14643;6.421
21173;14644;0
8228;14645;0
10023;14646;0
30941;14649;0
13938;14650;0
22670;14651;6.973
7406;14668;0.36
10546;14669;0
2403;14670;0
30807;14680;0
16761;14683;0
16760;14684;0
17767;14690;0
31223;14691;0
19146;14699;3.295
16616;14702;0.825
18212;14704;0
11311;14705;0
6770;14706;1.314
4219;14707;4.102
19355;14708;0
18437;14711;0
5381;14712;0
13935;14713;0
10627;14722;0
13919;14724;0
25302;14725;0
16758;14726;0
16947;14728;0.716
16709;14730;2.3
10050;14732;0
16467;14733;0
13913;14734;0
16739;14735;0
13401;14736;4.077
16759;14737;0
12721;14747;0.735
2766;14755;0
11195;14756;0
7181;14757;0
13854;14758;0
10565;14759;0
25125;14761;0
16327;14763;2.469
14825;14764;0.287
17172;14765;0
13844;14766;0
25536;14767;0
16737;14768;0
21094;14769;0
17034;14771;0
6023;14774;5.582
18777;14780;0
30141;14781;0
13200;14784;2.601
21447;14785;0
3756;14786;1.239
6125;14787;1.879
13058;14788;0
16345;14795;1.812
22092;14797;0
8304;14799;0
16479;14803;0
26481;14804;0
13957;14806;0
13958;14807;0
28085;14821;0
7660;14827;0
24279;14830;1.945
31204;14831;0
28212;14832;0
30832;14834;0
5984;14836;1.941
8303;14837;0
27373;14838;0.166
13960;14839;0
13963;14841;0
29012;14862;0
13845;14870;0
20293;14873;4.338
30383;14874;0
30131;14875;0
29882;14876;0
26353;14880;0
8334;14881;0
5732;14894;0
3855;14897;0
28558;14898;0
5682;14899;1.478
10332;14900;0
5500;14902;0
13961;14903;0
30768;14907;0
6384;14909;1.245
27583;14910;0
30510;14917;0
27021;14919;1.604
5930;14920;0.983
14064;14927;0
20485;14928;0
10022;14937;0
13869;14938;0
20294;14940;4.402
13966;14943;0
18853;14946;0
1705;14960;0
29077;14961;0
18760;14962;0
16642;14991;0
13822;14993;0
30248;14994;0
28014;14996;0
30849;14997;0
20292;14999;4.256
20297;15000;4.468
8509;15001;0
18778;15003;0
25540;15004;0
15711;15005;0
5204;15017;4.274
12694;15019;0.509
21918;15031;2.051
28172;15032;0
26349;15033;0
28011;15036;0
27807;15037;0
13874;15038;0
27553;15039;0
20295;15040;4.468
10049;15042;0
30140;15043;0
29898;15046;0
17259;15047;0
14042;15053;0
13055;15054;0
13059;15055;0
13886;15056;0
6742;15057;0
22920;15058;0
13956;15059;0
13959;15060;0
10391;15062;0
4753;15063;0
5463;15072;1.324
16783;15073;1.462
18425;15081;0
17033;15082;0
28083;15091;0
6899;15094;2.92
13848;15095;0
13879;15096;0
30374;15097;0
30663;15098;0
18814;15099;0
6769;15100;0
13955;15102;0
6025;15105;5.284
20145;15107;1.271
29117;15115;0
29118;15116;0
12413;15117;0
5247;15118;0
27137;15124;0
2694;15126;5.25
17709;15129;0
6170;15130;0
24024;15131;0.703
3680;15132;1.506
30623;15135;0
29019;15138;0
13849;15143;0
30901;15144;0
13812;15148;0
30903;15152;0
1857;15153;0.622
18781;15154;0
2641;15157;0
16763;15159;0
5392;15180;0
3359;15181;1.734
24026;15183;0.616
30694;15184;0
5233;15185;0
13970;15194;0
8333;15196;0
11672;15197;1.383
8346;15198;0
19667;15202;0
3856;15205;0
3890;15208;0
29155;15211;0
6743;15213;0
17032;15214;0
28915;15219;0
28417;15222;0
4495;15224;1.201
4496;15225;2.013
11673;15226;1.022
7321;15227;4.027
4771;15240;1.014
13695;15241;0
17825;15243;0
24061;15245;2.761
14248;15248;0.658
8362;15254;0
20487;15258;0
13060;15259;0
30898;15260;0
18526;15262;0
14436;15264;0
25303;15265;0
29637;15269;0
13923;15270;0
10860;15272;0
7289;15273;0
13994;15274;0
11671;15275;2.205
12426;15281;0.43
10144;15283;0
18534;15287;0
4970;15288;1.581
6520;15294;1.523
14226;15295;0
30392;15296;0
21109;15298;0
21174;15307;0.543
14539;15308;0
11468;15309;2.366
11248;15310;0
18436;15311;0
20747;15312;0
13065;15313;0
12826;15314;1.213
6174;15315;3.06
13901;15317;0
29133;15318;0
28947;15319;0
4347;15332;0
30894;15334;3.34
10342;15336;0
4754;15337;0
20661;15338;0
16829;15339;0
19334;15341;0
27808;15342;0
13962;15345;0
8345;15346;0
30826;15357;0
10110;15364;0
31174;15367;0
14503;15370;0.933
13873;15384;0
23917;15391;0
20296;15403;4.529
5544;15405;1.748
4145;15411;1.821
10306;15413;0
10849;15415;0
19119;15419;2.169
19120;15420;1.853
10146;15421;0
27098;15443;2.348
15069;15447;0
6616;15448;0
30306;15449;0
13064;15451;0
15780;15456;0
15783;15457;0
10399;15460;0
20915;15462;0
25537;15471;0
7265;15473;1.131
19831;15474;0
15282;15479;1.897
10152;15480;0
5541;15481;0
10740;15491;0
3581;15492;3.4
17804;15494;0
13981;15495;0
15781;15496;0
15782;15497;0
19118;15498;0
19145;15509;3.229
26391;15516;0
30707;15518;0
3729;15519;0
19832;15527;0
2476;15534;1.906
23737;15548;0
13878;15552;0
29094;15553;0
10292;15554;0
29967;15571;0
25304;15572;0
13056;15573;0
16983;15575;0.319
10145;15577;0
13856;15587;0
30397;15590;0
18402;15593;0
30904;15594;0
10154;15595;0
21268;15600;5.356
18309;15601;0
13834;15605;0
27099;15608;0
13857;15609;0
27551;15624;0
10153;15626;0
10157;15628;0
20914;15631;0
10151;15633;0
8094;15634;0
15796;15637;0.489
20912;15638;0
15795;15639;0.74
10150;15640;0
11042;15641;0
8361;15642;0
20913;15643;0
13902;15645;0
10158;15647;0
30641;15648;0
30942;15649;0
11041;15650;1.038
31221;15673;0
17772;15676;0
8338;15678;0
17911;15679;0
5470;15680;4.049
4940;15682;1.376
4357;15683;0
27360;15685;0
27366;15693;0
18410;15694;0
18315;15697;0
30861;15698;0
4774;15707;0
27773;15722;0
19839;15724;3.246
1904;15732;2.84
28419;15740;0
11625;15741;0
18317;15742;0
29902;15743;0
5678;15744;0
5002;15745;0.713
14066;15746;0
25538;15747;0
26314;15748;0
10408;15749;0
30853;15759;0
11131;15766;0
4757;15768;0
30943;15771;0
18342;15772;0
10410;15773;0
13847;15778;0
30935;15779;0
30884;15788;0
8496;15790;0
18340;15792;0
10148;15793;0
27594;15804;0
13833;15805;0
28074;15814;0
14262;15817;2.292
3696;15819;3.16
20298;15824;4.472
27365;15825;0
4205;15830;2.087
16542;15831;0
25313;15835;3.426
10394;15838;0
13903;15847;0
20974;15852;0
3728;15853;0
27354;15857;0
25378;15858;3.355
10485;15859;0
11439;15860;0
30653;15869;0
27973;15871;0
20291;15872;4.304
30955;15873;0
14238;15875;0.309
5203;15878;3.962
27550;15881;0
30142;15882;0
29149;15887;0
15495;15890;0
27548;15891;0
26621;15892;0
27626;15895;0
13882;15898;0
8000;15900;0
21609;15904;0
27367;15905;0
10109;15906;0
8043;15911;0
18424;15917;0
2768;15918;0
15225;15924;0
30956;15927;0
19311;15929;0
28342;15938;0
18337;15941;0
17317;15951;0
4852;15952;2.224
27355;15958;0
19335;15960;0
7599;15961;1.204
22994;15963;0
19161;15967;0
30119;15968;0
19310;15970;0
30698;15971;0
29168;15972;0
18338;15974;0
3727;15975;0
24615;15977;0
2475;15978;1.745
2477;15979;1.201
12475;15983;5.974
2481;15984;0.726
15045;15985;0
2482;15986;3.671
5046;15994;4.474
13766;15995;0
13814;15998;0
30075;15999;0
7853;16000;0
6327;16002;0
16840;16017;0
25132;16018;0
30929;16021;0
28180;16022;0
29992;16023;0
13652;16025;0
18527;16026;0
13205;16032;0
30037;16033;0
30082;16034;0
2222;16047;0
4524;16051;3.494
2478;16052;1.322
18339;16056;0
31180;16057;0
17692;16074;0
12624;16076;0
30671;16080;0
10592;16081;0
20082;16082;0
19828;16083;0
30173;16084;0
19326;16085;0
28132;16086;0
18305;16087;0
18307;16088;0
27627;16090;0
3699;16091;3.123
3700;16092;0
18062;16093;0
28162;16094;0
22187;16095;0
17076;16096;0
28191;16097;0
30496;16098;0
17082;16101;0
16318;16103;1.615
6317;16104;0
25126;16105;0
19141;16106;3.114
19143;16109;3.137
18395;16110;0
18401;16111;0
4050;16114;2.939
7641;16116;0
4830;16117;0
15604;16118;0
14065;16120;0
7921;16122;0
23309;16124;0
10755;16128;0
10760;16129;0
18022;16131;0
3698;16134;3.097
18833;16135;0
11148;16136;0
10642;16137;0
20396;16138;1.101
15019;16140;0
21179;16142;1.812
27193;16146;0
2762;16147;0
28236;16149;0
30799;16151;0
29776;16152;0
7642;16154;0
7643;16155;0
29778;16156;0
29779;16157;0
18934;16158;0
31322;16159;0
3303;16161;0
30839;16163;0
3582;16164;1.959
26237;16166;0
30847;16167;0
6411;16170;0
27297;16171;0
28899;16173;0
29165;16174;0
3697;16175;3.158
30802;16176;0
29540;16178;0
3304;16179;0
3307;16180;1.755
4853;16182;0
13061;16185;0
30842;16186;0
30083;16188;0
18466;16190;0
30088;16191;0
23908;16192;0
30089;16193;0
23919;16194;0
27022;16195;1.105
3865;16198;0
18739;16199;0
20794;16201;0
20798;16203;0
30112;16205;0
20288;16206;0
3112;16208;4.402
20290;16209;4.375
30893;16216;3.091
29872;16218;0
30642;16223;0
10046;16224;0
24497;16225;0
29621;16226;0
30902;16227;0
30952;16228;0
28848;16230;0
10309;16231;0
30394;16232;0
19032;16234;0
30396;16235;3.128
11595;16237;1.143
13906;16238;0
27073;16239;0
13651;16240;0
27074;16241;0
25541;16242;0
27590;16243;0
17763;16245;0
3659;16247;0
4941;16248;1.266
5455;16250;3.844
30605;16251;0
20797;16252;0
10979;16255;0
26482;16256;0
12568;16258;0.814
23914;16259;0
18242;16262;0
27822;16264;0
20814;16265;0
13916;16266;0
13917;16267;0
17258;16268;0
12124;16269;2.823
20847;16271;0
13666;16272;0
13922;16273;0
14435;16275;0
2902;16276;3.262
21107;16278;0
28117;16279;0
10360;16281;0
30797;16282;0
13810;16283;0
26731;16284;0
30074;16285;0
3660;16287;0
10337;16288;0
4187;16289;0
16754;16290;0
21110;16291;0
10852;16292;0
19572;16293;1.001
18549;16294;0
7264;16295;0.957
16757;16296;0
18550;16298;0
24025;16300;0.744
7266;16301;0.95
15476;16302;0
27356;16303;0
27358;16305;0
7944;16307;0
30918;16308;1.237
24281;16309;1.956
24617;16315;0.866
23523;16318;0.356
22088;16327;0
22089;16328;0
13662;16330;0
29918;16332;0
22912;16334;0
27359;16335;0
13937;16337;0
8042;16338;0
27361;16339;0
10863;16342;0
19840;16344;3.967
30640;16346;0
10044;16347;0
10045;16348;0
21380;16349;1.27
27109;16350;0
28136;16352;0
28392;16353;0
28648;16354;0
30696;16355;0
7026;16357;0
30445;16361;0
2928;16362;2.041
30702;16364;0
13439;16365;0
27120;16368;0
10108;16369;0
14727;16370;0
15497;16371;0
2420;16372;0
11902;16373;0
26354;16374;0
27122;16375;0
27763;16377;0
14730;16381;0
14731;16382;0
28152;16384;0
17813;16385;0
29689;16386;0
7299;16390;0
30973;16391;0
13967;16392;0
28414;16395;0
13968;16398;0
13969;16400;0
30976;16402;0
30465;16405;0
30978;16407;0
3206;16408;0.517
11152;16412;0
18336;16413;0
28420;16414;0
12435;16424;0
16543;16425;4.003
4237;16428;1.552
20904;16429;0
30217;16430;0
27146;16431;0.488
30474;16432;0
18343;16434;0
14237;16435;0.191
18344;16436;0
27916;16437;0
30477;16439;0
12443;16441;0
18346;16443;0
18347;16447;0
27357;16448;0
27871;16449;0
30223;16450;0
30479;16451;0
15784;16453;1.955
28176;16455;0
7578;16457;0
15785;16458;1.916
27921;16459;0
10654;16461;0
30483;16463;0
10143;16465;0
11424;16466;0
15788;16467;1.337
30484;16468;0
11425;16470;0
15789;16471;1.409
30229;16472;0
15790;16474;1.189
10403;16476;0
10147;16478;0
30489;16482;0
4254;16484;0
10149;16486;0
30234;16489;0
4255;16490;0
15496;16497;0
30492;16501;0
30493;16503;0
10666;16504;0
11434;16505;3.917
12973;16506;0
26141;16507;0
29982;16508;0
30494;16509;0
17851;16510;0
20156;16511;4.72
4773;16514;2.297
7593;16515;0
10156;16520;0
29985;16524;0
31009;16525;0
19646;16529;0
31010;16530;0
6313;16532;0
18330;16537;0
30974;16538;0
18332;16539;0
30243;16543;0
31011;16544;0
6314;16545;3.518
16316;16548;1.385
14518;16552;1.016
17858;16556;0
27430;16560;0
28198;16561;0
18115;16567;0
18627;16568;0
22471;16570;0
28199;16572;0
30759;16573;0
17604;16574;0
18116;16575;0
18628;16576;0
20678;16578;0
27432;16579;0
28200;16580;0
5206;16582;2.221
20654;16585;0
1700;16587;0
28456;16588;0
18629;16589;0
18885;16590;0
27433;16591;0
30249;16592;0
13755;16594;5.183
18630;16595;0
21705;16596;3.516
30250;16598;0
17863;16600;0
29995;16602;0
13757;16603;2.134
18888;16604;0
19400;16605;0
2479;16607;0.424
7347;16608;0
17865;16610;0
28717;16612;0
29997;16613;0
30509;16614;0
4274;16616;1.859
17866;16618;0
30254;16620;0
6069;16621;1.323
30740;16623;0
30488;16626;0
28186;16628;0
21434;16629;0.222
6070;16633;0
10684;16634;0
13504;16635;0
18124;16636;0
13505;16639;0
18893;16640;0
26160;16641;0
29745;16643;0
31281;16644;0
7867;16647;1.004
2741;16650;0
13507;16652;0
29747;16654;0
4024;16655;2.93
6074;16656;4.281
11968;16659;0.642
22484;16661;0
28980;16663;0
27423;16666;0
8107;16668;0.31
6075;16671;1.944
17617;16672;0
18897;16673;0
19665;16674;0
22741;16675;4.637
27189;16676;2.278
6076;16677;2.13
15309;16678;0
7872;16684;0
15310;16685;0
29752;16694;0
15312;16697;0
17365;16698;0
28217;16699;0
3517;16701;0
6080;16702;5.173
7875;16704;0
15826;16708;0
17366;16709;0
30650;16712;0
29990;16717;0
6061;16718;0
27431;16721;0
4800;16725;3.955
3263;16730;4.105
3008;16737;0
4294;16786;0
3015;16802;0
18626;16806;0
2761;16832;0.529
30970;16853;0
28468;16859;0
4025;16860;1.816
2509;16873;0
7102;16903;0
4052;16913;0
3541;16932;0
3542;16940;0
3543;16947;0
4827;16969;0.171
2777;16979;0
3292;16999;1.552
4832;17015;0
3297;17034;0.352
18525;17043;0
3815;17076;0
4585;17077;0
4586;17081;0
4238;17092;0
2027;17110;1.471
3309;17111;0
1772;17116;0
3310;17117;0
3567;17125;0
4849;17126;2.924
3570;17152;0
2802;17159;0
2803;17169;0.222
2804;17178;0.766
27986;17186;1.142
2805;17187;0.403
2806;17195;0.935
3575;17196;0
2038;17203;1.78
2808;17214;1.065
2809;17222;0.657
2044;17258;0
2814;17266;0
29541;17277;0
17614;17278;0
2564;17291;0
7119;17296;0
18449;17307;0
27368;17309;0
18838;17310;0
13508;17316;0
22225;17317;0
6875;17318;3.574
12257;17319;3.153
6876;17320;3.331
2566;17327;0
15580;17336;2.677
11437;17338;0
4535;17345;0
7611;17346;0
18137;17347;0
18143;17348;0
1800;17349;0.537
3949;17351;1.19
11135;17354;0
18240;17355;0
6867;17358;0
1727;17359;3.003
20713;17360;1.485
31045;17366;0
3056;17371;0
27851;17391;0
3593;17396;0
3597;17397;7.339
1802;17399;0.534
26953;17400;1.757
10230;17401;4.797
21263;17402;0
18448;17408;0
1216058;2454;0
1216098;2689;0
4698;3346;11.91
8130;3588;0
8132;3592;0
8203;3612;7.487
7503;3619;0
8533;3620;0
7517;3624;0
8082;3629;0
8086;3637;11.657
8100;3638;0
12054;3681;13.5
8500;3697;0
7514;3721;0
9566;3723;0
9320;3726;0
10106;3729;0
8586;3732;0
17350;3749;0
12055;3763;14.115
16720;3788;0
7513;3794;0
7521;3798;0
17319;3804;0
22514;3829;0
22516;3833;0
7505;3845;0
7512;3847;0
7519;3849;0
7522;3853;0
6321;3859;2.083
5810;3861;0
18114;3908;0
22472;3911;0
8391;3976;0
7509;3977;0
7520;3980;0
17859;3981;0
10676;3983;0
17860;3984;0
6320;3986;1.62
10678;3987;0
17352;3991;0
10681;3992;0
10937;3994;0
21452;3995;0
17610;3997;0
10683;3998;0
18891;3999;0
17612;4001;0
19149;4003;0
17360;4004;0
4566;4007;1.586
8134;4044;0
8138;4047;0
31044;4049;0
8144;4050;0
8520;4060;0
3925;4064;0
13761;4069;0
30000;4071;0
18895;4073;0
8143;4075;0
7648;4076;2.167
7649;4086;1.644
8390;4108;0
9214;4113;0
12056;4117;14.15
9277;4136;0
9287;4137;0
28966;4153;0
30508;4154;0
31023;4158;0
31025;4160;0
31283;4161;0
10944;4162;0
30004;4164;0
8386;4165;0
18984;4183;0
13862;4191;0
20540;4200;0
20541;4201;0
8534;4208;0
8568;4213;0
13705;4220;0
8597;4222;0
17585;4224;0
19150;4236;0
30264;4237;0
31032;4239;0
22272;4247;0
18780;4258;0
13650;4260;0
9316;4265;0
5499;4267;0
5517;4268;0
21449;4274;0
8118;4276;0
21453;4278;0
8122;4280;0
18131;4281;0
17621;4283;0
18903;4284;0
18904;4286;0
17625;4289;0
20443;4291;0.182
17627;4295;0
18140;4297;0
8139;4299;0
17629;4306;0
17630;4308;0
8141;4310;0
19423;4314;0
22242;4316;0
6318;4333;4.09
17349;4337;0
18896;4340;0
18136;4342;0
30785;4346;0
19422;4352;0
8142;4353;0
22243;4357;0
28740;4358;0
10705;4359;0
18145;4361;0
27974;4363;0
8145;4366;0
17380;4368;0
18148;4370;0
28744;4372;0
30536;4374;0
30025;4376;0
17638;4378;0
10711;4382;1.04
10712;4388;0.392
17640;4390;0
18152;4392;0
18153;4394;0
17386;4395;0
10715;4398;0
29007;4399;0
10972;4401;0
9301;4419;0
22248;4439;0
18156;4441;0
17389;4442;0
18157;4443;0
8156;4445;0
17646;4446;0
20463;4448;0
20464;4452;0
20721;4453;0
10720;4456;0
17392;4458;0
17904;4460;0
20465;4461;0
20466;4463;0
17650;4464;0
17906;4466;0
18674;4468;0
20467;4469;0
22309;4478;0
12059;4483;14.181
9297;4491;0
22473;4495;1.772
8119;4498;0
20684;4500;0
22262;4505;0
29784;4509;0
30040;4511;0
17397;4512;0
22264;4514;0
12057;4536;14.099
12058;4537;14.132
10325;4546;0
10105;4549;0
14014;4554;0
8123;4556;0
4543;4559;0.176
11469;4561;0
29003;4563;0
20469;4566;0
5497;4601;0
4523;4610;0.179
22475;4611;0.95
17907;4625;0
29018;4627;0
10182;4659;1.115
9672;4660;0
10445;4664;0
14034;4665;0
30534;4668;0
29013;4672;0
8162;4674;0
22476;4692;0
17353;4694;1.453
22221;4696;0
17383;4710;0
8155;4714;0
8115;4734;0
18147;4742;0
30535;4744;0
30537;4749;0
17898;4752;0
14052;4755;0
8163;4761;0
21451;4787;0
30533;4788;0
13784;4789;0
14051;4792;0
20468;4794;0
4578;4802;0
10729;4804;0
17657;4805;0
18169;4806;0
10986;4807;0
17402;4808;0
12061;4844;14.108
12062;4845;14.146
12064;4847;14.198
8165;4866;0
4579;4870;0
17404;4871;0
17660;4873;0
18172;4874;0
3311;4880;0
18967;4904;0
19480;4905;0
12060;4907;14.087
12063;4908;14.187
8164;4918;0
17661;4919;0
5624;4944;2.587
5625;4948;2.414
5626;4955;2.4
4177;4961;18.39
14036;4964;0
29020;4966;0
29022;4967;0
5627;4976;2.95
6912;5002;0
14035;5021;0
5578;5023;1.191
22263;5029;0
29023;5031;0
17406;5033;0
18174;5034;0
10991;5035;0
17407;5036;0
17663;5037;0
20737;5038;7.021
10480;5039;0
10736;5040;0
18176;5041;0
2562;5057;7.392
12065;5073;14.204
12074;5080;14.112
4672;5084;0
8159;5092;0
17655;5093;0
8166;5095;0
8167;5096;0
29029;5099;0
30309;5100;0
5613;5101;0
9972;5103;0
10997;5105;0
17413;5108;0
1797;5115;0
12067;5129;13.838
12069;5130;14.089
12070;5131;14.094
12073;5133;14.11
17557;5139;0
22474;5140;0
13762;5144;0
14025;5145;0
8154;5146;0
17399;5147;0
6117;5149;0
31334;5151;0
17414;5153;0
29034;5155;0
3084;5174;0
4110;5176;5.181
18981;5184;0
18988;5187;0
8147;5192;0
8158;5194;0
7652;5196;2.319
8168;5198;0
8170;5199;0
22530;5200;0
22284;5209;0
30061;5210;0
22285;5213;0
21518;5214;0
29039;5215;0
22287;5216;0
11005;5218;0
4111;5224;4.487
14032;5239;0
8146;5242;0
8173;5248;2.106
5615;5249;0
20234;5250;3.57
17419;5251;0
31087;5254;0
17935;5259;0
29043;5261;0
30067;5262;0
29044;5264;0
10497;5267;0
20242;5271;0
2577;5281;4.975
2578;5284;0.423
2580;5289;2.62
8117;5295;0
20685;5297;0.967
6116;5304;0
6628;5305;0
13807;5308;2.61
17670;5310;0
21515;5311;0
20235;5312;2.458
17676;5313;0
31091;5315;0
17424;5316;0
19476;5317;0
17429;5318;0
17686;5320;0
9226;5322;0
5404;5336;0
10930;5349;0
8121;5351;0
18905;5352;0
6119;5355;0.161
21508;5362;0
31079;5364;0
11508;5366;2.199
22537;5368;0.342
21516;5370;0
29816;5371;0
17432;5372;0
17944;5374;0
11019;5375;0
5664;5381;1.367
4641;5390;1.751
12068;5399;13.842
8171;5405;0
21510;5411;0
21517;5414;0
30063;5415;0
18193;5418;0
30843;5419;0
9225;5420;0
17436;5422;0
11022;5424;0
8169;5446;0
11510;5447;3.455
18721;5449;0
4138;5459;0
5677;5461;2.323
6958;5469;1.084
5166;5473;6.781
4656;5477;0.366
5426;5483;5.432
5427;5488;4.53
8157;5497;0
17671;5498;0
11000;5499;0
30060;5501;0
17168;5503;0
17680;5504;0
11012;5505;0
6913;5506;0.417
29826;5507;0
17441;5508;0
10516;5509;0
17700;5510;0
17446;5511;0
4149;5523;0
4150;5529;0
5176;5535;0
22268;5539;0
11511;5541;3.367
11512;5543;3.948
17685;5550;0
5632;5551;0
8206;5557;2.611
10777;5558;0
5177;5560;0
7484;5566;9.633
5179;5572;0
5181;5581;3.687
6974;5582;0.686
8001;5584;0.753
12071;5587;14.098
12072;5588;14.103
14029;5590;0
5611;5593;0
21513;5594;0
8182;5595;0
11514;5596;6.315
29551;5597;0
21520;5598;0
17427;5600;0
22298;5602;2.792
17187;5605;0
21289;5606;0
29834;5607;0
20780;5609;1.874
8480;5611;0
5182;5615;3.363
6975;5617;0.966
4671;5626;0
5183;5628;2.111
18160;5630;0
10940;5636;0
8383;5637;0
8389;5638;0
6095;5639;0
10965;5640;0
30819;5641;0
11505;5642;4.521
21509;5643;0
5616;5645;2.341
22308;5652;0
17457;5654;0
17970;5655;0
8112;5690;0
5834;5693;0
6118;5695;0.874
11509;5697;4.153
30058;5698;0
21514;5699;0
11517;5703;0
17425;5704;0
7682;5705;0
8196;5706;0
9221;5707;0
22306;5710;0
31121;5712;0
31126;5714;0
17460;5715;0
4163;5722;0
12066;5727;13.832
17861;5729;0
13795;5731;0
4568;5732;0
7651;5734;0
8172;5735;0
22305;5737;0
17454;5740;0
30357;5744;0
10789;5745;0
5151;5746;5.126
10793;5748;0
20282;5749;0
20241;5767;0
17439;5773;0
30618;5779;0
17207;5780;0
20281;5781;0
17467;5784;0
17980;5785;0
30370;5787;0
10544;5789;0
11312;5790;0
17987;5791;0
10550;5792;0
10817;5793;0
31106;5810;0
10963;5811;0
6096;5812;0
14050;5813;0
18158;5814;0
5081;5815;0
20743;5820;0
20744;5821;0
28037;5826;0
17443;5827;0
4108;5828;3.978
17448;5830;0
17197;5831;0
17459;5832;0
17492;5833;0
5709;5836;1.341
7247;5847;0
7248;5852;0
5714;5858;0.773
18159;5860;0
22281;5862;0
20243;5863;0
22304;5864;0
17212;5867;0
8235;5869;1.416
10797;5870;0
30881;5872;0
10542;5873;0
10799;5875;0
17474;5876;0
29867;5878;0
17746;5880;0
6836;5914;0
6100;5916;0
11507;5918;2.637
17170;5919;0
10775;5920;0
11031;5921;0
18741;5923;0
21569;5925;0
30632;5926;0
17989;5927;0
17479;5928;0
29100;5929;0
29868;5930;0
17481;5931;0
10810;5932;0
17995;5933;0
10813;5937;0
4949;5943;0
3670;5955;0
3671;5958;0
17750;5970;0
18015;5972;0
30774;5978;0
8161;5980;0
11516;5984;0
13825;5985;0
21519;5986;0
17422;5987;0
19509;5993;3.583
31332;6004;0
17677;6006;0
11013;6008;0
3679;6014;0
30376;6023;0
21321;6024;3.359
17225;6025;0
7479;6027;0
10558;6030;0
17486;6031;0
10561;6032;0
5180;6033;8.496
4707;6039;0
21307;6043;0
21563;6044;0
3685;6049;5.121
17703;6050;0
7452;6051;0
30616;6054;0
30631;6057;0
7523;6062;1.499
3682;6068;4.361
3683;6069;5.354
5736;6073;0
21324;6076;0
6924;6084;0
4109;6085;3.87
17490;6087;0
10823;6088;0
5734;6091;0
3684;6094;4.454
5735;6095;0
3686;6097;4.438
8120;6100;0
4567;6105;0
17421;6113;0
20240;6114;0
1897;6116;0
1898;6119;0
17215;6121;0
4151;6122;0
17751;6123;0
12625;6124;2.377
18797;6126;0
5737;6127;0
5738;6128;0
30095;6145;0
21322;6147;0
4657;6148;0.264
10822;6150;0
5236;6154;0
6097;6158;0
18979;6159;0
22310;6160;0
22313;6161;0
5686;6162;6.852
8487;6165;0
21323;6166;0
30124;6167;0
21326;6168;0
22360;6169;0
7540;6176;0
29026;6190;0.372
18199;6194;0
14102;6198;0.549
21332;6200;0
17780;6203;0
8051;6210;0
18488;6222;0
21327;6223;0
13637;6224;0
17496;6226;0
5242;6231;0
8472;6235;0
28054;6236;0
10539;6239;0
11589;6241;0.691
10576;6242;0
10087;6245;0
29922;6246;0
21308;6249;0
8239;6251;0
5695;6253;1.708
17500;6254;0
5238;6256;0
14105;6258;0.422
20836;6261;0
4708;6262;1.376
5239;6288;0
20089;6291;0
6099;6292;0
10969;6293;0
6101;6294;0
10971;6296;0
21522;6298;0
21330;6300;0
21338;6301;0
8519;6302;0
17248;6303;0
18785;6305;0
30405;6306;0
18050;6310;0
17795;6311;0
22410;6312;0
30778;6320;0
8394;6321;18.437
10957;6322;0
20522;6327;0
27280;6328;0.508
21325;6329;0
20565;6330;0
10573;6332;0
13907;6333;0
22370;6334;0
20837;6335;0
18788;6337;0
5241;6343;1.806
4731;6349;0
8113;6351;0
8384;6352;0
22368;6356;0
10323;6358;0
30152;6359;0
17512;6360;0
8063;6365;0
18987;6374;0
8273;6377;0
29642;6378;0
8506;6384;0
6098;6415;0
5614;6416;1.105
10840;6419;0
18025;6422;0
17522;6427;0
20622;6429;4.062
10365;6430;0
5771;6433;2.068
7823;6445;0
8079;6446;0
8080;6450;0
11321;6458;2.172
17484;6459;0
21331;6460;0
12378;6463;0.773
10846;6465;0
30932;6466;0
17525;6467;0
18038;6469;0
30426;6470;0
4497;6472;0.641
4498;6484;0.617
6293;6489;0
9295;6492;0
21337;6494;0
14013;6501;0
11506;6502;3.926
6296;6504;1.484
8091;6505;7.051
22276;6506;0
21521;6508;0
22303;6510;0
10077;6515;0
17776;6516;0
18036;6517;0
17530;6519;0
10623;6522;0
8254;6528;0
17297;6529;0
10375;6531;0
18839;6532;0
18073;6533;0
17306;6534;0
27646;6535;0
29950;6536;0
31231;6537;0
10894;6538;0
7826;6540;0
8507;6543;0
17538;6544;0
4248;6546;0
22314;6551;0
10632;6553;0
29957;6554;0
3735;6559;5.246
21309;6563;0
8252;6564;0
5178;6565;0
21334;6566;0
10066;6567;0.629
8281;6570;0
30434;6573;0
17536;6574;0
5995;6575;5.123
13691;6576;0
9288;6579;0
18044;6581;0
27877;6582;0
10867;6583;0
17541;6584;0
21113;6587;2.627
17788;6588;0
18067;6589;0
10125;6591;0
10639;6592;0
30950;6597;0
10359;6598;0
10936;6600;0
5822;6601;0
18457;6604;0
18458;6605;0
23862;6606;1.313
11024;6607;0
11301;6608;0
8484;6609;0
21329;6625;0
30413;6628;0
30414;6629;0
9319;6633;0
1949;6640;0
10280;6643;0
21336;6644;0
8272;6645;0
30156;6646;0
7771;6647;0
18818;6648;0
19332;6649;0
19333;6650;0
18054;6651;0
21386;6652;0.596
11128;6653;0
5783;6654;2.249
22367;6659;0.696
12376;6660;1.627
10361;6661;0
18313;6662;0
18829;6663;0
19341;6664;0
29686;6665;0
21407;6667;0
18088;6668;0
21306;6673;0
21335;6675;0
8278;6677;0
10879;6678;0
17583;6679;0
5793;6691;2.222
2466;6692;1.195
8431;6694;0
18454;6695;0
30415;6700;0
8485;6705;0
10315;6706;0.368
20574;6707;0
10081;6709;2.953
10609;6710;0
18057;6711;0
19339;6712;0
11590;6722;0
8285;6725;0
30423;6726;0
10362;6727;0
16942;6743;0
20278;6744;0
30151;6745;0.217
8535;6747;0
3678;6748;0
7553;6750;1.754
18100;6753;0
28120;6775;0
8090;6780;4.237
9275;6786;0
14069;6787;0
8260;6788;0
11602;6789;0
18072;6790;0
10900;6799;0
22454;6800;0
18717;6808;0
11153;6809;0
31237;6810;0
11137;6837;0
8149;6843;0
21328;6846;0
10320;6848;0
8293;6850;0
7552;6853;0.366
18325;6854;0
17558;6855;0
18076;6856;0
21409;6858;0
10896;6860;0
10128;6861;0
10649;6862;0
10906;6863;0
18090;6864;0
8355;6865;3.857
18106;6866;0
1956;6870;0
10672;6873;0
8385;6882;0
13641;6886;0
8517;6887;0
8269;6889;0
30411;6890;0
8286;6893;0
11114;6896;0
18819;6897;0
28662;6899;0.894
18079;6901;0
18083;6904;0
17063;6905;0
17320;6906;0
14033;6907;0
21512;6909;0
8251;6910;0
8295;6916;0
5237;6918;0
17314;6919;0
30990;6923;0
17067;6925;0
11166;6927;0
18097;6929;0
10673;6930;0
5809;6935;0
22432;6945;0
11159;6946;0
18099;6948;0
3258;6956;1.198
18759;6981;0
7551;6984;0.574
19093;6985;0
18867;6987;0
22456;6988;0
17895;7003;0
8294;7005;0
30994;7008;0
30230;7010;0
18101;7011;0
17590;7012;0
17591;7013;0
17596;7014;0
5240;7024;0
10370;7025;0
17064;7026;0
8089;7027;3.656
17838;7028;0
18094;7029;0
18869;7030;0
11177;7031;0
10164;7032;0.95
2587;7040;2.089
10381;7041;0
8279;7053;0
22430;7055;0
17321;7056;0
17580;7057;0
11171;7058;0
10665;7060;0
18111;7062;0
29989;7063;0
17053;7079;0
10660;7080;0
14796;7101;1.259
21497;7103;0
18755;7107;0
8270;7109;0
16746;7110;0
19092;7111;0
10662;7112;0
30236;7113;0
10667;7115;0
17597;7117;0
13939;7130;0
30745;7134;0
5808;7135;0
14011;7136;0
18312;7140;0
30158;7144;0
22455;7148;0
13741;7162;0
10173;7166;0
30736;7170;0
17600;7172;0
3814;7183;1.06
18776;7191;0
22433;7193;0
16037;7195;0
30751;7197;0
5805;7199;0
20934;7200;1.063
30247;7201;0
30750;7208;0
20394;7231;0
18374;7243;0
8477;7245;0
31001;7253;0
16721;7255;0
10401;7257;0
10103;7259;0
10426;7262;0
8282;7263;0
17603;7268;0
5807;7269;0
20679;7274;0
10165;7275;0.95
11175;7279;0
18110;7280;0
18378;7281;0
8265;7296;0
18789;7297;0
8297;7298;0
10102;7302;0
18319;7304;0.364
5806;7314;0
20929;7320;0
10688;7323;0
16038;7327;0
13946;7337;0
22450;7338;0
13677;7352;0
11906;7353;0
22369;7358;0
18322;7362;0
18105;7363;0
13743;7364;0
18108;7365;0
15297;7393;3.218
10693;7395;0
8179;7398;0
17637;7403;0
5847;7404;0
17649;7405;0.281
5087;7406;0
4570;7418;0
5848;7419;0
20081;7425;0.331
5539;7427;7.225
14047;7428;3.824
3580;7429;0.821
21461;7450;0
7530;7476;0.3
14010;7484;0
13703;7490;0
31022;7493;0
17653;7494;0
8428;7495;0
11966;7507;0.747
22228;7524;0
29771;7526;0
21472;7537;0.623
14048;7539;4.343
12787;7540;0
18102;7544;0
28939;7552;0
19195;7556;0
8476;7564;0
8221;7566;0
10934;7591;0
10648;7603;0
20395;7604;2.422
8088;7605;0
30512;7607;0
6332;7608;1.807
10968;7612;0
8473;7613;0
8417;7619;0
20427;7623;0
29197;7624;0
13496;7625;0
10933;7634;0
10738;7635;0
8471;7637;0
18731;7638;1.61
26158;7641;0.649
17411;7643;0
17141;7646;0
8475;7647;0
8296;7649;0
3845;7653;0
19398;7660;0
13991;7662;0
13998;7663;0
5066;7664;0
13829;7667;0
10166;7668;0.951
31278;7669;0
28211;7670;0
19776;7689;0
23364;7693;7.857
8353;7694;3.764
20918;7695;0
30525;7697;0.591
27972;7698;0
5585;7699;7.8
5073;7700;0
5586;7701;3.306
19477;7707;0
10987;7710;0
17899;7712;3.344
10980;7715;0
18682;7716;0
21410;7721;0
30998;7722;0
6063;7724;0
7378;7725;0
23310;7734;0
13335;7740;1.023
8210;7741;0
4581;7744;2.368
3841;7750;0
10918;7759;0
14012;7761;0
18376;7762;0.602
8085;7770;18.407
18900;7771;0
28232;7772;0
17417;7774;0
30574;7775;0
5113;7777;2.438
19775;7779;0
13920;7784;0
10697;7787;0
10925;7793;0
17426;7795;0
19194;7800;0
3842;7801;0
10726;7809;0
14060;7810;0
10917;7811;0
10674;7812;0
10687;7813;0
28725;7814;0.221
18898;7815;0
14056;7818;0.267
8253;7822;0.411
25148;7824;0
3102;7828;0
30779;7834;0
30529;7836;0
10691;7838;0
17430;7839;0
27515;7845;0
7955;7851;0
10928;7852;0
14009;7853;0
2779;7855;1.334
10733;7856;0
9974;7863;0
11315;7864;3.305
28999;7865;0
5147;7872;0
10721;7874;0
18738;7876;0
10718;7878;0
14054;7879;0.869
14055;7880;0.372
20796;7884;0
8505;7885;0.684
8474;7886;0
10948;7888;0.438
5068;7889;0
28235;7891;0
3838;7893;0
19196;7895;0
9973;7897;0
6396;7898;0
31109;7900;0
8469;7901;0
11032;7902;0
10679;7905;0
13700;7907;0
19121;7908;0
8354;7909;5.709
28728;7911;0
17715;7912;0
10276;7913;0
27299;7915;0
30523;7918;1.349
31036;7920;0
17398;7921;0
8151;7927;0.759
31133;7930;0
10545;7931;0.418
31163;7935;0.752
28719;7937;0.245
18899;7938;0.953
10716;7939;0
7901;7940;0
5145;7953;0
4880;7955;3.244
17219;7958;0
10788;7963;0
8222;7965;2.438
18185;7967;0
17403;7972;0
10732;7975;0
13819;7980;0
17180;7982;0
10256;7984;0
17447;7986;0
13989;7990;0
27949;7991;0
10956;7992;0
29783;7994;0
3840;7996;0
11023;7997;0
8501;8002;1.942
21463;8010;0
17444;8012;0
12315;8014;1.627
10932;8017;0.361
25430;8018;0
4577;8019;3.152
3101;8020;0
7680;8022;0
2349;8024;0
17485;8025;0
10941;8036;0.277
28727;8037;0.261
4569;8038;1.044
10723;8039;0
31059;8060;0
4583;8061;2.389
25956;8062;0
13817;8064;0
18742;8065;0
4090;8067;0.615
3843;8069;0
30622;8071;0
18456;8072;0
7899;8073;0
11318;8078;2.357
10949;8082;0.272
10783;8084;0
3098;8085;0
30368;8087;0
8181;8088;0
18165;8089;0
8492;8090;0
3844;8093;0
17186;8094;0
3637;8095;1.163
10058;8096;2.628
20830;8097;0
10776;8099;0
30349;8100;0
17971;8102;0
3099;8103;0
30362;8104;0
7473;8105;0
21054;8106;0
17355;8107;0
13477;8108;0
13789;8109;0
10743;8110;0.25
13374;8112;0
11319;8114;2.303
18978;8115;0
17683;8117;0
11020;8119;0
14625;8123;0.391
16685;8125;0
10784;8126;0
4898;8127;5.632
11326;8128;0
4663;8131;0
11061;8133;0
4879;8135;0
11060;8136;0
11316;8137;2.611
18972;8145;0
6104;8147;0
10742;8148;0
15433;8153;0
4179;8154;5.091
18537;8156;0.267
22603;8159;0
11320;8160;2.398
18001;8161;0
10564;8163;0
7489;8164;0
8177;8170;0
8441;8179;0
3846;8181;0
29587;8182;0
10075;8183;0
17382;8190;0
4343;8191;0
19560;8193;0
1870;8194;0
10073;8195;0
28229;8203;0
5084;8204;0
31125;8205;0
3100;8206;0
23355;8207;1.044
10791;8208;0
3747;8213;0
4390;8216;0
4391;8217;0
17927;8219;0
10094;8220;0
26209;8222;0
17213;8223;0
3894;8225;0
3135;8227;0
10059;8228;0
7881;8235;0
30528;8236;0
18757;8238;0.795
12890;8239;1.768
31058;8243;0
10798;8244;0.431
14401;8245;0
27587;8247;0
10076;8250;0
18971;8255;0
19825;8260;0
30054;8262;0
20616;8281;0
14301;8282;1.337
4571;8283;0
4576;8284;2.349
11317;8287;2.219
17984;8293;0
6102;8295;0
11028;8296;0
10804;8299;0
18756;8300;0
10574;8306;0
23356;8311;0.925
18538;8312;0
11029;8316;0
7474;8318;0.644
10811;8319;0
2619;8322;0
12305;8330;0
30395;8331;0.357
10055;8333;1.077
10845;8349;0
3675;8350;5.607
23343;8352;0
18005;8357;0.85
30676;8358;0
21370;8359;0
19296;8362;0
18540;8363;0
21129;8366;0
22351;8373;0
5051;8375;0
4925;8377;0
10089;8381;0
21090;8384;4.627
20513;8393;0
10553;8395;0
7477;8396;0
9303;8398;0
21130;8402;0
17253;8408;0.404
7257;8410;7.434
3681;8412;5.526
10096;8418;0
7002;8422;0
2614;8431;0
10098;8433;0
3170;8443;0
7536;8444;1.413
20617;8445;0
13949;8446;0
10883;8449;0
8288;8458;0
3449;8461;0
30681;8469;0
9314;8472;0
5629;8473;0
30077;8474;0
5657;8475;1.541
8052;8481;0
10186;8487;0.575
14057;8489;0
13376;8490;0
12351;8492;0
18536;8499;0.832
21292;8505;0
8332;8506;0
13648;8509;0
15462;8510;0
8061;8514;0
14225;8515;1.785
10088;8527;0
10090;8528;0
29046;8540;0
20618;8543;0
8057;8545;0
5762;8547;0
13375;8553;1.124
13377;8554;0
17743;8555;0
6973;8556;0
11882;8558;0
21148;8563;0
18535;8564;0
10097;8567;0
17963;8570;0
17497;8572;0
19345;8574;0
20470;8582;0.475
22486;8584;0
30786;8585;0
18163;8586;0
17420;8587;0
5631;8588;0
13640;8591;0
18264;8592;0
18539;8593;0
5486;8596;0
10384;8597;0
18857;8605;0
14026;8608;0
10338;8612;0.38
13702;8613;0
6319;8617;1.157
21149;8619;0
10131;8632;0
19518;8642;0
10080;8654;0
17784;8655;0.406
8180;8667;0
8352;8668;2.245
10911;8674;0
13372;8675;0
18762;8676;0
30885;8679;0
5321;8680;5.01
30790;8681;0
3097;8683;0
25011;8684;0
11875;8685;0
3943;8686;4.418
28749;8699;0.347
5617;8701;0
4091;8703;0.186
27652;8704;0
16513;8720;0
10366;8721;0
10374;8722;0
29938;8726;0
31222;8729;0
5508;8737;0
6792;8739;1.964
3229;8744;0
18856;8746;0
5780;8747;0
8359;8752;0
7549;8754;0
17990;8760;0
18006;8761;0
10111;8762;0.386
8205;8763;0
23179;8764;0.215
3668;8765;0
17598;8770;0
22213;8774;1.994
28759;8775;0
17442;8776;0
31232;8779;0
23730;8780;0
28764;8787;0
4389;8788;1.124
3889;8790;0
10084;8792;1.681
22651;8793;0
21392;8794;0
27633;8795;0
5788;8796;3.464
10677;8798;0
13996;8802;1.637
10372;8806;0
13751;8811;6.566
3506;8816;0
2092;8819;5.688
7232;8820;0.438
21348;8822;0
22939;8824;0
6273;8825;4.762
22782;8838;1.422
18890;8842;0
13888;8853;0
8366;8854;0
18123;8856;0
27616;8858;0
17304;8859;0
18204;8864;0
17828;8866;0
19369;8867;0
17090;8870;0
18892;8872;0
18837;8875;0
18844;8876;0
6298;8878;1.162
29730;8880;0
29987;8881;0
10680;8882;0
17385;8883;0
6949;8884;0
10938;8885;0.595
23180;8890;0
18014;8894;0
15899;8902;0
30948;8904;0
28933;8906;0
20651;8907;0
29968;8908;0
30646;8911;0
11299;8915;1.722
22350;8923;0
18382;8927;0
30892;8937;0
30939;8938;0
17793;8939;0.57
27647;8940;0
28170;8942;0
5411;8944;1.251
10626;8949;0
19408;8950;0
30883;8955;2.612
5698;8956;2.209
9312;8958;0
13499;8971;3.771
18125;8973;0
17620;8975;0
17880;8976;0
23181;8981;0
17611;8983;0
17363;8985;0
21534;8987;0
10117;8991;0
18884;8998;0
13242;8999;0
12966;9010;0
18128;9012;0
18894;9016;0
30926;9017;0
29680;9022;0
27650;9023;0
10141;9024;0
15031;9025;0.624
15032;9026;0.465
21450;9028;0
29715;9040;0
17073;9041;0
17717;9045;0
17622;9046;0
17873;9048;0
17875;9050;0
7011;9051;1.343
30951;9052;0
17628;9054;0
4765;9056;0
6957;9059;0
20943;9060;0
18138;9061;0
13670;9064;0
19154;9071;0
28985;9073;0
18908;9076;0
17288;9077;0
3714;9079;0
10922;9080;0
17085;9082;0
13373;9084;0
20689;9086;0
17876;9088;0
18132;9089;0
18135;9090;0
3009;9093;0
22246;9124;0
3665;9126;0
30776;9130;0
20807;9133;1.415
24109;9138;2.783
13686;9139;0
23182;9141;0
28164;9142;0
17068;9143;0
28185;9144;0
7815;9149;0
10635;9150;0
10427;9151;0
18385;9152;0
17881;9154;0
3010;9155;0
18532;9156;0
4464;9161;0.295
19681;9165;0
17624;9169;0
13561;9173;0
17712;9175;0
17890;9176;0
14534;9180;0
17882;9181;0
22245;9182;0
5761;9186;0
27649;9187;0
17884;9190;0
10964;9191;0
18187;9288;0
11310;9290;0
13752;9293;6.253
28713;9295;0.322
17619;9296;0
21462;9297;0
10950;9299;0.381
13006;9300;0
30531;9302;0
17378;9304;0
5069;9305;2.232
10236;9311;0
23315;9313;0
29042;9314;0
5378;9315;1.911
21539;9321;0
11026;9322;0
30091;9324;0
17960;9325;0
28821;9326;1.264
5660;9327;7.938
10792;9328;0
4135;9330;0
29866;9336;0
6963;9337;0
2353;9338;0
10818;9340;0
15700;9342;1.249
5444;9343;0
2881;9344;0.961
3666;9346;0
3667;9347;0
8032;9348;0
12907;9353;0
12141;9356;0
17794;9357;0
23183;9358;0.256
28914;9359;0
21394;9360;0.365
28663;9362;0
17814;9364;0.316
17817;9366;0
18334;9370;0
8076;9371;0
28932;9374;1.878
14489;9377;0
19368;9378;0
30989;9379;0
18859;9380;0.495
19116;9381;0.641
28944;9382;0
13988;9384;0
17849;9387;0
10926;9390;0.383
10927;9391;0
10929;9394;0
4779;9395;1.902
30502;9396;0
2985;9397;0.749
19653;9400;0
19909;9401;0.846
12727;9403;0.672
10935;9407;0.402
17351;9408;0
18119;9409;0
17864;9412;0
28716;9413;0
17609;9416;0
23507;9420;0
30255;9421;0
12991;9424;0.946
18380;9426;0
10429;9429;0
19405;9431;0
14531;9433;0
19406;9434;0
14532;9436;0
18383;9437;0
22226;9438;0
30515;9439;0
14533;9440;0
17616;9441;0
20433;9442;0
4794;9444;2.332
5306;9445;3.697
10433;9446;0
21460;9447;0
4795;9448;1.336
5307;9449;3.774
10690;9450;0
14535;9452;0
18386;9454;0
22742;9455;1.403
10435;9457;0
22743;9458;1.479
30519;9459;0
4541;9461;1.003
5309;9462;3.755
10180;9463;1.169
10692;9464;0
4285;9465;0
17877;9466;0
20695;9467;0
21464;9468;0
10438;9469;0
17623;9472;0
23004;9473;2.048
10440;9477;0
6083;9480;0.831
5059;9485;0
10698;9487;0
11722;9488;1.276
21469;9489;0
5060;9490;0.43
8137;9491;0
10443;9493;0
10955;9494;0
17883;9495;0
28223;9496;0
17885;9498;0
18909;9499;0
19421;9500;0
28225;9502;0
28226;9508;0
10447;9509;0
13780;9510;0
5065;9511;0
6858;9512;1.679
10704;9513;0
13781;9514;2.395
17632;9515;0
10961;9518;0.243
13782;9519;0
17889;9520;0
19425;9521;0.918
28998;9524;0
29766;9525;0
10707;9527;0
17379;9528;0
17635;9529;0
17636;9532;0
1994;9533;0.707
14554;9534;0.873
18149;9535;0
26441;9536;0
19155;9538;0
10710;9539;0
3022;9540;3.737
19431;9542;0
22250;9543;0.73
22507;9544;0.43
27979;9545;0
3023;9546;3.704
8150;9547;0
3024;9550;3.854
17897;9551;0
10714;9560;0
17642;9561;0
30031;9568;0
7898;9575;0.399
27217;9582;0
21731;9687;0
21470;9785;0
17387;9837;0
4824;9840;0.56
28215;9879;0
26968;9880;0
18920;9922;0
18665;9923;0
2012;9925;0
18167;9926;0
10477;9927;0
30308;9988;0
17159;9989;0
10489;9991;0
11003;9992;0