entry_id;calculation_id;spacegroup
17930;10027;P4/mmm
21535;10029;I4/mmm
22340;10031;I4/mmm
31236;10032;P-3m1
10428;10033;Fm-3m
2487;10034;Imm2
5308;10035;R-3m
5057;10036;P42/mmc
30780;10037;R3m
12908;10039;I4/mmm
6868;10041;R3m
22256;10043;P63/mmc
22259;10045;P-4m2
3801;10047;R-3m
18162;10048;Pm-3m
17908;10051;Pm-3m
5086;10052;Pm-3m
19192;10053;Pm-3m
17913;10054;Pm-3m
19193;10055;Pm-3m
18170;10057;Pm-3m
22013;10058;P3m1
4580;10059;P63mc
17915;10060;Pm-3m
18171;10061;Pm-3m
21502;10062;Cmmm
8426;10064;P63/mmc
18173;10066;Pm-3m
22016;10067;P3m1
31333;10068;P63mc
25958;10069;Fm-3m
17157;10070;P4/mmm
10747;10071;F-43m
13826;10072;P63mc
11006;10074;Pm-3m
18703;10075;P4/mmm
8116;10076;P63/mmc
29555;10077;Pm-3m
7687;10078;Fm-3m
17437;10079;Pm-3m
17954;10080;Pm-3m
18722;10081;I4/mmm
20917;10178;Fm-3m
4155;10179;R-3m
5305;10180;R-3m
10185;10182;P21/m
10446;10183;I4/mmm
30796;10185;Cmcm
8152;10186;P63mc
29006;10187;Fd-3m
17644;10188;P4/mmm
17652;10189;Fm-3m
5088;10190;R-3m
10471;10191;I4/mmm
10728;10192;F-43m
10461;10197;Fm-3m
10462;10198;Fm-3m
22266;10200;P-4m2
17912;10201;Pm-3m
22014;10204;P3m1
4837;10205;Immm
22015;10206;P3m1
17917;10208;Pm-3m
5608;10209;R-3m
22017;10210;P3m1
20481;10212;P63mc
20482;10213;P63mc
17154;10215;F-43m
17924;10217;P4/mmm
31336;10218;Fd-3m
18693;10219;Pm-3m
17158;10220;P4/mmm
17926;10221;Pm-3m
29803;10223;Fm-3m
17672;10224;Pm-3m
17928;10225;Pm-3m
29804;10226;P63/mmc
17929;10228;Pm-3m
24941;10229;R-3m
17931;10230;Pm-3m
5878;10231;Cmcm
14613;10232;P6/mmm
10466;10234;Fm-3m
21493;10235;P-4m2
12278;10236;R-3m
6134;10237;R-3m
18189;10240;Pm-3m
30065;10241;Pm-3m
10494;10242;Pm-3m
17934;10243;Pm-3m
11008;10246;Cmcm
17681;10248;Pm-3m
17937;10249;Pm-3m
30581;10250;R-3m
17682;10251;Pm-3m
7936;10252;Cmcm
17171;10253;P4/mmm
17190;10254;Pm-3m
30346;10255;Pm-3m
17704;10256;Pm-3m
17450;10257;Pm-3m
16167;10258;Pmm2
17452;10259;Fm-3m
17965;10260;Pm-3m
6431;10261;P6/mmm
13892;10269;C2/m
3294;10270;C2/c
30573;10271;Fm-3m
18714;10274;Pm-3m
18716;10275;Pm-3m
10463;10312;Fm-3m
31062;10313;P63/mmc
17151;10315;Fm-3m
31335;10316;Fm-3m
22302;10317;P-4m2
17455;10320;Pm-3m
22327;10321;P63/mmc
17749;10354;F-43m
10474;10355;Fm-3m
10989;10356;Pm-3m
18175;10357;Pm-3m
13815;10358;Fm-3m
29575;10360;Pm-3m
17206;10361;Pm-3m
17988;10362;Pm-3m
5370;10401;P-4m2
5403;10406;P63mc
17981;10408;Pm-3m
21315;10409;Pm-3m
22270;10412;P4/mmm
21511;10415;P63mc
17945;10416;Pm-3m
17179;10417;Pm-3m
21813;10420;F-43m
10537;10421;Pm-3m
10473;10447;Fm-3m
17405;10449;Fm-3m
13818;10451;Fm-3m
17947;10452;Pm-3m
17972;10453;Pm-3m
9510;10454;P63/mmc
18181;10470;Fm-3m
16382;10484;C2/m
6901;10486;R-3m
10816;10493;I4/mmm
28203;10497;Cmcm
17150;10499;Fm-3m
18705;10500;Fm-3m
17468;10506;Pm-3m
30363;10508;Pm-3m
17918;10516;Pm-3m
10768;10519;Fm-3m
17196;10521;Pm-3m
18732;10522;Fm-3m
16688;10524;R-3m
30123;10525;Pm-3m
5429;10527;P63/mmc
10999;10538;Pm-3m
4130;10539;R-3m
17472;10542;Pm-3m
17728;10543;Pm-3m
29096;10545;Fm-3m
17477;10546;Pm-3m
17675;10549;Fm-3m
29821;10550;P4/nmm
17953;10552;P4/mmm
21804;10553;Fm-3m
17465;10557;Pm-3m
28988;10600;C2/m
29033;10602;C2/m
29037;10603;C2/m
3853;10607;I4/mmm
24225;10609;C2/m
20117;10615;C2/m
17815;10616;F-43m
18842;10617;F-43m
18845;10618;F-43m
27651;10619;I4/mmm
28957;10623;P-3m1
18368;10624;Cmmm
15560;10630;I-4m2
15561;10633;I-4m2
8382;10636;P4/nmm
21459;10638;Imma
10946;10639;P63/mmc
27958;10640;Cmcm
4286;10642;R-3m
10183;10643;P21/m
10184;10644;Cmcm
19933;10647;Cmcm
10958;10648;P63/mmc
5833;10650;C2/m
28742;10652;P63/mmc
21996;10656;P4/mmm
3025;10658;R-3m
27214;10659;Fm-3m
3026;10661;R-3m
3027;10662;R-3m
3028;10664;R-3m
18925;10666;R-3m
4310;10667;R3m
12767;10669;Cmma
15080;10670;P3m1
4825;10676;Cmc21
10464;10677;Fm-3m
30292;10679;Cmcm
30805;10683;Cmcm
10722;10685;Fm-3m
30295;10687;Cmcm
17140;10688;Fm-3m
17142;10689;Fm-3m
30810;10690;Cmcm
14572;10691;R-3m
5089;10693;R-3m
31068;10695;Cmcm
13293;10696;R-3m
2015;10698;Cmc21
30302;10701;I4/mmm
10731;10703;Fm-3m
30304;10705;Fm-3m
17149;10707;Fm-3m
20992;10708;R-3m
30305;10710;Cmcm
12527;10712;Abm2
19710;10713;I4/mmm
31074;10714;Cmcm
10992;10717;Fm-3m
17152;10718;Fm-3m
4843;10720;R-3m
17922;10725;Cmcm
18690;10726;Cmcm
9971;10728;Cmcm
11764;10729;Amm2
12276;10730;Amm2
10741;10735;Fm-3m
13306;10738;R-3m
13820;10742;Fm-3m
14849;10743;R-3m
1775;10745;C2/m
13823;10747;R-3m
17162;10748;Fm-3m
1776;10749;R-3m
12540;10751;R-3m
3059;10754;P3m1
10748;10762;Fm-3m
19212;10763;P3m1
28016;10765;P63/mmc
28528;10767;Cmcm
5879;10770;Pm-3m
18701;10774;Fm-3m
21264;10775;Pmn21
5880;10779;Pm-3m
6137;10783;R-3m
11007;10785;Fm-3m
17679;10787;Fm-3m
19215;10788;Fm-3m
10752;10790;Fm-3m
23317;10791;Cmcm
10753;10792;Fm-3m
22805;10794;R-3m
29045;10795;P4/nmm
30325;10796;Cmcm
12803;10797;R-3m
18706;10798;Cmcm
21269;10799;I4/mmm
6141;10802;R-3m
3067;10804;Cmca
7937;10805;Cmcm
10500;10806;Fm-3m
10756;10807;Fm-3m
30286;10819;Cmcm
10717;10821;Fm-3m
10503;10827;Fm-3m
10759;10828;Fm-3m
11015;10829;Fm-3m
18711;10831;P4/mmm
7941;10832;Cmcm
10504;10833;Fm-3m
16663;10834;R-3m
17176;10835;Fm-3m
17688;10836;Fm-3m
30332;10837;Pm-3m
7942;10838;Cmcm
25672;1352933;P212121
1216058;2454;R-3m
1216098;2689;R-3m
4698;3346;Fm-3m
8130;3588;Im-3m
8132;3592;Im-3m
8203;3612;Fm-3m
7503;3619;Fm-3m
8533;3620;Im-3m
7517;3624;Fm-3m
8082;3629;Im-3m
8086;3637;Fm-3m
8100;3638;Fm-3m
12054;3681;Fm-3m
8500;3697;Im-3m
7514;3721;Fm-3m
9566;3723;Im-3m
9320;3726;Im-3m
10106;3729;Im-3m
8586;3732;Im-3m
17350;3749;Im-3m
12055;3763;Fm-3m
16720;3788;Pm-3m
7513;3794;Fm-3m
7521;3798;Fm-3m
17319;3804;Im-3m
22514;3829;Im-3m
22516;3833;Im-3m
7505;3845;Fm-3m
7512;3847;Fm-3m
7519;3849;Fm-3m
7522;3853;Fm-3m
6321;3859;Fm-3m
5810;3861;F-43m
18114;3908;Pm-3m
22472;3911;Fm-3m
8391;3976;Im-3m
7509;3977;Fm-3m
7520;3980;Fm-3m
17859;3981;P4/mmm
10676;3983;P4/mmm
17860;3984;Pm-3m
6320;3986;Fm-3m
10678;3987;Pm-3m
17352;3991;Pm-3m
10681;3992;Pm-3m
10937;3994;P4/mmm
21452;3995;Pm-3m
17610;3997;Pm-3m
10683;3998;Pm-3m
18891;3999;Pm-3m
17612;4001;Pm-3m
19149;4003;Pm-3m
17360;4004;Pm-3m
4566;4007;F-43m
8134;4044;Im-3m
8138;4047;Im-3m
31044;4049;Pm-3m
8144;4050;Fm-3m
8520;4060;Im-3m
3925;4064;Fm-3m
13761;4069;P-6m2
30000;4071;Pm-3m
18895;4073;Pm-3m
8143;4075;P63/mmc
7648;4076;Fm-3m
7649;4086;Fm-3m
8390;4108;Im-3m
9214;4113;Fm-3m
12056;4117;Fm-3m
9277;4136;Pm-3m
9287;4137;Fm-3m
28966;4153;P4/mmm
30508;4154;Fm-3m
31023;4158;P4/mmm
31025;4160;P4/mmm
31283;4161;P4/mmm
10944;4162;P4/mmm
30004;4164;Pm-3m
8386;4165;Pm-3m
18984;4183;P6/mmm
13862;4191;Fm-3m
20540;4200;Cmmm
20541;4201;Cmmm
8534;4208;Im-3m
8568;4213;Im-3m
13705;4220;Im-3m
8597;4222;Im-3m
17585;4224;Im-3m
19150;4236;P4/mmm
30264;4237;Pm-3m
31032;4239;Pm-3m
22272;4247;Im-3m
18780;4258;Im-3m
13650;4260;Im-3m
9316;4265;Fm-3m
5499;4267;Fm-3m
5517;4268;Im-3m
21449;4274;P-6m2
8118;4276;Fm-3m
21453;4278;F-43m
8122;4280;Fm-3m
18131;4281;P4/mmm
17621;4283;Pm-3m
18903;4284;Pm-3m
18904;4286;Pm-3m
17625;4289;Pm-3m
20443;4291;Pm-3m
17627;4295;Pm-3m
18140;4297;Pm-3m
8139;4299;P63/mmc
17629;4306;Pm-3m
17630;4308;Pm-3m
8141;4310;P63/mmc
19423;4314;Pm-3m
22242;4316;Pm-3m
6318;4333;Fm-3m
17349;4337;P63/mmc
18896;4340;P4/mmm
18136;4342;P4/mmm
30785;4346;P4/mmm
19422;4352;Pm-3m
8142;4353;P63/mmc
22243;4357;Pm-3m
28740;4358;P4/mmm
10705;4359;Pm-3m
18145;4361;Pm-3m
27974;4363;P4/mmm
8145;4366;P63/mmc
17380;4368;Pm-3m
18148;4370;Pm-3m
28744;4372;P4/mmm
30536;4374;P4/mmm
30025;4376;Pm-3m
17638;4378;Pm-3m
10711;4382;Pm-3m
10712;4388;Pm-3m
17640;4390;Pm-3m
18152;4392;Pm-3m
18153;4394;P4/mmm
17386;4395;Pm-3m
10715;4398;Pm-3m
29007;4399;Pm-3m
10972;4401;Pm-3m
9301;4419;Fm-3m
22248;4439;P4/mmm
18156;4441;Pm-3m
17389;4442;Pm-3m
18157;4443;Pm-3m
8156;4445;Fm-3m
17646;4446;Pm-3m
20463;4448;Pm-3m
20464;4452;Pm-3m
20721;4453;Pm-3m
10720;4456;Pm-3m
17392;4458;Pm-3m
17904;4460;Pm-3m
20465;4461;Pm-3m
20466;4463;Pm-3m
17650;4464;Pm-3m
17906;4466;Pm-3m
18674;4468;Pm-3m
20467;4469;Pm-3m
22309;4478;Fm-3m
12059;4483;Fm-3m
9297;4491;Im-3m
22473;4495;F-43m
8119;4498;Fm-3m
20684;4500;Pm-3m
22262;4505;Pm-3m
29784;4509;Pm-3m
30040;4511;Pm-3m
17397;4512;Pm-3m
22264;4514;Pm-3m
12057;4536;Fm-3m
12058;4537;Fm-3m
10325;4546;R-3m
10105;4549;Fm-3m
14014;4554;Fm-3m
8123;4556;Fm-3m
4543;4559;F-43m
11469;4561;Fm-3m
29003;4563;Pm-3m
20469;4566;F-43m
5497;4601;Fm-3m
4523;4610;F-43m
22475;4611;F-43m
17907;4625;Fm-3m
29018;4627;P4/mmm
10182;4659;Fm-3m
9672;4660;R-3m
10445;4664;Pm-3m
14034;4665;Pm-3m
30534;4668;P4/mmm
29013;4672;Pm-3m
8162;4674;Fm-3m
22476;4692;Fm-3m
17353;4694;F-43m
22221;4696;Fm-3m
17383;4710;Pm-3m
8155;4714;Fm-3m
8115;4734;Cmcm
18147;4742;Fm-3m
30535;4744;P4/mmm
30537;4749;P4/mmm
17898;4752;Fm-3m
14052;4755;Pm-3m
8163;4761;Fm-3m
21451;4787;Fm-3m
30533;4788;P4/mmm
13784;4789;P-6m2
14051;4792;Fm-3m
20468;4794;F-43m
4578;4802;Fm-3m
10729;4804;Pm-3m
17657;4805;Pm-3m
18169;4806;Pm-3m
10986;4807;Pm-3m
17402;4808;Pm-3m
12061;4844;Fm-3m
12062;4845;Fm-3m
12064;4847;Fm-3m
8165;4866;Fm-3m
4579;4870;F-43m
17404;4871;Pm-3m
17660;4873;Pm-3m
18172;4874;Pm-3m
3311;4880;I4mm
18967;4904;R-3m
19480;4905;Fmmm
12060;4907;Fm-3m
12063;4908;Fm-3m
8164;4918;Fm-3m
17661;4919;Pm-3m
5624;4944;Fm-3m
5625;4948;Fm-3m
5626;4955;Fm-3m
4177;4961;Fm-3m
14036;4964;Pm-3m
29020;4966;Pm-3m
29022;4967;P4/mmm
5627;4976;Fm-3m
6912;5002;Fm-3m
14035;5021;Pm-3m
5578;5023;Fm-3m
22263;5029;Fm-3m
29023;5031;P4/mmm
17406;5033;Pm-3m
18174;5034;Pm-3m
10991;5035;Pm-3m
17407;5036;Pm-3m
17663;5037;Pm-3m
20737;5038;F-43m
10480;5039;Pm-3m
10736;5040;Pm-3m
18176;5041;Pm-3m
2562;5057;P63/mmc
12065;5073;Fm-3m
12074;5080;Fm-3m
4672;5084;I4/mmm
8159;5092;Fm-3m
17655;5093;Pm-3m
8166;5095;Fm-3m
8167;5096;Fm-3m
29029;5099;Pm-3m
30309;5100;Pm-3m
5613;5101;Fm-3m
9972;5103;Pm-3m
10997;5105;P4/mmm
17413;5108;Pm-3m
1797;5115;Fm-3m
12067;5129;Fm-3m
12069;5130;Fm-3m
12070;5131;Fm-3m
12073;5133;Fm-3m
17557;5139;Fm-3m
22474;5140;Fm-3m
13762;5144;Fm-3m
14025;5145;Fm-3m
8154;5146;Fm-3m
17399;5147;R-3m
6117;5149;Fm-3m
31334;5151;P4/mmm
17414;5153;P4/mmm
29034;5155;Pm-3m
3084;5174;P-6m2
4110;5176;Pm-3m
18981;5184;P4/mmm
18988;5187;I4/mmm
8147;5192;P63/mmc
8158;5194;Fm-3m
7652;5196;F-43m
8168;5198;Fm-3m
8170;5199;Fm-3m
22530;5200;Pm-3m
22284;5209;Pm-3m
30061;5210;Pm-3m
22285;5213;Pm-3m
21518;5214;P-6m2
29039;5215;Pm-3m
22287;5216;Pm-3m
11005;5218;Pm-3m
4111;5224;Pm-3m
14032;5239;Fm-3m
8146;5242;P63/mmc
8173;5248;Fm-3m
5615;5249;Fm-3m
20234;5250;F-43m
17419;5251;Pm-3m
31087;5254;P4/mmm
17935;5259;P4/mmm
29043;5261;Pm-3m
30067;5262;Pm-3m
29044;5264;Pm-3m
10497;5267;P4/mmm
20242;5271;Pm-3m
2577;5281;Fm-3m
2578;5284;Fm-3m
2580;5289;Fm-3m
8117;5295;Fm-3m
20685;5297;F-43m
6116;5304;Fm-3m
6628;5305;F-43m
13807;5308;C2/m
17670;5310;P4/mmm
21515;5311;P-6m2
20235;5312;F-43m
17676;5313;P4/mmm
31091;5315;P4/mmm
17424;5316;Pm-3m
19476;5317;Pm-3m
17429;5318;Pm-3m
17686;5320;Pm-3m
9226;5322;P63/mmc
5404;5336;Fm-3m
10930;5349;Fm-3m
8121;5351;Fm-3m
18905;5352;Fm-3m
6119;5355;F-43m
21508;5362;F-43m
31079;5364;P4/mmm
11508;5366;Fm-3m
22537;5368;F-43m
21516;5370;P-6m2
29816;5371;Pm-3m
17432;5372;Pm-3m
17944;5374;Pm-3m
11019;5375;Pm-3m
5664;5381;F-43m
4641;5390;F-43m
12068;5399;Fm-3m
8171;5405;Fm-3m
21510;5411;Pm-3m
21517;5414;P-6m2
30063;5415;P4/mmm
18193;5418;Pm-3m
30843;5419;P4/mmm
9225;5420;P63/mmc
17436;5422;P4/mmm
11022;5424;Pm-3m
8169;5446;Fm-3m
11510;5447;Pm-3m
18721;5449;P4/mmm
4138;5459;Fm-3m
5677;5461;Pm-3m
6958;5469;Fm-3m
5166;5473;Fm-3m
4656;5477;F-43m
5426;5483;Fm-3m
5427;5488;Fm-3m
8157;5497;Fm-3m
17671;5498;Pm-3m
11000;5499;Pm-3m
30060;5501;Fm-3m
17168;5503;P4/mmm
17680;5504;P4/mmm
11012;5505;Pm-3m
6913;5506;Fm-3m
29826;5507;Pm-3m
17441;5508;Pm-3m
10516;5509;Pm-3m
17700;5510;Pm-3m
17446;5511;Pm-3m
4149;5523;Fm-3m
4150;5529;Fm-3m
5176;5535;Fm-3m
22268;5539;F-43m
11511;5541;Pm-3m
11512;5543;Pm-3m
17685;5550;P4/mmm
5632;5551;Fm-3m
8206;5557;R-3m
10777;5558;Pm-3m
5177;5560;Fm-3m
7484;5566;Fm-3m
5179;5572;Fm-3m
5181;5581;Fm-3m
6974;5582;Fm-3m
8001;5584;R3m
12071;5587;Fm-3m
12072;5588;Fm-3m
14029;5590;Fm-3m
5611;5593;P4/mmm
21513;5594;P-6m2
8182;5595;P-6m2
11514;5596;Pm-3m
29551;5597;Fm-3m
21520;5598;F-43m
17427;5600;Pm-3m
22298;5602;Pm-3m
17187;5605;Pm-3m
21289;5606;P4/mmm
29834;5607;Pm-3m
20780;5609;Pm-3m
8480;5611;Pm-3m
5182;5615;Fm-3m
6975;5617;Fm-3m
4671;5626;Fm-3m
5183;5628;Fm-3m
18160;5630;Fm-3m
10940;5636;Fm-3m
8383;5637;Fm-3m
8389;5638;Fm-3m
6095;5639;Fm-3m
10965;5640;Pm-3m
30819;5641;Fm-3m
11505;5642;Fm-3m
21509;5643;Fm-3m
5616;5645;Fmmm
22308;5652;P-6m2
17457;5654;Pm-3m
17970;5655;Pm-3m
8112;5690;Fm-3m
5834;5693;Fm-3m
6118;5695;F-43m
11509;5697;Pm-3m
30058;5698;Fm-3m
21514;5699;P-6m2
11517;5703;Fm-3m
17425;5704;P4/mmm
7682;5705;Imma
8196;5706;P63/mmc
9221;5707;P63/mmc
22306;5710;P-6m2
31121;5712;Pm-3m
31126;5714;Pm-3m
17460;5715;Pm-3m
4163;5722;Fm-3m
12066;5727;Fm-3m
17861;5729;F-43m
13795;5731;Fm-3m
4568;5732;Fm-3m
7651;5734;Fd-3m
8172;5735;Fm-3m
22305;5737;Pm-3m
17454;5740;Pm-3m
30357;5744;P4/mmm
10789;5745;Pm-3m
5151;5746;Pm-3m
10793;5748;Pm-3m
20282;5749;Pm-3m
20241;5767;Fm-3m
17439;5773;Pm-3m
30618;5779;P4/mmm
17207;5780;Pm-3m
20281;5781;Pm-3m
17467;5784;Pm-3m
17980;5785;Pm-3m
30370;5787;P4/mmm
10544;5789;Pm-3m
11312;5790;Pm-3m
17987;5791;Pm-3m
10550;5792;Pm-3m
10817;5793;Pm-3m
31106;5810;Fm-3m
10963;5811;Fm-3m
6096;5812;Fm-3m
14050;5813;Fm-3m
18158;5814;Fm-3m
5081;5815;Fm-3m
20743;5820;F-43m
20744;5821;Fm-3m
28037;5826;Fm-3m
17443;5827;Pm-3m
4108;5828;Fm-3m
17448;5830;P4/mmm
17197;5831;P4/mmm
17459;5832;Pm-3m
17492;5833;Pm-3m
5709;5836;F-43m
7247;5847;P63/mmc
7248;5852;P63/mmc
5714;5858;Fd-3m
18159;5860;Fm-3m
22281;5862;Fm-3m
20243;5863;P-6m2
22304;5864;Fm-3m
17212;5867;Pm-3m
8235;5869;F-43m
10797;5870;Pm-3m
30881;5872;P4/mmm
10542;5873;Pm-3m
10799;5875;Pm-3m
17474;5876;Pm-3m
29867;5878;Pm-3m
17746;5880;P4/mmm
6836;5914;Fmmm
6100;5916;Fm-3m
11507;5918;Fm-3m
17170;5919;P4/mmm
10775;5920;Pm-3m
11031;5921;Pm-3m
18741;5923;Pm-3m
21569;5925;P-6m2
30632;5926;P4/mmm
17989;5927;P4/mmm
17479;5928;Pm-3m
29100;5929;Pm-3m
29868;5930;Pm-3m
17481;5931;Pm-3m
10810;5932;Pm-3m
17995;5933;Pm-3m
10813;5937;Pm-3m
4949;5943;Fm-3m
3670;5955;I4mm
3671;5958;I4mm
17750;5970;Pm-3m
18015;5972;Pm-3m
30774;5978;P63/mmc
8161;5980;Fm-3m
11516;5984;Fm-3m
13825;5985;I4/mmm
21519;5986;F-43m
17422;5987;P4/mmm
19509;5993;Fm-3m
31332;6004;Fm-3m
17677;6006;Pm-3m
11013;6008;P4/mmm
3679;6014;Fm-3m
30376;6023;Pm-3m
21321;6024;F-43m
17225;6025;P4/mmm
7479;6027;Imma
10558;6030;Pm-3m
17486;6031;Pm-3m
10561;6032;Pm-3m
5180;6033;Fm-3m
4707;6039;Fm-3m
21307;6043;Pm-3m
21563;6044;Fm-3m
3685;6049;Fm-3m
17703;6050;Pm-3m
7452;6051;F-43m
30616;6054;P4/mmm
30631;6057;P4/mmm
7523;6062;F-43m
3682;6068;Fm-3m
3683;6069;Fm-3m
5736;6073;Fm-3m
21324;6076;Fm-3m
6924;6084;Fm-3m
4109;6085;Fm-3m
17490;6087;P-6m2
10823;6088;Pm-3m
5734;6091;Fm-3m
3684;6094;Fm-3m
5735;6095;Fm-3m
3686;6097;Fm-3m
8120;6100;Fm-3m
4567;6105;Fm-3m
17421;6113;P4/mmm
20240;6114;F-43m
1897;6116;Fm-3m
1898;6119;Fm-3m
17215;6121;P4/mmm
4151;6122;Fm-3m
17751;6123;P4/mmm
12625;6124;Fm-3m
18797;6126;Pm-3m
5737;6127;Fm-3m
5738;6128;Fm-3m
30095;6145;P4/mmm
21322;6147;Fm-3m
4657;6148;F-43m
10822;6150;Pm-3m
5236;6154;Fm-3m
6097;6158;Fm-3m
18979;6159;I41/amd
22310;6160;F-43m
22313;6161;F-43m
5686;6162;Fm-3m
8487;6165;Pm-3m
21323;6166;Fm-3m
30124;6167;P4/mmm
21326;6168;Fm-3m
22360;6169;P-6m2
7540;6176;I4/mmm
29026;6190;Fm-3m
18199;6194;Fm-3m
14102;6198;Fm-3m
21332;6200;F-43m
17780;6203;Pm-3m
8051;6210;I-4m2
18488;6222;P4mm
21327;6223;Fm-3m
13637;6224;P-6m2
17496;6226;P4/mmm
5242;6231;Fm-3m
8472;6235;F-43m
28054;6236;Fm-3m
10539;6239;Pm-3m
11589;6241;Fm-3m
10576;6242;Pm-3m
10087;6245;Fm-3m
29922;6246;Pm-3m
21308;6249;Pm-3m
8239;6251;Fm-3m
5695;6253;Fm-3m
17500;6254;P4/mmm
5238;6256;Fm-3m
14105;6258;Fm-3m
20836;6261;Pm-3m
4708;6262;F-43m
5239;6288;Fm-3m
20089;6291;Pm-3m
6099;6292;Fm-3m
10969;6293;Fm-3m
6101;6294;Fm-3m
10971;6296;Fm-3m
21522;6298;F-43m
21330;6300;F-43m
21338;6301;F-43m
8519;6302;P63/mmc
17248;6303;Pm-3m
18785;6305;Pm-3m
30405;6306;Pm-3m
18050;6310;Pm-3m
17795;6311;Pm-3m
22410;6312;Pm-3m
30778;6320;Fm-3m
8394;6321;P63/mmc
10957;6322;Fm-3m
20522;6327;Pm-3m
27280;6328;R-3m
21325;6329;Fm-3m
20565;6330;Fm-3m
10573;6332;Pm-3m
13907;6333;P-6m2
22370;6334;Fm-3m
20837;6335;Pm-3m
18788;6337;Pm-3m
5241;6343;Fm-3m
4731;6349;F-43m
8113;6351;Fm-3m
8384;6352;Fm-3m
22368;6356;F-43m
10323;6358;Pm-3m
30152;6359;Pm-3m
17512;6360;Pm-3m
8063;6365;Fm-3m
18987;6374;Immm
8273;6377;Fm-3m
29642;6378;Pm-3m
8506;6384;Fm-3m
6098;6415;Fm-3m
5614;6416;Fmmm
10840;6419;Pm-3m
18025;6422;P4/mmm
17522;6427;P4/mmm
20622;6429;Cm
10365;6430;Pm-3m
5771;6433;Fm-3m
7823;6445;P4/mmm
8079;6446;P63/mmc
8080;6450;Pm-3m
11321;6458;Fm-3m
17484;6459;Pm-3m
21331;6460;F-43m
12378;6463;Fd-3m
10846;6465;Pm-3m
30932;6466;P4/mmm
17525;6467;Pm-3m
18038;6469;Pm-3m
30426;6470;Pm-3m
4497;6472;F-43m
4498;6484;F-43m
6293;6489;Pm-3m
9295;6492;P63/mmc
21337;6494;F-43m
14013;6501;Fm-3m
11506;6502;Fm-3m
6296;6504;Fm-3m
8091;6505;Pm-3m
22276;6506;F-43m
21521;6508;F-43m
22303;6510;F-43m
10077;6515;Fm-3m
17776;6516;Pm-3m
18036;6517;P4/mmm
17530;6519;P4/mmm
10623;6522;Pm-3m
8254;6528;Fm-3m
17297;6529;Pm-3m
10375;6531;Pm-3m
18839;6532;Pm-3m
18073;6533;Pm-3m
17306;6534;P4/mmm
27646;6535;P4/mmm
29950;6536;P4/mmm
31231;6537;Pm-3m
10894;6538;Pm-3m
7826;6540;P4/mmm
8507;6543;Fm-3m
17538;6544;Pm-3m
4248;6546;C2/c
22314;6551;Fm-3m
10632;6553;Pm-3m
29957;6554;Pm-3m
3735;6559;Fm-3m
21309;6563;F-43m
8252;6564;Pmm2
5178;6565;Fm-3m
21334;6566;F-43m
10066;6567;Fm-3m
8281;6570;Pm-3m
30434;6573;Pm-3m
17536;6574;Pm-3m
5995;6575;Pm-3m
13691;6576;F-43m
9288;6579;P63/mmc
18044;6581;Pm-3m
27877;6582;P4/mmm
10867;6583;Pm-3m
17541;6584;Pm-3m
21113;6587;Fm-3m
17788;6588;P4/mmm
18067;6589;Pm-3m
10125;6591;P63/mmc
10639;6592;Pm-3m
30950;6597;P4/mmm
10359;6598;Pm-3m
10936;6600;Fm-3m
5822;6601;R3m
18457;6604;Fm-3m
18458;6605;Fm-3m
23862;6606;Pm-3m
11024;6607;Pm-3m
11301;6608;Fm-3m
8484;6609;Pm-3m
21329;6625;F-43m
30413;6628;Fm-3m
30414;6629;Fm-3m
9319;6633;P63/mmc
1949;6640;Fm-3m
10280;6643;Fm-3m
21336;6644;F-43m
8272;6645;Fm-3m
30156;6646;Pm-3m
7771;6647;Fm-3m
18818;6648;Pm-3m
19332;6649;Pm-3m
19333;6650;Pm-3m
18054;6651;Pm-3m
21386;6652;Fm-3m
11128;6653;Pm-3m
5783;6654;Fm-3m
22367;6659;F-43m
12376;6660;F-43m
10361;6661;Pm-3m
18313;6662;Pm-3m
18829;6663;Pm-3m
19341;6664;Pm-3m
29686;6665;Pm-3m
21407;6667;Pm-3m
18088;6668;Pm-3m
21306;6673;Pm-3m
21335;6675;F-43m
8278;6677;Fm-3m
10879;6678;Pm-3m
17583;6679;Pm-3m
5793;6691;Fmmm
2466;6692;F-43m
8431;6694;Fm-3m
18454;6695;I4/mmm
30415;6700;Fm-3m
8485;6705;Fm-3m
10315;6706;Fm-3m
20574;6707;Pm-3m
10081;6709;Fm-3m
10609;6710;Pm-3m
18057;6711;Pm-3m
19339;6712;P-6m2
11590;6722;Fm-3m
8285;6725;Fm-3m
30423;6726;Fm-3m
10362;6727;P4/mmm
16942;6743;P4/mmm
20278;6744;P4/mmm
30151;6745;Pm-3m
8535;6747;P63/mmc
3678;6748;Fm-3m
7553;6750;F-43m
18100;6753;P4/mmm
28120;6775;Pm-3m
8090;6780;Pm-3m
9275;6786;I4/mmm
14069;6787;Fm-3m
8260;6788;Fm-3m
11602;6789;Pm-3m
18072;6790;P4/mmm
10900;6799;Pm-3m
22454;6800;Fm-3m
18717;6808;P-6m2
11153;6809;Pm-3m
31237;6810;P-6m2
11137;6837;Pm-3m
8149;6843;Fm-3m
21328;6846;F-43m
10320;6848;Fm-3m
8293;6850;Fm-3m
7552;6853;F-43m
18325;6854;P4/mmm
17558;6855;Pm-3m
18076;6856;Pm-3m
21409;6858;P-6m2
10896;6860;Pm-3m
10128;6861;Pm-3m
10649;6862;Pm-3m
10906;6863;Pm-3m
18090;6864;Pm-3m
8355;6865;Pm-3m
18106;6866;Pm-3m
1956;6870;Fm-3m
10672;6873;Pm-3m
8385;6882;Fm-3m
13641;6886;Fm-3m
8517;6887;Fm-3m
8269;6889;Pm-3m
30411;6890;Fm-3m
8286;6893;Fm-3m
11114;6896;Pm-3m
18819;6897;Pm-3m
28662;6899;Pm-3m
18079;6901;P4/mmm
18083;6904;Pm-3m
17063;6905;P4/mmm
17320;6906;Pm-3m
14033;6907;Fm-3m
21512;6909;P-6m2
8251;6910;Imm2
8295;6916;Fm-3m
5237;6918;Fm-3m
17314;6919;P4/mmm
30990;6923;P4/mmm
17067;6925;Pm-3m
11166;6927;Fm-3m
18097;6929;Pm-3m
10673;6930;P4/mmm
5809;6935;P6/mmm
22432;6945;P-6m2
11159;6946;Pm-3m
18099;6948;Pm-3m
3258;6956;P-3m1
18759;6981;Fm-3m
7551;6984;F-43m
19093;6985;Pm-3m
18867;6987;Pm-3m
22456;6988;Fm-3m
17895;7003;Fm-3m
8294;7005;Fm-3m
30994;7008;P4/mmm
30230;7010;P4/mmm
18101;7011;Pm-3m
17590;7012;Pm-3m
17591;7013;R-3m
17596;7014;Pm-3m
5240;7024;Fm-3m
10370;7025;Pmm2
17064;7026;P4/mmm
8089;7027;Fm-3m
17838;7028;Pm-3m
18094;7029;P4/mmm
18869;7030;Pm-3m
11177;7031;Pm-3m
10164;7032;P-6m2
2587;7040;I4/mmm
10381;7041;Pm-3m
8279;7053;Fm-3m
22430;7055;F-43m
17321;7056;P4/mmm
17580;7057;Pm-3m
11171;7058;Pm-3m
10665;7060;Pm-3m
18111;7062;Pm-3m
29989;7063;Pm-3m
17053;7079;P4/mmm
10660;7080;Pm-3m
14796;7101;R-3m
21497;7103;Fm-3m
18755;7107;Pm-3m
8270;7109;Fm-3m
16746;7110;P4/mmm
19092;7111;Pm-3m
10662;7112;Pm-3m
30236;7113;P4/mmm
10667;7115;Pm-3m
17597;7117;P-6m2
13939;7130;Fm-3m
30745;7134;P4/mmm
5808;7135;P6/mmm
14011;7136;P-6m2
18312;7140;Fm-3m
30158;7144;P63/mmc
22455;7148;Fm-3m
13741;7162;P-6m2
10173;7166;Imma
30736;7170;P4/mmm
17600;7172;P-6m2
3814;7183;R3m
18776;7191;Fm-3m
22433;7193;Fm-3m
16037;7195;P4/mmm
30751;7197;P4/mmm
5805;7199;P6/mmm
20934;7200;P6mm
30247;7201;P4/mmm
30750;7208;P4/mmm
20394;7231;Pm-3m
18374;7243;P6/mmm
8477;7245;Fm-3m
31001;7253;Pm-3m
16721;7255;Imma
10401;7257;Pm-3m
10103;7259;Fm-3m
10426;7262;I4/mmm
8282;7263;Fm-3m
17603;7268;P6/mmm
5807;7269;P6/mmm
20679;7274;Fm-3m
10165;7275;P-6m2
11175;7279;Pm-3m
18110;7280;P4/mmm
18378;7281;P4/mmm
8265;7296;Fm-3m
18789;7297;Pmm2
8297;7298;Fm-3m
10102;7302;Fm-3m
18319;7304;Fm-3m
5806;7314;P6/mmm
20929;7320;Pm-3m
10688;7323;I4/mmm
16038;7327;P4/mmm
13946;7337;Fm-3m
22450;7338;P4/mmm
13677;7352;Fm-3m
11906;7353;Fm-3m
22369;7358;Fm-3m
18322;7362;Fm-3m
18105;7363;Fm-3m
13743;7364;P-6m2
18108;7365;Fm-3m
15297;7393;R3m
10693;7395;P6/mmm
8179;7398;P6/mmm
17637;7403;Fm-3m
5847;7404;P6/mmm
17649;7405;Fm-3m
5087;7406;P6/mmm
4570;7418;Fm-3m
5848;7419;P6/mmm
20081;7425;Fm-3m
5539;7427;I4/mmm
14047;7428;P-3m1
3580;7429;F-43m
21461;7450;P-3m1
7530;7476;F-43m
14010;7484;P-6m2
13703;7490;Fm-3m
31022;7493;I4/mmm
17653;7494;Fm-3m
8428;7495;P6/mmm
11966;7507;Fm-3m
22228;7524;Fm-3m
29771;7526;Fm-3m
21472;7537;Fm-3m
14048;7539;R3m
12787;7540;I4/mmm
18102;7544;Fm-3m
28939;7552;Fm-3m
19195;7556;P6/mmm
8476;7564;P6/mmm
8221;7566;P6/mmm
10934;7591;F-43m
10648;7603;P4/mmm
20395;7604;F-43m
8088;7605;R-3m
30512;7607;I4/mmm
6332;7608;R-3m
10968;7612;P6/mmm
8473;7613;P6/mmm
8417;7619;P6/mmm
20427;7623;I41/amd
29197;7624;Fm-3m
13496;7625;P-6m2
10933;7634;F-43m
10738;7635;I4/mmm
8471;7637;P6/mmm
18731;7638;F-43m
26158;7641;F-43m
17411;7643;I4/mmm
17141;7646;P4/mmm
8475;7647;P6/mmm
8296;7649;Fm-3m
3845;7653;P6/mmm
19398;7660;Fm-3m
13991;7662;Fm-3m
13998;7663;Fm-3m
5066;7664;P-3m1
13829;7667;Fm-3m
10166;7668;P-6m2
31278;7669;P6/mmm
28211;7670;I4/mmm
19776;7689;Fm-3m
23364;7693;R-3m
8353;7694;Fm-3m
20918;7695;Pm-3m
30525;7697;P-3m1
27972;7698;I4/mmm
5585;7699;Fm-3m
5073;7700;Fm-3m
5586;7701;Fm-3m
19477;7707;P4/mmm
10987;7710;P6/mmm
17899;7712;Fm-3m
10980;7715;P6/mmm
18682;7716;I4/mmm
21410;7721;P4/mmm
30998;7722;Fm-3m
6063;7724;P6/mmm
7378;7725;F-43m
23310;7734;P4/mmm
13335;7740;F-43m
8210;7741;F-43m
4581;7744;P-3m1
3841;7750;P6/mmm
10918;7759;P4/mmm
14012;7761;P-6m2
18376;7762;F-43m
8085;7770;P63/mmc
18900;7771;I4/mmm
28232;7772;I4/mmm
17417;7774;P6/mmm
30574;7775;F-43m
5113;7777;Fm-3m
19775;7779;P4/mmm
13920;7784;Fm-3m
10697;7787;F-43m
10925;7793;Fm-3m
17426;7795;P4/mmm
19194;7800;P6/mmm
3842;7801;P6/mmm
10726;7809;Fm-3m
14060;7810;I4/mmm
10917;7811;Fm-3m
10674;7812;I4/mmm
10687;7813;I4/mmm
28725;7814;F-43m
18898;7815;F-43m
14056;7818;F-43m
8253;7822;P-6m2
25148;7824;P-3m1
3102;7828;P6/mmm
30779;7834;R-3m
30529;7836;I4/mmm
10691;7838;I4/mmm
17430;7839;P6/mmm
27515;7845;P-3m1
7955;7851;F-43m
10928;7852;Fm-3m
14009;7853;P-6m2
2779;7855;P3m1
10733;7856;I4/mmm
9974;7863;I4/mmm
11315;7864;Fm-3m
28999;7865;I4/mmm
5147;7872;I4/mmm
10721;7874;I4/mmm
18738;7876;F-43m
10718;7878;F-43m
14054;7879;F-43m
14055;7880;F-43m
20796;7884;P4/mmm
8505;7885;P-6m2
8474;7886;P6/mmm
10948;7888;F-43m
5068;7889;R-3m
28235;7891;I4/mmm
3838;7893;P6/mmm
19196;7895;P6/mmm
9973;7897;I4/mmm
6396;7898;P-3m1
31109;7900;I4/mmm
8469;7901;P6/mmm
11032;7902;P6/mmm
10679;7905;I4/mmm
13700;7907;Fm-3m
19121;7908;Fm-3m
8354;7909;Fm-3m
28728;7911;F-43m
17715;7912;I4/mmm
10276;7913;P6/mmm
27299;7915;P6/mmm
30523;7918;P-3m1
31036;7920;R-3m
17398;7921;P6/mmm
8151;7927;P-3m1
31133;7930;C2/m
10545;7931;I4/mmm
31163;7935;R3m
28719;7937;F-43m
18899;7938;F-43m
10716;7939;I4/mmm
7901;7940;I4/mmm
5145;7953;C2/m
4880;7955;R-3m
17219;7958;Cmmm
10788;7963;P6/mmm
8222;7965;P-3m1
18185;7967;Fm-3m
17403;7972;P6/mmm
10732;7975;F-43m
13819;7980;F-43m
17180;7982;P6/mmm
10256;7984;P6/mmm
17447;7986;C2/m
13989;7990;Fm-3m
27949;7991;I4/mmm
10956;7992;F-43m
29783;7994;I4/mmm
3840;7996;P6/mmm
11023;7997;P6/mmm
8501;8002;Fm-3m
21463;8010;Fmmm
17444;8012;P6/mmm
12315;8014;R-3m
10932;8017;F-43m
25430;8018;I4/mmm
4577;8019;I4/mmm
3101;8020;P6/mmm
7680;8022;R3m
2349;8024;R-3m
17485;8025;I4/mmm
10941;8036;F-43m
28727;8037;F-43m
4569;8038;Fm-3m
10723;8039;F-43m
31059;8060;P-3m1
4583;8061;R-3m
25956;8062;R-3m
13817;8064;F-43m
18742;8065;I4/mmm
4090;8067;R-3m
3843;8069;P6/mmm
30622;8071;Fm-3m
18456;8072;Fm-3m
7899;8073;P-6m2
11318;8078;Fm-3m
10949;8082;F-43m
10783;8084;I4/mmm
3098;8085;P6/mmm
30368;8087;P6/mmm
8181;8088;P-3m1
18165;8089;P6/mmm
8492;8090;F-43m
3844;8093;P6/mmm
17186;8094;P6/mmm
3637;8095;R3m
10058;8096;Fm-3m
20830;8097;Fm-3m
10776;8099;F-43m
30349;8100;P6/mmm
17971;8102;I4/mmm
3099;8103;P6/mmm
30362;8104;P6/mmm
7473;8105;P-3m1
21054;8106;P6/mmm
17355;8107;I4/mmm
13477;8108;I4/mmm
13789;8109;P-3m1
10743;8110;F-43m
13374;8112;I4/mmm
11319;8114;Fm-3m
18978;8115;I41/amd
17683;8117;F-43m
11020;8119;P6/mmm
14625;8123;F-43m
16685;8125;C2/m
10784;8126;I4/mmm
4898;8127;R-3m
11326;8128;Cm
4663;8131;Fm-3m
11061;8133;P-6m2
4879;8135;P-3m1
11060;8136;P-6m2
11316;8137;Fm-3m
18972;8145;I41/amd
6104;8147;I4/mmm
10742;8148;F-43m
15433;8153;P-3m1
4179;8154;Fm-3m
18537;8156;F-43m
22603;8159;P3m1
11320;8160;Fm-3m
18001;8161;Fm-3m
10564;8163;Fm-3m
7489;8164;P-3m1
8177;8170;Fm-3m
8441;8179;Cmmm
3846;8181;P6/mmm
29587;8182;P-3m1
10075;8183;Fm-3m
17382;8190;I4/mmm
4343;8191;R-3m
19560;8193;F-43m
1870;8194;P-3m1
10073;8195;Fm-3m
28229;8203;P6/mmm
5084;8204;C2/m
31125;8205;I4/mmm
3100;8206;P6/mmm
23355;8207;P-3m1
10791;8208;F-43m
3747;8213;C2/m
4390;8216;I4/mmm
4391;8217;I4/mmm
17927;8219;P4/mmm
10094;8220;I4/mmm
26209;8222;P-6m2
17213;8223;P6/mmm
3894;8225;Fm-3m
3135;8227;C2/m
10059;8228;Fm-3m
7881;8235;R-3m
30528;8236;P-3m1
18757;8238;F-43m
12890;8239;P-6m2
31058;8243;R-3m
10798;8244;F-43m
14401;8245;C2/m
27587;8247;P6/mmm
10076;8250;Fm-3m
18971;8255;I4/mmm
19825;8260;P6/mmm
30054;8262;C222
20616;8281;P-6m2
14301;8282;P3m1
4571;8283;Fm-3m
4576;8284;I4/mmm
11317;8287;Fm-3m
17984;8293;Immm
6102;8295;Fm-3m
11028;8296;I4/mmm
10804;8299;F-43m
18756;8300;P6/mmm
10574;8306;I4/mmm
23356;8311;P-3m1
18538;8312;F-43m
11029;8316;I4/mmm
7474;8318;P-3m1
10811;8319;I4/mmm
2619;8322;P-3m1
12305;8330;Amm2
30395;8331;F-43m
10055;8333;P-3m1
10845;8349;P6/mmm
3675;8350;P-3m1
23343;8352;Amm2
18005;8357;F-43m
30676;8358;R-3m
21370;8359;P-6m2
19296;8362;P6/mmm
18540;8363;F-43m
21129;8366;Fm-3m
22351;8373;Cmmm
5051;8375;I4/mmm
4925;8377;C222
10089;8381;Fm-3m
21090;8384;P-3m1
20513;8393;Cmmm
10553;8395;Fm-3m
7477;8396;P-3m1
9303;8398;R-3m
21130;8402;Fm-3m
17253;8408;F-43m
7257;8410;Fm-3m
3681;8412;Fm-3m
10096;8418;Fm-3m
7002;8422;Fm-3m
2614;8431;I4/mmm
10098;8433;Fm-3m
3170;8443;R-3m
7536;8444;Fm-3m
20617;8445;P-6m2
13949;8446;F-43m
10883;8449;P6/mmm
8288;8458;Fm-3m
3449;8461;F-43m
30681;8469;Fm-3m
9314;8472;R-3m
5629;8473;Fm-3m
30077;8474;P6/mmm
5657;8475;P-3m1
8052;8481;Fm-3m
10186;8487;P6mm
14057;8489;F-43m
13376;8490;I4/mmm
12351;8492;Fmm2
18536;8499;F-43m
21292;8505;Immm
8332;8506;P6/mmm
13648;8509;R-3m
15462;8510;Fmmm
8061;8514;Fm-3m
14225;8515;P-6m2
10088;8527;Fm-3m
10090;8528;I4/mmm
29046;8540;I4/mmm
20618;8543;P-6m2
8057;8545;F-43m
5762;8547;I4/mmm
13375;8553;I4/mmm
13377;8554;I4/mmm
17743;8555;Immm
6973;8556;Immm
11882;8558;P-3m1
21148;8563;P-6m2
18535;8564;F-43m
10097;8567;Fm-3m
17963;8570;Immm
17497;8572;F-43m
19345;8574;I4/mmm
20470;8582;F-43m
22486;8584;F-43m
30786;8585;R-3m
18163;8586;P6/mmm
17420;8587;C2/m
5631;8588;Fm-3m
13640;8591;P-3m1
18264;8592;F-43m
18539;8593;F-43m
5486;8596;P-3m1
10384;8597;Fm-3m
18857;8605;I4/mmm
14026;8608;R-3m
10338;8612;F-43m
13702;8613;F-43m
6319;8617;C2/m
21149;8619;P-6m2
10131;8632;I4/mmm
19518;8642;I4/mmm
10080;8654;Fm-3m
17784;8655;F-43m
8180;8667;P-6m2
8352;8668;Fm-3m
10911;8674;P6/mmm
13372;8675;I4/mmm
18762;8676;R-3m
30885;8679;P4/mmm
5321;8680;Cm
30790;8681;P-3m1
3097;8683;P6/mmm
25011;8684;C2/m
11875;8685;C2/m
3943;8686;Fm-3m
28749;8699;F-43m
5617;8701;Fm-3m
4091;8703;R-3m
27652;8704;I4/mmm
16513;8720;I4/mmm
10366;8721;I4/mmm
10374;8722;P4/mmm
29938;8726;C222
31222;8729;P6/mmm
5508;8737;F-43m
6792;8739;Fm-3m
3229;8744;I4/mmm
18856;8746;Fm-3m
5780;8747;F-43m
8359;8752;P6/mmm
7549;8754;P-3m1
17990;8760;I4/mmm
18006;8761;F-43m
10111;8762;F-43m
8205;8763;P-3m1
23179;8764;F-43m
3668;8765;I4/mmm
17598;8770;P6/mmm
22213;8774;Cmmm
28759;8775;F-43m
17442;8776;P6/mmm
31232;8779;P6/mmm
23730;8780;P6/mmm
28764;8787;F-43m
4389;8788;I4/mmm
3889;8790;P-3m1
10084;8792;I4/mmm
22651;8793;P3m1
21392;8794;I4/mmm
27633;8795;I4/mmm
5788;8796;R-3m
10677;8798;P4/mmm
13996;8802;Fm-3m
10372;8806;F-43m
13751;8811;I4mm
3506;8816;Immm
2092;8819;Fm-3m
7232;8820;F-43m
21348;8822;Fm-3m
22939;8824;F-43m
6273;8825;R3m
22782;8838;R3m
18890;8842;Pm-3m
13888;8853;I4/mmm
8366;8854;P6/mmm
18123;8856;Pm-3m
27616;8858;I4/mmm
17304;8859;P6/mmm
18204;8864;F-43m
17828;8866;I4/mmm
19369;8867;I4/mmm
17090;8870;Pm-3m
18892;8872;Pm-3m
18837;8875;P6/mmm
18844;8876;P6/mmm
6298;8878;Fm-3m
29730;8880;F-43m
29987;8881;Fm-3m
10680;8882;Pm-3m
17385;8883;F-43m
6949;8884;I4/mmm
10938;8885;Fm-3m
23180;8890;F-43m
18014;8894;P-3m1
15899;8902;F-43m
30948;8904;I4/mmm
28933;8906;P-3m1
20651;8907;I4/mmm
29968;8908;P6/mmm
30646;8911;I4/mmm
11299;8915;P-3m1
22350;8923;I4/mmm
18382;8927;F-43m
30892;8937;I4/mmm
30939;8938;F-43m
17793;8939;F-43m
27647;8940;I4/mmm
28170;8942;I4/mmm
5411;8944;R-3m
10626;8949;I4/mmm
19408;8950;Fm-3m
30883;8955;Fm-3m
5698;8956;Fm-3m
9312;8958;R-3m
13499;8971;R-3m
18125;8973;Pm-3m
17620;8975;Pm-3m
17880;8976;F-43m
23181;8981;F-43m
17611;8983;Fd-3m
17363;8985;Pm-3m
21534;8987;Fm-3m
10117;8991;Fm-3m
18884;8998;Pm-3m
13242;8999;C2/m
12966;9010;P-3m1
18128;9012;Pm-3m
18894;9016;Pm-3m
30926;9017;P4/mmm
29680;9022;I4/mmm
27650;9023;I4/mmm
10141;9024;Fm-3m
15031;9025;F-43m
15032;9026;F-43m
21450;9028;P63/mmc
29715;9040;P6/mmm
17073;9041;I4/mmm
17717;9045;I4/mmm
17622;9046;Pm-3m
17873;9048;Pm-3m
17875;9050;Pm-3m
7011;9051;R3m
30951;9052;I4/mmm
17628;9054;Pm-3m
4765;9056;P6/mmm
6957;9059;P-3m1
20943;9060;Cmcm
18138;9061;Pm-3m
13670;9064;F-43m
19154;9071;Pm-3m
28985;9073;P-3m1
18908;9076;Pm-3m
17288;9077;Fm-3m
3714;9079;R3m
10922;9080;F-43m
17085;9082;P6/mmm
13373;9084;I4/mmm
20689;9086;R-3m
17876;9088;Pm-3m
18132;9089;Pm-3m
18135;9090;Pm-3m
3009;9093;Fm-3m
22246;9124;Pm-3m
3665;9126;I4/mmm
30776;9130;P63mc
20807;9133;C2/m
24109;9138;I4/mmm
13686;9139;I4/mmm
23182;9141;F-43m
28164;9142;I4/mmm
17068;9143;P6/mmm
28185;9144;I4/mmm
7815;9149;P-3m1
10635;9150;I4/mmm
10427;9151;Fm-3m
18385;9152;F-43m
17881;9154;Fm-3m
3010;9155;Fm-3m
18532;9156;R-3m
4464;9161;C2/m
19681;9165;Pm-3m
17624;9169;Pm-3m
13561;9173;C2/m
17712;9175;Immm
17890;9176;Pm-3m
14534;9180;Amm2
17882;9181;F-43m
22245;9182;Pm-3m
5761;9186;I4/mmm
27649;9187;I4/mmm
17884;9190;F-43m
10964;9191;Pm-3m
18187;9288;Fm-3m
11310;9290;R-3m
13752;9293;Imm2
28713;9295;F-43m
17619;9296;I4/mmm
21462;9297;I4/mmm
10950;9299;F-43m
13006;9300;Fmm2
30531;9302;P-3m1
17378;9304;F-43m
5069;9305;I4/mmm
10236;9311;R-3m
23315;9313;P3121
29042;9314;C2/m
5378;9315;P-6m2
21539;9321;Amm2
11026;9322;P-3m1
30091;9324;C2/m
17960;9325;F-43m
28821;9326;I4/mmm
5660;9327;Fm-3m
10792;9328;F-43m
4135;9330;R-3m
29866;9336;C2/m
6963;9337;I4/mmm
2353;9338;C2/m
10818;9340;P-3m1
15700;9342;C2/m
5444;9343;C222
2881;9344;R-3m
3666;9346;I4/mmm
3667;9347;I4/mmm
8032;9348;C2/m
12907;9353;I4/mmm
12141;9356;C2
17794;9357;F-43m
23183;9358;F-43m
28914;9359;I4/mmm
21394;9360;I4mm
28663;9362;I4/mmm
17814;9364;F-43m
17817;9366;F-43m
18334;9370;F-43m
8076;9371;R3m
28932;9374;I4/mmm
14489;9377;P-3m1
19368;9378;I4/mmm
30989;9379;Immm
18859;9380;F-43m
19116;9381;P-3m1
28944;9382;P-3m1
13988;9384;Fm-3m
17849;9387;Immm
10926;9390;F-43m
10927;9391;F-43m
10929;9394;F-43m
4779;9395;Immm
30502;9396;Cmcm
2985;9397;P-1
19653;9400;P-3m1
19909;9401;P-3m1
12727;9403;R-3m
10935;9407;Fm-3m
17351;9408;P63/mmc
18119;9409;Cmcm
17864;9412;Cmcm
28716;9413;P63/mmc
17609;9416;Fm-3m
23507;9420;Fm-3m
30255;9421;Fm-3m
12991;9424;R-3m
18380;9426;Fm-3m
10429;9429;Fm-3m
19405;9431;Cmcm
14531;9433;Amm2
19406;9434;Cmcm
14532;9436;Amm2
18383;9437;Fm-3m
22226;9438;Imm2
30515;9439;Cmcm
14533;9440;Amm2
17616;9441;Fm-3m
20433;9442;P21/m
4794;9444;R-3m
5306;9445;R-3m
10433;9446;Fm-3m
21460;9447;Immm
4795;9448;R-3m
5307;9449;R-3m
10690;9450;P4/nmm
14535;9452;Amm2
18386;9454;Fm-3m
22742;9455;R-3m
10435;9457;Fm-3m
22743;9458;R-3m
30519;9459;Cmcm
4541;9461;R-3m
5309;9462;R-3m
10180;9463;R-3m
10692;9464;P4/mmm
4285;9465;R-3m
17877;9466;Pm-3m
20695;9467;R-3m
21464;9468;Imm2
10438;9469;Fm-3m
17623;9472;Fm-3m
23004;9473;R-3m
10440;9477;Fm-3m
6083;9480;R-3m
5059;9485;R-3m
10698;9487;F-43m
11722;9488;Cmma
21469;9489;Cmcm
5060;9490;C2/m
8137;9491;P63/mmc
10443;9493;Fm-3m
10955;9494;Fm-3m
17883;9495;Fm-3m
28223;9496;Cmcm
17885;9498;Fm-3m
18909;9499;Cmcm
19421;9500;Fm-3m
28225;9502;P4/nmm
28226;9508;Cmcm
10447;9509;Pm-3m
13780;9510;R-3m
5065;9511;P63/mmc
6858;9512;R-3m
10704;9513;Pmma
13781;9514;R-3m
17632;9515;Fm-3m
10961;9518;Fm-3m
13782;9519;C2/m
17889;9520;Fm-3m
19425;9521;P3m1
28998;9524;P4/nmm
29766;9525;Pm-3m
10707;9527;P4/mmm
17379;9528;Fm-3m
17635;9529;Fm-3m
17636;9532;Fm-3m
1994;9533;R3m
14554;9534;C2/m
18149;9535;Pm-3m
26441;9536;Fm-3m
19155;9538;Fm-3m
10710;9539;Fm-3m
3022;9540;R-3m
19431;9542;P63/mmc
22250;9543;P63mc
22507;9544;Cmcm
27979;9545;Pm-3m
3023;9546;R-3m
8150;9547;P63/mmc
3024;9550;R-3m
17897;9551;Pm-3m
10714;9560;Fm-3m
17642;9561;Fm-3m
30031;9568;Pm-3m
7898;9575;R3m
27217;9582;Fm-3m
21731;9687;P4/mmm
21470;9785;Cmcm
17387;9837;Pm-3m
4824;9840;Pm-3m
28215;9879;Cmcm
26968;9880;Pm-3m
18920;9922;Pm-3m
18665;9923;Pm-3m
2012;9925;Fd-3m
18167;9926;Pm-3m
10477;9927;Pm-3m
30308;9988;Pm-3m
17159;9989;Pm-3m
10489;9991;Pm-3m
11003;9992;Pm-3m